file_path,struct_id,atom_id,row_index
/Volumes/LaCie/postdoc_PhLAM/NO_HOPG/data/aimd_nspin_irene_0625_100traj/continue.vaspdata.Ei.0.1.Ts.100.NO.rand.zpe/vasprun-1.xml,1506,0,147588
/Volumes/LaCie/postdoc_PhLAM/NO_HOPG/data/aimd_nspin_irene_0625_100traj/continue.vaspdata.Ei.0.1.Ts.100.NO.rand.zpe/vasprun-1.xml,1507,0,147686
/Volumes/LaCie/postdoc_PhLAM/NO_HOPG/data/aimd_nspin_irene_0625_100traj/continue.vaspdata.Ei.0.1.Ts.100.NO.rand.zpe/vasprun-10.xml,1387,0,283710
/Volumes/LaCie/postdoc_PhLAM/NO_HOPG/data/aimd_nspin_irene_0625_100traj/continue.vaspdata.Ei.0.1.Ts.100.NO.rand.zpe/vasprun-10.xml,1388,0,283808
/Volumes/LaCie/postdoc_PhLAM/NO_HOPG/data/aimd_nspin_irene_0625_100traj/continue.vaspdata.Ei.0.1.Ts.100.NO.rand.zpe/vasprun-10.xml,1389,0,283906
/Volumes/LaCie/postdoc_PhLAM/NO_HOPG/data/aimd_nspin_irene_0625_100traj/continue.vaspdata.Ei.0.1.Ts.100.NO.rand.zpe/vasprun-10.xml,1390,0,284004
/Volumes/LaCie/postdoc_PhLAM/NO_HOPG/data/aimd_nspin_irene_0625_100traj/continue.vaspdata.Ei.0.1.Ts.100.NO.rand.zpe/vasprun-10.xml,1391,0,284102
/Volumes/LaCie/postdoc_PhLAM/NO_HOPG/data/aimd_nspin_irene_0625_100traj/continue.vaspdata.Ei.0.1.Ts.100.NO.rand.zpe/vasprun-10.xml,1392,0,284200
/Volumes/LaCie/postdoc_PhLAM/NO_HOPG/data/aimd_nspin_irene_0625_100traj/continue.vaspdata.Ei.0.1.Ts.100.NO.rand.zpe/vasprun-10.xml,1393,0,284298
/Volumes/LaCie/postdoc_PhLAM/NO_HOPG/data/aimd_nspin_irene_0625_100traj/continue.vaspdata.Ei.0.1.Ts.100.NO.rand.zpe/vasprun-10.xml,1394,0,284396
/Volumes/LaCie/postdoc_PhLAM/NO_HOPG/data/aimd_nspin_irene_0625_100traj/continue.vaspdata.Ei.0.1.Ts.100.NO.rand.zpe/vasprun-10.xml,1395,0,284494
/Volumes/LaCie/postdoc_PhLAM/NO_HOPG/data/aimd_nspin_irene_0625_100traj/continue.vaspdata.Ei.0.1.Ts.100.NO.rand.zpe/vasprun-10.xml,1396,0,284592
/Volumes/LaCie/postdoc_PhLAM/NO_HOPG/data/aimd_nspin_irene_0625_100traj/continue.vaspdata.Ei.0.1.Ts.100.NO.rand.zpe/vasprun-10.xml,1397,0,284690
/Volumes/LaCie/postdoc_PhLAM/NO_HOPG/data/aimd_nspin_irene_0625_100traj/continue.vaspdata.Ei.0.1.Ts.100.NO.rand.zpe/vasprun-10.xml,1398,0,284788
/Volumes/LaCie/postdoc_PhLAM/NO_HOPG/data/aimd_nspin_irene_0625_100traj/continue.vaspdata.Ei.0.1.Ts.100.NO.rand.zpe/vasprun-10.xml,1399,0,284886
/Volumes/LaCie/postdoc_PhLAM/NO_HOPG/data/aimd_nspin_irene_0625_100traj/continue.vaspdata.Ei.0.1.Ts.100.NO.rand.zpe/vasprun-10.xml,1400,0,284984
/Volumes/LaCie/postdoc_PhLAM/NO_HOPG/data/aimd_nspin_irene_0625_100traj/continue.vaspdata.Ei.0.1.Ts.100.NO.rand.zpe/vasprun-10.xml,1401,0,285082
/Volumes/LaCie/postdoc_PhLAM/NO_HOPG/data/aimd_nspin_irene_0625_100traj/continue.vaspdata.Ei.0.1.Ts.100.NO.rand.zpe/vasprun-10.xml,1402,0,285180
/Volumes/LaCie/postdoc_PhLAM/NO_HOPG/data/aimd_nspin_irene_0625_100traj/continue.vaspdata.Ei.0.1.Ts.100.NO.rand.zpe/vasprun-10.xml,1403,0,285278
/Volumes/LaCie/postdoc_PhLAM/NO_HOPG/data/aimd_nspin_irene_0625_100traj/continue.vaspdata.Ei.0.1.Ts.100.NO.rand.zpe/vasprun-10.xml,1404,0,285376
/Volumes/LaCie/postdoc_PhLAM/NO_HOPG/data/aimd_nspin_irene_0625_100traj/continue.vaspdata.Ei.0.1.Ts.100.NO.rand.zpe/vasprun-10.xml,1405,0,285474
/Volumes/LaCie/postdoc_PhLAM/NO_HOPG/data/aimd_nspin_irene_0625_100traj/continue.vaspdata.Ei.0.1.Ts.100.NO.rand.zpe/vasprun-10.xml,1406,0,285572
/Volumes/LaCie/postdoc_PhLAM/NO_HOPG/data/aimd_nspin_irene_0625_100traj/continue.vaspdata.Ei.0.1.Ts.100.NO.rand.zpe/vasprun-10.xml,1407,0,285670
/Volumes/LaCie/postdoc_PhLAM/NO_HOPG/data/aimd_nspin_irene_0625_100traj/continue.vaspdata.Ei.0.1.Ts.100.NO.rand.zpe/vasprun-10.xml,1408,0,285768
/Volumes/LaCie/postdoc_PhLAM/NO_HOPG/data/aimd_nspin_irene_0625_100traj/continue.vaspdata.Ei.0.1.Ts.100.NO.rand.zpe/vasprun-10.xml,1409,0,285866
/Volumes/LaCie/postdoc_PhLAM/NO_HOPG/data/aimd_nspin_irene_0625_100traj/continue.vaspdata.Ei.0.1.Ts.100.NO.rand.zpe/vasprun-10.xml,1410,0,285964
/Volumes/LaCie/postdoc_PhLAM/NO_HOPG/data/aimd_nspin_irene_0625_100traj/continue.vaspdata.Ei.0.1.Ts.100.NO.rand.zpe/vasprun-10.xml,1411,0,286062
/Volumes/LaCie/postdoc_PhLAM/NO_HOPG/data/aimd_nspin_irene_0625_100traj/continue.vaspdata.Ei.0.1.Ts.100.NO.rand.zpe/vasprun-10.xml,1412,0,286160
/Volumes/LaCie/postdoc_PhLAM/NO_HOPG/data/aimd_nspin_irene_0625_100traj/continue.vaspdata.Ei.0.1.Ts.100.NO.rand.zpe/vasprun-10.xml,1413,0,286258
/Volumes/LaCie/postdoc_PhLAM/NO_HOPG/data/aimd_nspin_irene_0625_100traj/continue.vaspdata.Ei.0.1.Ts.100.NO.rand.zpe/vasprun-10.xml,1414,0,286356
/Volumes/LaCie/postdoc_PhLAM/NO_HOPG/data/aimd_nspin_irene_0625_100traj/continue.vaspdata.Ei.0.1.Ts.100.NO.rand.zpe/vasprun-10.xml,1415,0,286454
/Volumes/LaCie/postdoc_PhLAM/NO_HOPG/data/aimd_nspin_irene_0625_100traj/continue.vaspdata.Ei.0.1.Ts.100.NO.rand.zpe/vasprun-10.xml,1416,0,286552
/Volumes/LaCie/postdoc_PhLAM/NO_HOPG/data/aimd_nspin_irene_0625_100traj/continue.vaspdata.Ei.0.1.Ts.100.NO.rand.zpe/vasprun-10.xml,1417,0,286650
/Volumes/LaCie/postdoc_PhLAM/NO_HOPG/data/aimd_nspin_irene_0625_100traj/continue.vaspdata.Ei.0.1.Ts.100.NO.rand.zpe/vasprun-10.xml,1418,0,286748
/Volumes/LaCie/postdoc_PhLAM/NO_HOPG/data/aimd_nspin_irene_0625_100traj/continue.vaspdata.Ei.0.1.Ts.100.NO.rand.zpe/vasprun-10.xml,1419,0,286846
/Volumes/LaCie/postdoc_PhLAM/NO_HOPG/data/aimd_nspin_irene_0625_100traj/continue.vaspdata.Ei.0.1.Ts.100.NO.rand.zpe/vasprun-10.xml,1420,0,286944
/Volumes/LaCie/postdoc_PhLAM/NO_HOPG/data/aimd_nspin_irene_0625_100traj/continue.vaspdata.Ei.0.1.Ts.100.NO.rand.zpe/vasprun-10.xml,1421,0,287042
/Volumes/LaCie/postdoc_PhLAM/NO_HOPG/data/aimd_nspin_irene_0625_100traj/continue.vaspdata.Ei.0.1.Ts.100.NO.rand.zpe/vasprun-10.xml,1422,0,287140
/Volumes/LaCie/postdoc_PhLAM/NO_HOPG/data/aimd_nspin_irene_0625_100traj/continue.vaspdata.Ei.0.1.Ts.100.NO.rand.zpe/vasprun-10.xml,1423,0,287238
/Volumes/LaCie/postdoc_PhLAM/NO_HOPG/data/aimd_nspin_irene_0625_100traj/continue.vaspdata.Ei.0.1.Ts.100.NO.rand.zpe/vasprun-10.xml,1424,0,287336
/Volumes/LaCie/postdoc_PhLAM/NO_HOPG/data/aimd_nspin_irene_0625_100traj/continue.vaspdata.Ei.0.1.Ts.100.NO.rand.zpe/vasprun-10.xml,1425,0,287434
/Volumes/LaCie/postdoc_PhLAM/NO_HOPG/data/aimd_nspin_irene_0625_100traj/continue.vaspdata.Ei.0.1.Ts.100.NO.rand.zpe/vasprun-10.xml,1426,0,287532
/Volumes/LaCie/postdoc_PhLAM/NO_HOPG/data/aimd_nspin_irene_0625_100traj/continue.vaspdata.Ei.0.1.Ts.100.NO.rand.zpe/vasprun-10.xml,1427,0,287630
/Volumes/LaCie/postdoc_PhLAM/NO_HOPG/data/aimd_nspin_irene_0625_100traj/continue.vaspdata.Ei.0.1.Ts.100.NO.rand.zpe/vasprun-10.xml,1428,0,287728
/Volumes/LaCie/postdoc_PhLAM/NO_HOPG/data/aimd_nspin_irene_0625_100traj/continue.vaspdata.Ei.0.1.Ts.100.NO.rand.zpe/vasprun-10.xml,1429,0,287826
/Volumes/LaCie/postdoc_PhLAM/NO_HOPG/data/aimd_nspin_irene_0625_100traj/continue.vaspdata.Ei.0.1.Ts.100.NO.rand.zpe/vasprun-10.xml,1430,0,287924
/Volumes/LaCie/postdoc_PhLAM/NO_HOPG/data/aimd_nspin_irene_0625_100traj/continue.vaspdata.Ei.0.1.Ts.100.NO.rand.zpe/vasprun-10.xml,1431,0,288022
/Volumes/LaCie/postdoc_PhLAM/NO_HOPG/data/aimd_nspin_irene_0625_100traj/continue.vaspdata.Ei.0.1.Ts.100.NO.rand.zpe/vasprun-10.xml,1432,0,288120
/Volumes/LaCie/postdoc_PhLAM/NO_HOPG/data/aimd_nspin_irene_0625_100traj/continue.vaspdata.Ei.0.1.Ts.100.NO.rand.zpe/vasprun-10.xml,1433,0,288218
/Volumes/LaCie/postdoc_PhLAM/NO_HOPG/data/aimd_nspin_irene_0625_100traj/continue.vaspdata.Ei.0.1.Ts.100.NO.rand.zpe/vasprun-10.xml,1434,0,288316
/Volumes/LaCie/postdoc_PhLAM/NO_HOPG/data/aimd_nspin_irene_0625_100traj/continue.vaspdata.Ei.0.1.Ts.100.NO.rand.zpe/vasprun-10.xml,1435,0,288414
/Volumes/LaCie/postdoc_PhLAM/NO_HOPG/data/aimd_nspin_irene_0625_100traj/continue.vaspdata.Ei.0.1.Ts.100.NO.rand.zpe/vasprun-10.xml,1436,0,288512
/Volumes/LaCie/postdoc_PhLAM/NO_HOPG/data/aimd_nspin_irene_0625_100traj/continue.vaspdata.Ei.0.1.Ts.100.NO.rand.zpe/vasprun-10.xml,1437,0,288610
/Volumes/LaCie/postdoc_PhLAM/NO_HOPG/data/aimd_nspin_irene_0625_100traj/continue.vaspdata.Ei.0.1.Ts.100.NO.rand.zpe/vasprun-100.xml,334,0,321930
/Volumes/LaCie/postdoc_PhLAM/NO_HOPG/data/aimd_nspin_irene_0625_100traj/continue.vaspdata.Ei.0.1.Ts.100.NO.rand.zpe/vasprun-100.xml,335,0,322028
/Volumes/LaCie/postdoc_PhLAM/NO_HOPG/data/aimd_nspin_irene_0625_100traj/continue.vaspdata.Ei.0.1.Ts.100.NO.rand.zpe/vasprun-100.xml,336,0,322126
/Volumes/LaCie/postdoc_PhLAM/NO_HOPG/data/aimd_nspin_irene_0625_100traj/continue.vaspdata.Ei.0.1.Ts.100.NO.rand.zpe/vasprun-100.xml,337,0,322224
/Volumes/LaCie/postdoc_PhLAM/NO_HOPG/data/aimd_nspin_irene_0625_100traj/continue.vaspdata.Ei.0.1.Ts.100.NO.rand.zpe/vasprun-100.xml,338,0,322322
/Volumes/LaCie/postdoc_PhLAM/NO_HOPG/data/aimd_nspin_irene_0625_100traj/continue.vaspdata.Ei.0.1.Ts.100.NO.rand.zpe/vasprun-100.xml,339,0,322420
/Volumes/LaCie/postdoc_PhLAM/NO_HOPG/data/aimd_nspin_irene_0625_100traj/continue.vaspdata.Ei.0.1.Ts.100.NO.rand.zpe/vasprun-100.xml,340,0,322518
/Volumes/LaCie/postdoc_PhLAM/NO_HOPG/data/aimd_nspin_irene_0625_100traj/continue.vaspdata.Ei.0.1.Ts.100.NO.rand.zpe/vasprun-100.xml,341,0,322616
/Volumes/LaCie/postdoc_PhLAM/NO_HOPG/data/aimd_nspin_irene_0625_100traj/continue.vaspdata.Ei.0.1.Ts.100.NO.rand.zpe/vasprun-100.xml,342,0,322714
/Volumes/LaCie/postdoc_PhLAM/NO_HOPG/data/aimd_nspin_irene_0625_100traj/continue.vaspdata.Ei.0.1.Ts.100.NO.rand.zpe/vasprun-100.xml,343,0,322812
/Volumes/LaCie/postdoc_PhLAM/NO_HOPG/data/aimd_nspin_irene_0625_100traj/continue.vaspdata.Ei.0.1.Ts.100.NO.rand.zpe/vasprun-100.xml,344,0,322910
/Volumes/LaCie/postdoc_PhLAM/NO_HOPG/data/aimd_nspin_irene_0625_100traj/continue.vaspdata.Ei.0.1.Ts.100.NO.rand.zpe/vasprun-100.xml,345,0,323008
/Volumes/LaCie/postdoc_PhLAM/NO_HOPG/data/aimd_nspin_irene_0625_100traj/continue.vaspdata.Ei.0.1.Ts.100.NO.rand.zpe/vasprun-100.xml,346,0,323106
/Volumes/LaCie/postdoc_PhLAM/NO_HOPG/data/aimd_nspin_irene_0625_100traj/continue.vaspdata.Ei.0.1.Ts.100.NO.rand.zpe/vasprun-100.xml,347,0,323204
/Volumes/LaCie/postdoc_PhLAM/NO_HOPG/data/aimd_nspin_irene_0625_100traj/continue.vaspdata.Ei.0.1.Ts.100.NO.rand.zpe/vasprun-100.xml,348,0,323302
/Volumes/LaCie/postdoc_PhLAM/NO_HOPG/data/aimd_nspin_irene_0625_100traj/continue.vaspdata.Ei.0.1.Ts.100.NO.rand.zpe/vasprun-100.xml,349,0,323400
/Volumes/LaCie/postdoc_PhLAM/NO_HOPG/data/aimd_nspin_irene_0625_100traj/continue.vaspdata.Ei.0.1.Ts.100.NO.rand.zpe/vasprun-100.xml,350,0,323498
/Volumes/LaCie/postdoc_PhLAM/NO_HOPG/data/aimd_nspin_irene_0625_100traj/continue.vaspdata.Ei.0.1.Ts.100.NO.rand.zpe/vasprun-100.xml,351,0,323596
/Volumes/LaCie/postdoc_PhLAM/NO_HOPG/data/aimd_nspin_irene_0625_100traj/continue.vaspdata.Ei.0.1.Ts.100.NO.rand.zpe/vasprun-100.xml,352,0,323694
/Volumes/LaCie/postdoc_PhLAM/NO_HOPG/data/aimd_nspin_irene_0625_100traj/continue.vaspdata.Ei.0.1.Ts.100.NO.rand.zpe/vasprun-100.xml,353,0,323792
/Volumes/LaCie/postdoc_PhLAM/NO_HOPG/data/aimd_nspin_irene_0625_100traj/continue.vaspdata.Ei.0.1.Ts.100.NO.rand.zpe/vasprun-100.xml,354,0,323890
/Volumes/LaCie/postdoc_PhLAM/NO_HOPG/data/aimd_nspin_irene_0625_100traj/continue.vaspdata.Ei.0.1.Ts.100.NO.rand.zpe/vasprun-100.xml,355,0,323988
/Volumes/LaCie/postdoc_PhLAM/NO_HOPG/data/aimd_nspin_irene_0625_100traj/continue.vaspdata.Ei.0.1.Ts.100.NO.rand.zpe/vasprun-100.xml,356,0,324086
/Volumes/LaCie/postdoc_PhLAM/NO_HOPG/data/aimd_nspin_irene_0625_100traj/continue.vaspdata.Ei.0.1.Ts.100.NO.rand.zpe/vasprun-100.xml,357,0,324184
/Volumes/LaCie/postdoc_PhLAM/NO_HOPG/data/aimd_nspin_irene_0625_100traj/continue.vaspdata.Ei.0.1.Ts.100.NO.rand.zpe/vasprun-100.xml,358,0,324282
/Volumes/LaCie/postdoc_PhLAM/NO_HOPG/data/aimd_nspin_irene_0625_100traj/continue.vaspdata.Ei.0.1.Ts.100.NO.rand.zpe/vasprun-100.xml,359,0,324380
/Volumes/LaCie/postdoc_PhLAM/NO_HOPG/data/aimd_nspin_irene_0625_100traj/continue.vaspdata.Ei.0.1.Ts.100.NO.rand.zpe/vasprun-100.xml,360,0,324478
/Volumes/LaCie/postdoc_PhLAM/NO_HOPG/data/aimd_nspin_irene_0625_100traj/continue.vaspdata.Ei.0.1.Ts.100.NO.rand.zpe/vasprun-100.xml,361,0,324576
/Volumes/LaCie/postdoc_PhLAM/NO_HOPG/data/aimd_nspin_irene_0625_100traj/continue.vaspdata.Ei.0.1.Ts.100.NO.rand.zpe/vasprun-100.xml,362,0,324674
/Volumes/LaCie/postdoc_PhLAM/NO_HOPG/data/aimd_nspin_irene_0625_100traj/continue.vaspdata.Ei.0.1.Ts.100.NO.rand.zpe/vasprun-100.xml,363,0,324772
/Volumes/LaCie/postdoc_PhLAM/NO_HOPG/data/aimd_nspin_irene_0625_100traj/continue.vaspdata.Ei.0.1.Ts.100.NO.rand.zpe/vasprun-100.xml,364,0,324870
/Volumes/LaCie/postdoc_PhLAM/NO_HOPG/data/aimd_nspin_irene_0625_100traj/continue.vaspdata.Ei.0.1.Ts.100.NO.rand.zpe/vasprun-100.xml,365,0,324968
/Volumes/LaCie/postdoc_PhLAM/NO_HOPG/data/aimd_nspin_irene_0625_100traj/continue.vaspdata.Ei.0.1.Ts.100.NO.rand.zpe/vasprun-100.xml,366,0,325066
/Volumes/LaCie/postdoc_PhLAM/NO_HOPG/data/aimd_nspin_irene_0625_100traj/continue.vaspdata.Ei.0.1.Ts.100.NO.rand.zpe/vasprun-100.xml,367,0,325164
/Volumes/LaCie/postdoc_PhLAM/NO_HOPG/data/aimd_nspin_irene_0625_100traj/continue.vaspdata.Ei.0.1.Ts.100.NO.rand.zpe/vasprun-100.xml,368,0,325262
/Volumes/LaCie/postdoc_PhLAM/NO_HOPG/data/aimd_nspin_irene_0625_100traj/continue.vaspdata.Ei.0.1.Ts.100.NO.rand.zpe/vasprun-100.xml,369,0,325360
/Volumes/LaCie/postdoc_PhLAM/NO_HOPG/data/aimd_nspin_irene_0625_100traj/continue.vaspdata.Ei.0.1.Ts.100.NO.rand.zpe/vasprun-100.xml,370,0,325458
/Volumes/LaCie/postdoc_PhLAM/NO_HOPG/data/aimd_nspin_irene_0625_100traj/continue.vaspdata.Ei.0.1.Ts.100.NO.rand.zpe/vasprun-100.xml,371,0,325556
/Volumes/LaCie/postdoc_PhLAM/NO_HOPG/data/aimd_nspin_irene_0625_100traj/continue.vaspdata.Ei.0.1.Ts.100.NO.rand.zpe/vasprun-100.xml,372,0,325654
/Volumes/LaCie/postdoc_PhLAM/NO_HOPG/data/aimd_nspin_irene_0625_100traj/continue.vaspdata.Ei.0.1.Ts.100.NO.rand.zpe/vasprun-100.xml,373,0,325752
/Volumes/LaCie/postdoc_PhLAM/NO_HOPG/data/aimd_nspin_irene_0625_100traj/continue.vaspdata.Ei.0.1.Ts.100.NO.rand.zpe/vasprun-100.xml,374,0,325850
/Volumes/LaCie/postdoc_PhLAM/NO_HOPG/data/aimd_nspin_irene_0625_100traj/continue.vaspdata.Ei.0.1.Ts.100.NO.rand.zpe/vasprun-100.xml,375,0,325948
/Volumes/LaCie/postdoc_PhLAM/NO_HOPG/data/aimd_nspin_irene_0625_100traj/continue.vaspdata.Ei.0.1.Ts.100.NO.rand.zpe/vasprun-100.xml,376,0,326046
/Volumes/LaCie/postdoc_PhLAM/NO_HOPG/data/aimd_nspin_irene_0625_100traj/continue.vaspdata.Ei.0.1.Ts.100.NO.rand.zpe/vasprun-100.xml,377,0,326144
/Volumes/LaCie/postdoc_PhLAM/NO_HOPG/data/aimd_nspin_irene_0625_100traj/continue.vaspdata.Ei.0.1.Ts.100.NO.rand.zpe/vasprun-100.xml,378,0,326242
/Volumes/LaCie/postdoc_PhLAM/NO_HOPG/data/aimd_nspin_irene_0625_100traj/continue.vaspdata.Ei.0.1.Ts.100.NO.rand.zpe/vasprun-100.xml,379,0,326340
/Volumes/LaCie/postdoc_PhLAM/NO_HOPG/data/aimd_nspin_irene_0625_100traj/continue.vaspdata.Ei.0.1.Ts.100.NO.rand.zpe/vasprun-100.xml,380,0,326438
/Volumes/LaCie/postdoc_PhLAM/NO_HOPG/data/aimd_nspin_irene_0625_100traj/continue.vaspdata.Ei.0.1.Ts.100.NO.rand.zpe/vasprun-100.xml,381,0,326536
/Volumes/LaCie/postdoc_PhLAM/NO_HOPG/data/aimd_nspin_irene_0625_100traj/continue.vaspdata.Ei.0.1.Ts.100.NO.rand.zpe/vasprun-100.xml,382,0,326634
/Volumes/LaCie/postdoc_PhLAM/NO_HOPG/data/aimd_nspin_irene_0625_100traj/continue.vaspdata.Ei.0.1.Ts.100.NO.rand.zpe/vasprun-100.xml,383,0,326732
/Volumes/LaCie/postdoc_PhLAM/NO_HOPG/data/aimd_nspin_irene_0625_100traj/continue.vaspdata.Ei.0.1.Ts.100.NO.rand.zpe/vasprun-100.xml,384,0,326830
/Volumes/LaCie/postdoc_PhLAM/NO_HOPG/data/aimd_nspin_irene_0625_100traj/continue.vaspdata.Ei.0.1.Ts.100.NO.rand.zpe/vasprun-100.xml,385,0,326928
/Volumes/LaCie/postdoc_PhLAM/NO_HOPG/data/aimd_nspin_irene_0625_100traj/continue.vaspdata.Ei.0.1.Ts.100.NO.rand.zpe/vasprun-100.xml,386,0,327026
/Volumes/LaCie/postdoc_PhLAM/NO_HOPG/data/aimd_nspin_irene_0625_100traj/continue.vaspdata.Ei.0.1.Ts.100.NO.rand.zpe/vasprun-100.xml,387,0,327124
/Volumes/LaCie/postdoc_PhLAM/NO_HOPG/data/aimd_nspin_irene_0625_100traj/continue.vaspdata.Ei.0.1.Ts.100.NO.rand.zpe/vasprun-100.xml,388,0,327222
/Volumes/LaCie/postdoc_PhLAM/NO_HOPG/data/aimd_nspin_irene_0625_100traj/continue.vaspdata.Ei.0.1.Ts.100.NO.rand.zpe/vasprun-100.xml,389,0,327320
/Volumes/LaCie/postdoc_PhLAM/NO_HOPG/data/aimd_nspin_irene_0625_100traj/continue.vaspdata.Ei.0.1.Ts.100.NO.rand.zpe/vasprun-100.xml,390,0,327418
/Volumes/LaCie/postdoc_PhLAM/NO_HOPG/data/aimd_nspin_irene_0625_100traj/continue.vaspdata.Ei.0.1.Ts.100.NO.rand.zpe/vasprun-100.xml,391,0,327516
/Volumes/LaCie/postdoc_PhLAM/NO_HOPG/data/aimd_nspin_irene_0625_100traj/continue.vaspdata.Ei.0.1.Ts.100.NO.rand.zpe/vasprun-100.xml,392,0,327614
/Volumes/LaCie/postdoc_PhLAM/NO_HOPG/data/aimd_nspin_irene_0625_100traj/continue.vaspdata.Ei.0.1.Ts.100.NO.rand.zpe/vasprun-100.xml,393,0,327712
/Volumes/LaCie/postdoc_PhLAM/NO_HOPG/data/aimd_nspin_irene_0625_100traj/continue.vaspdata.Ei.0.1.Ts.100.NO.rand.zpe/vasprun-13.xml,514,0,695506
/Volumes/LaCie/postdoc_PhLAM/NO_HOPG/data/aimd_nspin_irene_0625_100traj/continue.vaspdata.Ei.0.1.Ts.100.NO.rand.zpe/vasprun-13.xml,515,0,695604
/Volumes/LaCie/postdoc_PhLAM/NO_HOPG/data/aimd_nspin_irene_0625_100traj/continue.vaspdata.Ei.0.1.Ts.100.NO.rand.zpe/vasprun-13.xml,516,0,695702
/Volumes/LaCie/postdoc_PhLAM/NO_HOPG/data/aimd_nspin_irene_0625_100traj/continue.vaspdata.Ei.0.1.Ts.100.NO.rand.zpe/vasprun-13.xml,517,0,695800
/Volumes/LaCie/postdoc_PhLAM/NO_HOPG/data/aimd_nspin_irene_0625_100traj/continue.vaspdata.Ei.0.1.Ts.100.NO.rand.zpe/vasprun-13.xml,518,0,695898
/Volumes/LaCie/postdoc_PhLAM/NO_HOPG/data/aimd_nspin_irene_0625_100traj/continue.vaspdata.Ei.0.1.Ts.100.NO.rand.zpe/vasprun-13.xml,519,0,695996
/Volumes/LaCie/postdoc_PhLAM/NO_HOPG/data/aimd_nspin_irene_0625_100traj/continue.vaspdata.Ei.0.1.Ts.100.NO.rand.zpe/vasprun-13.xml,520,0,696094
/Volumes/LaCie/postdoc_PhLAM/NO_HOPG/data/aimd_nspin_irene_0625_100traj/continue.vaspdata.Ei.0.1.Ts.100.NO.rand.zpe/vasprun-13.xml,521,0,696192
/Volumes/LaCie/postdoc_PhLAM/NO_HOPG/data/aimd_nspin_irene_0625_100traj/continue.vaspdata.Ei.0.1.Ts.100.NO.rand.zpe/vasprun-13.xml,522,0,696290
/Volumes/LaCie/postdoc_PhLAM/NO_HOPG/data/aimd_nspin_irene_0625_100traj/continue.vaspdata.Ei.0.1.Ts.100.NO.rand.zpe/vasprun-13.xml,523,0,696388
/Volumes/LaCie/postdoc_PhLAM/NO_HOPG/data/aimd_nspin_irene_0625_100traj/continue.vaspdata.Ei.0.1.Ts.100.NO.rand.zpe/vasprun-13.xml,524,0,696486
/Volumes/LaCie/postdoc_PhLAM/NO_HOPG/data/aimd_nspin_irene_0625_100traj/continue.vaspdata.Ei.0.1.Ts.100.NO.rand.zpe/vasprun-13.xml,525,0,696584
/Volumes/LaCie/postdoc_PhLAM/NO_HOPG/data/aimd_nspin_irene_0625_100traj/continue.vaspdata.Ei.0.1.Ts.100.NO.rand.zpe/vasprun-13.xml,526,0,696682
/Volumes/LaCie/postdoc_PhLAM/NO_HOPG/data/aimd_nspin_irene_0625_100traj/continue.vaspdata.Ei.0.1.Ts.100.NO.rand.zpe/vasprun-13.xml,527,0,696780
/Volumes/LaCie/postdoc_PhLAM/NO_HOPG/data/aimd_nspin_irene_0625_100traj/continue.vaspdata.Ei.0.1.Ts.100.NO.rand.zpe/vasprun-13.xml,528,0,696878
/Volumes/LaCie/postdoc_PhLAM/NO_HOPG/data/aimd_nspin_irene_0625_100traj/continue.vaspdata.Ei.0.1.Ts.100.NO.rand.zpe/vasprun-13.xml,529,0,696976
/Volumes/LaCie/postdoc_PhLAM/NO_HOPG/data/aimd_nspin_irene_0625_100traj/continue.vaspdata.Ei.0.1.Ts.100.NO.rand.zpe/vasprun-13.xml,530,0,697074
/Volumes/LaCie/postdoc_PhLAM/NO_HOPG/data/aimd_nspin_irene_0625_100traj/continue.vaspdata.Ei.0.1.Ts.100.NO.rand.zpe/vasprun-13.xml,531,0,697172
/Volumes/LaCie/postdoc_PhLAM/NO_HOPG/data/aimd_nspin_irene_0625_100traj/continue.vaspdata.Ei.0.1.Ts.100.NO.rand.zpe/vasprun-13.xml,532,0,697270
/Volumes/LaCie/postdoc_PhLAM/NO_HOPG/data/aimd_nspin_irene_0625_100traj/continue.vaspdata.Ei.0.1.Ts.100.NO.rand.zpe/vasprun-13.xml,533,0,697368
/Volumes/LaCie/postdoc_PhLAM/NO_HOPG/data/aimd_nspin_irene_0625_100traj/continue.vaspdata.Ei.0.1.Ts.100.NO.rand.zpe/vasprun-13.xml,534,0,697466
/Volumes/LaCie/postdoc_PhLAM/NO_HOPG/data/aimd_nspin_irene_0625_100traj/continue.vaspdata.Ei.0.1.Ts.100.NO.rand.zpe/vasprun-13.xml,535,0,697564
/Volumes/LaCie/postdoc_PhLAM/NO_HOPG/data/aimd_nspin_irene_0625_100traj/continue.vaspdata.Ei.0.1.Ts.100.NO.rand.zpe/vasprun-13.xml,536,0,697662
/Volumes/LaCie/postdoc_PhLAM/NO_HOPG/data/aimd_nspin_irene_0625_100traj/continue.vaspdata.Ei.0.1.Ts.100.NO.rand.zpe/vasprun-13.xml,537,0,697760
/Volumes/LaCie/postdoc_PhLAM/NO_HOPG/data/aimd_nspin_irene_0625_100traj/continue.vaspdata.Ei.0.1.Ts.100.NO.rand.zpe/vasprun-13.xml,538,0,697858
/Volumes/LaCie/postdoc_PhLAM/NO_HOPG/data/aimd_nspin_irene_0625_100traj/continue.vaspdata.Ei.0.1.Ts.100.NO.rand.zpe/vasprun-13.xml,539,0,697956
/Volumes/LaCie/postdoc_PhLAM/NO_HOPG/data/aimd_nspin_irene_0625_100traj/continue.vaspdata.Ei.0.1.Ts.100.NO.rand.zpe/vasprun-13.xml,540,0,698054
/Volumes/LaCie/postdoc_PhLAM/NO_HOPG/data/aimd_nspin_irene_0625_100traj/continue.vaspdata.Ei.0.1.Ts.100.NO.rand.zpe/vasprun-13.xml,541,0,698152
/Volumes/LaCie/postdoc_PhLAM/NO_HOPG/data/aimd_nspin_irene_0625_100traj/continue.vaspdata.Ei.0.1.Ts.100.NO.rand.zpe/vasprun-13.xml,542,0,698250
/Volumes/LaCie/postdoc_PhLAM/NO_HOPG/data/aimd_nspin_irene_0625_100traj/continue.vaspdata.Ei.0.1.Ts.100.NO.rand.zpe/vasprun-13.xml,543,0,698348
/Volumes/LaCie/postdoc_PhLAM/NO_HOPG/data/aimd_nspin_irene_0625_100traj/continue.vaspdata.Ei.0.1.Ts.100.NO.rand.zpe/vasprun-13.xml,544,0,698446
/Volumes/LaCie/postdoc_PhLAM/NO_HOPG/data/aimd_nspin_irene_0625_100traj/continue.vaspdata.Ei.0.1.Ts.100.NO.rand.zpe/vasprun-13.xml,545,0,698544
/Volumes/LaCie/postdoc_PhLAM/NO_HOPG/data/aimd_nspin_irene_0625_100traj/continue.vaspdata.Ei.0.1.Ts.100.NO.rand.zpe/vasprun-13.xml,546,0,698642
/Volumes/LaCie/postdoc_PhLAM/NO_HOPG/data/aimd_nspin_irene_0625_100traj/continue.vaspdata.Ei.0.1.Ts.100.NO.rand.zpe/vasprun-13.xml,547,0,698740
/Volumes/LaCie/postdoc_PhLAM/NO_HOPG/data/aimd_nspin_irene_0625_100traj/continue.vaspdata.Ei.0.1.Ts.100.NO.rand.zpe/vasprun-13.xml,548,0,698838
/Volumes/LaCie/postdoc_PhLAM/NO_HOPG/data/aimd_nspin_irene_0625_100traj/continue.vaspdata.Ei.0.1.Ts.100.NO.rand.zpe/vasprun-13.xml,549,0,698936
/Volumes/LaCie/postdoc_PhLAM/NO_HOPG/data/aimd_nspin_irene_0625_100traj/continue.vaspdata.Ei.0.1.Ts.100.NO.rand.zpe/vasprun-13.xml,550,0,699034
/Volumes/LaCie/postdoc_PhLAM/NO_HOPG/data/aimd_nspin_irene_0625_100traj/continue.vaspdata.Ei.0.1.Ts.100.NO.rand.zpe/vasprun-13.xml,551,0,699132
/Volumes/LaCie/postdoc_PhLAM/NO_HOPG/data/aimd_nspin_irene_0625_100traj/continue.vaspdata.Ei.0.1.Ts.100.NO.rand.zpe/vasprun-13.xml,552,0,699230
/Volumes/LaCie/postdoc_PhLAM/NO_HOPG/data/aimd_nspin_irene_0625_100traj/continue.vaspdata.Ei.0.1.Ts.100.NO.rand.zpe/vasprun-13.xml,553,0,699328
/Volumes/LaCie/postdoc_PhLAM/NO_HOPG/data/aimd_nspin_irene_0625_100traj/continue.vaspdata.Ei.0.1.Ts.100.NO.rand.zpe/vasprun-13.xml,554,0,699426
/Volumes/LaCie/postdoc_PhLAM/NO_HOPG/data/aimd_nspin_irene_0625_100traj/continue.vaspdata.Ei.0.1.Ts.100.NO.rand.zpe/vasprun-13.xml,555,0,699524
/Volumes/LaCie/postdoc_PhLAM/NO_HOPG/data/aimd_nspin_irene_0625_100traj/continue.vaspdata.Ei.0.1.Ts.100.NO.rand.zpe/vasprun-13.xml,556,0,699622
/Volumes/LaCie/postdoc_PhLAM/NO_HOPG/data/aimd_nspin_irene_0625_100traj/continue.vaspdata.Ei.0.1.Ts.100.NO.rand.zpe/vasprun-13.xml,557,0,699720
/Volumes/LaCie/postdoc_PhLAM/NO_HOPG/data/aimd_nspin_irene_0625_100traj/continue.vaspdata.Ei.0.1.Ts.100.NO.rand.zpe/vasprun-13.xml,558,0,699818
/Volumes/LaCie/postdoc_PhLAM/NO_HOPG/data/aimd_nspin_irene_0625_100traj/continue.vaspdata.Ei.0.1.Ts.100.NO.rand.zpe/vasprun-13.xml,559,0,699916
/Volumes/LaCie/postdoc_PhLAM/NO_HOPG/data/aimd_nspin_irene_0625_100traj/continue.vaspdata.Ei.0.1.Ts.100.NO.rand.zpe/vasprun-13.xml,560,0,700014
/Volumes/LaCie/postdoc_PhLAM/NO_HOPG/data/aimd_nspin_irene_0625_100traj/continue.vaspdata.Ei.0.1.Ts.100.NO.rand.zpe/vasprun-13.xml,561,0,700112
/Volumes/LaCie/postdoc_PhLAM/NO_HOPG/data/aimd_nspin_irene_0625_100traj/continue.vaspdata.Ei.0.1.Ts.100.NO.rand.zpe/vasprun-13.xml,562,0,700210
/Volumes/LaCie/postdoc_PhLAM/NO_HOPG/data/aimd_nspin_irene_0625_100traj/continue.vaspdata.Ei.0.1.Ts.100.NO.rand.zpe/vasprun-13.xml,563,0,700308
/Volumes/LaCie/postdoc_PhLAM/NO_HOPG/data/aimd_nspin_irene_0625_100traj/continue.vaspdata.Ei.0.1.Ts.100.NO.rand.zpe/vasprun-13.xml,564,0,700406
/Volumes/LaCie/postdoc_PhLAM/NO_HOPG/data/aimd_nspin_irene_0625_100traj/continue.vaspdata.Ei.0.1.Ts.100.NO.rand.zpe/vasprun-13.xml,565,0,700504
/Volumes/LaCie/postdoc_PhLAM/NO_HOPG/data/aimd_nspin_irene_0625_100traj/continue.vaspdata.Ei.0.1.Ts.100.NO.rand.zpe/vasprun-13.xml,566,0,700602
/Volumes/LaCie/postdoc_PhLAM/NO_HOPG/data/aimd_nspin_irene_0625_100traj/continue.vaspdata.Ei.0.1.Ts.100.NO.rand.zpe/vasprun-13.xml,567,0,700700
/Volumes/LaCie/postdoc_PhLAM/NO_HOPG/data/aimd_nspin_irene_0625_100traj/continue.vaspdata.Ei.0.1.Ts.100.NO.rand.zpe/vasprun-13.xml,568,0,700798
/Volumes/LaCie/postdoc_PhLAM/NO_HOPG/data/aimd_nspin_irene_0625_100traj/continue.vaspdata.Ei.0.1.Ts.100.NO.rand.zpe/vasprun-13.xml,569,0,700896
/Volumes/LaCie/postdoc_PhLAM/NO_HOPG/data/aimd_nspin_irene_0625_100traj/continue.vaspdata.Ei.0.1.Ts.100.NO.rand.zpe/vasprun-13.xml,570,0,700994
/Volumes/LaCie/postdoc_PhLAM/NO_HOPG/data/aimd_nspin_irene_0625_100traj/continue.vaspdata.Ei.0.1.Ts.100.NO.rand.zpe/vasprun-13.xml,571,0,701092
/Volumes/LaCie/postdoc_PhLAM/NO_HOPG/data/aimd_nspin_irene_0625_100traj/continue.vaspdata.Ei.0.1.Ts.100.NO.rand.zpe/vasprun-13.xml,572,0,701190
/Volumes/LaCie/postdoc_PhLAM/NO_HOPG/data/aimd_nspin_irene_0625_100traj/continue.vaspdata.Ei.0.1.Ts.100.NO.rand.zpe/vasprun-13.xml,573,0,701288
/Volumes/LaCie/postdoc_PhLAM/NO_HOPG/data/aimd_nspin_irene_0625_100traj/continue.vaspdata.Ei.0.1.Ts.100.NO.rand.zpe/vasprun-13.xml,574,0,701386
/Volumes/LaCie/postdoc_PhLAM/NO_HOPG/data/aimd_nspin_irene_0625_100traj/continue.vaspdata.Ei.0.1.Ts.100.NO.rand.zpe/vasprun-13.xml,575,0,701484
/Volumes/LaCie/postdoc_PhLAM/NO_HOPG/data/aimd_nspin_irene_0625_100traj/continue.vaspdata.Ei.0.1.Ts.100.NO.rand.zpe/vasprun-13.xml,576,0,701582
/Volumes/LaCie/postdoc_PhLAM/NO_HOPG/data/aimd_nspin_irene_0625_100traj/continue.vaspdata.Ei.0.1.Ts.100.NO.rand.zpe/vasprun-13.xml,577,0,701680
/Volumes/LaCie/postdoc_PhLAM/NO_HOPG/data/aimd_nspin_irene_0625_100traj/continue.vaspdata.Ei.0.1.Ts.100.NO.rand.zpe/vasprun-13.xml,578,0,701778
/Volumes/LaCie/postdoc_PhLAM/NO_HOPG/data/aimd_nspin_irene_0625_100traj/continue.vaspdata.Ei.0.1.Ts.100.NO.rand.zpe/vasprun-13.xml,579,0,701876
/Volumes/LaCie/postdoc_PhLAM/NO_HOPG/data/aimd_nspin_irene_0625_100traj/continue.vaspdata.Ei.0.1.Ts.100.NO.rand.zpe/vasprun-13.xml,580,0,701974
/Volumes/LaCie/postdoc_PhLAM/NO_HOPG/data/aimd_nspin_irene_0625_100traj/continue.vaspdata.Ei.0.1.Ts.100.NO.rand.zpe/vasprun-13.xml,581,0,702072
/Volumes/LaCie/postdoc_PhLAM/NO_HOPG/data/aimd_nspin_irene_0625_100traj/continue.vaspdata.Ei.0.1.Ts.100.NO.rand.zpe/vasprun-13.xml,582,0,702170
/Volumes/LaCie/postdoc_PhLAM/NO_HOPG/data/aimd_nspin_irene_0625_100traj/continue.vaspdata.Ei.0.1.Ts.100.NO.rand.zpe/vasprun-14.xml,193,1,821829
/Volumes/LaCie/postdoc_PhLAM/NO_HOPG/data/aimd_nspin_irene_0625_100traj/continue.vaspdata.Ei.0.1.Ts.100.NO.rand.zpe/vasprun-14.xml,194,1,821927
/Volumes/LaCie/postdoc_PhLAM/NO_HOPG/data/aimd_nspin_irene_0625_100traj/continue.vaspdata.Ei.0.1.Ts.100.NO.rand.zpe/vasprun-14.xml,195,1,822025
/Volumes/LaCie/postdoc_PhLAM/NO_HOPG/data/aimd_nspin_irene_0625_100traj/continue.vaspdata.Ei.0.1.Ts.100.NO.rand.zpe/vasprun-14.xml,196,1,822123
/Volumes/LaCie/postdoc_PhLAM/NO_HOPG/data/aimd_nspin_irene_0625_100traj/continue.vaspdata.Ei.0.1.Ts.100.NO.rand.zpe/vasprun-14.xml,197,1,822221
/Volumes/LaCie/postdoc_PhLAM/NO_HOPG/data/aimd_nspin_irene_0625_100traj/continue.vaspdata.Ei.0.1.Ts.100.NO.rand.zpe/vasprun-14.xml,198,1,822319
/Volumes/LaCie/postdoc_PhLAM/NO_HOPG/data/aimd_nspin_irene_0625_100traj/continue.vaspdata.Ei.0.1.Ts.100.NO.rand.zpe/vasprun-14.xml,199,1,822417
/Volumes/LaCie/postdoc_PhLAM/NO_HOPG/data/aimd_nspin_irene_0625_100traj/continue.vaspdata.Ei.0.1.Ts.100.NO.rand.zpe/vasprun-14.xml,200,1,822515
/Volumes/LaCie/postdoc_PhLAM/NO_HOPG/data/aimd_nspin_irene_0625_100traj/continue.vaspdata.Ei.0.1.Ts.100.NO.rand.zpe/vasprun-15.xml,1586,1,1122297
/Volumes/LaCie/postdoc_PhLAM/NO_HOPG/data/aimd_nspin_irene_0625_100traj/continue.vaspdata.Ei.0.1.Ts.100.NO.rand.zpe/vasprun-15.xml,1587,1,1122395
/Volumes/LaCie/postdoc_PhLAM/NO_HOPG/data/aimd_nspin_irene_0625_100traj/continue.vaspdata.Ei.0.1.Ts.100.NO.rand.zpe/vasprun-15.xml,1588,1,1122493
/Volumes/LaCie/postdoc_PhLAM/NO_HOPG/data/aimd_nspin_irene_0625_100traj/continue.vaspdata.Ei.0.1.Ts.100.NO.rand.zpe/vasprun-15.xml,1589,1,1122591
/Volumes/LaCie/postdoc_PhLAM/NO_HOPG/data/aimd_nspin_irene_0625_100traj/continue.vaspdata.Ei.0.1.Ts.100.NO.rand.zpe/vasprun-15.xml,1590,1,1122689
/Volumes/LaCie/postdoc_PhLAM/NO_HOPG/data/aimd_nspin_irene_0625_100traj/continue.vaspdata.Ei.0.1.Ts.100.NO.rand.zpe/vasprun-15.xml,1591,1,1122787
/Volumes/LaCie/postdoc_PhLAM/NO_HOPG/data/aimd_nspin_irene_0625_100traj/continue.vaspdata.Ei.0.1.Ts.100.NO.rand.zpe/vasprun-15.xml,1592,1,1122885
/Volumes/LaCie/postdoc_PhLAM/NO_HOPG/data/aimd_nspin_irene_0625_100traj/continue.vaspdata.Ei.0.1.Ts.100.NO.rand.zpe/vasprun-15.xml,1593,1,1122983
/Volumes/LaCie/postdoc_PhLAM/NO_HOPG/data/aimd_nspin_irene_0625_100traj/continue.vaspdata.Ei.0.1.Ts.100.NO.rand.zpe/vasprun-16.xml,25,0,1127882
/Volumes/LaCie/postdoc_PhLAM/NO_HOPG/data/aimd_nspin_irene_0625_100traj/continue.vaspdata.Ei.0.1.Ts.100.NO.rand.zpe/vasprun-16.xml,26,0,1127980
/Volumes/LaCie/postdoc_PhLAM/NO_HOPG/data/aimd_nspin_irene_0625_100traj/continue.vaspdata.Ei.0.1.Ts.100.NO.rand.zpe/vasprun-16.xml,27,0,1128078
/Volumes/LaCie/postdoc_PhLAM/NO_HOPG/data/aimd_nspin_irene_0625_100traj/continue.vaspdata.Ei.0.1.Ts.100.NO.rand.zpe/vasprun-16.xml,34,0,1128764
/Volumes/LaCie/postdoc_PhLAM/NO_HOPG/data/aimd_nspin_irene_0625_100traj/continue.vaspdata.Ei.0.1.Ts.100.NO.rand.zpe/vasprun-16.xml,35,0,1128862
/Volumes/LaCie/postdoc_PhLAM/NO_HOPG/data/aimd_nspin_irene_0625_100traj/continue.vaspdata.Ei.0.1.Ts.100.NO.rand.zpe/vasprun-16.xml,36,0,1128960
/Volumes/LaCie/postdoc_PhLAM/NO_HOPG/data/aimd_nspin_irene_0625_100traj/continue.vaspdata.Ei.0.1.Ts.100.NO.rand.zpe/vasprun-16.xml,37,0,1129058
/Volumes/LaCie/postdoc_PhLAM/NO_HOPG/data/aimd_nspin_irene_0625_100traj/continue.vaspdata.Ei.0.1.Ts.100.NO.rand.zpe/vasprun-16.xml,38,0,1129156
/Volumes/LaCie/postdoc_PhLAM/NO_HOPG/data/aimd_nspin_irene_0625_100traj/continue.vaspdata.Ei.0.1.Ts.100.NO.rand.zpe/vasprun-16.xml,39,0,1129254
/Volumes/LaCie/postdoc_PhLAM/NO_HOPG/data/aimd_nspin_irene_0625_100traj/continue.vaspdata.Ei.0.1.Ts.100.NO.rand.zpe/vasprun-16.xml,40,0,1129352
/Volumes/LaCie/postdoc_PhLAM/NO_HOPG/data/aimd_nspin_irene_0625_100traj/continue.vaspdata.Ei.0.1.Ts.100.NO.rand.zpe/vasprun-16.xml,41,0,1129450
/Volumes/LaCie/postdoc_PhLAM/NO_HOPG/data/aimd_nspin_irene_0625_100traj/continue.vaspdata.Ei.0.1.Ts.100.NO.rand.zpe/vasprun-16.xml,42,0,1129548
/Volumes/LaCie/postdoc_PhLAM/NO_HOPG/data/aimd_nspin_irene_0625_100traj/continue.vaspdata.Ei.0.1.Ts.100.NO.rand.zpe/vasprun-16.xml,43,0,1129646
/Volumes/LaCie/postdoc_PhLAM/NO_HOPG/data/aimd_nspin_irene_0625_100traj/continue.vaspdata.Ei.0.1.Ts.100.NO.rand.zpe/vasprun-16.xml,44,0,1129744
/Volumes/LaCie/postdoc_PhLAM/NO_HOPG/data/aimd_nspin_irene_0625_100traj/continue.vaspdata.Ei.0.1.Ts.100.NO.rand.zpe/vasprun-16.xml,45,0,1129842
/Volumes/LaCie/postdoc_PhLAM/NO_HOPG/data/aimd_nspin_irene_0625_100traj/continue.vaspdata.Ei.0.1.Ts.100.NO.rand.zpe/vasprun-16.xml,46,0,1129940
/Volumes/LaCie/postdoc_PhLAM/NO_HOPG/data/aimd_nspin_irene_0625_100traj/continue.vaspdata.Ei.0.1.Ts.100.NO.rand.zpe/vasprun-16.xml,47,0,1130038
/Volumes/LaCie/postdoc_PhLAM/NO_HOPG/data/aimd_nspin_irene_0625_100traj/continue.vaspdata.Ei.0.1.Ts.100.NO.rand.zpe/vasprun-16.xml,48,0,1130136
/Volumes/LaCie/postdoc_PhLAM/NO_HOPG/data/aimd_nspin_irene_0625_100traj/continue.vaspdata.Ei.0.1.Ts.100.NO.rand.zpe/vasprun-16.xml,49,0,1130234
/Volumes/LaCie/postdoc_PhLAM/NO_HOPG/data/aimd_nspin_irene_0625_100traj/continue.vaspdata.Ei.0.1.Ts.100.NO.rand.zpe/vasprun-16.xml,50,0,1130332
/Volumes/LaCie/postdoc_PhLAM/NO_HOPG/data/aimd_nspin_irene_0625_100traj/continue.vaspdata.Ei.0.1.Ts.100.NO.rand.zpe/vasprun-16.xml,51,0,1130430
/Volumes/LaCie/postdoc_PhLAM/NO_HOPG/data/aimd_nspin_irene_0625_100traj/continue.vaspdata.Ei.0.1.Ts.100.NO.rand.zpe/vasprun-16.xml,52,0,1130528
/Volumes/LaCie/postdoc_PhLAM/NO_HOPG/data/aimd_nspin_irene_0625_100traj/continue.vaspdata.Ei.0.1.Ts.100.NO.rand.zpe/vasprun-16.xml,53,0,1130626
/Volumes/LaCie/postdoc_PhLAM/NO_HOPG/data/aimd_nspin_irene_0625_100traj/continue.vaspdata.Ei.0.1.Ts.100.NO.rand.zpe/vasprun-16.xml,54,0,1130724
/Volumes/LaCie/postdoc_PhLAM/NO_HOPG/data/aimd_nspin_irene_0625_100traj/continue.vaspdata.Ei.0.1.Ts.100.NO.rand.zpe/vasprun-16.xml,55,0,1130822
/Volumes/LaCie/postdoc_PhLAM/NO_HOPG/data/aimd_nspin_irene_0625_100traj/continue.vaspdata.Ei.0.1.Ts.100.NO.rand.zpe/vasprun-16.xml,56,0,1130920
/Volumes/LaCie/postdoc_PhLAM/NO_HOPG/data/aimd_nspin_irene_0625_100traj/continue.vaspdata.Ei.0.1.Ts.100.NO.rand.zpe/vasprun-16.xml,57,0,1131018
/Volumes/LaCie/postdoc_PhLAM/NO_HOPG/data/aimd_nspin_irene_0625_100traj/continue.vaspdata.Ei.0.1.Ts.100.NO.rand.zpe/vasprun-16.xml,58,0,1131116
/Volumes/LaCie/postdoc_PhLAM/NO_HOPG/data/aimd_nspin_irene_0625_100traj/continue.vaspdata.Ei.0.1.Ts.100.NO.rand.zpe/vasprun-16.xml,59,0,1131214
/Volumes/LaCie/postdoc_PhLAM/NO_HOPG/data/aimd_nspin_irene_0625_100traj/continue.vaspdata.Ei.0.1.Ts.100.NO.rand.zpe/vasprun-16.xml,60,0,1131312
/Volumes/LaCie/postdoc_PhLAM/NO_HOPG/data/aimd_nspin_irene_0625_100traj/continue.vaspdata.Ei.0.1.Ts.100.NO.rand.zpe/vasprun-16.xml,61,0,1131410
/Volumes/LaCie/postdoc_PhLAM/NO_HOPG/data/aimd_nspin_irene_0625_100traj/continue.vaspdata.Ei.0.1.Ts.100.NO.rand.zpe/vasprun-16.xml,62,0,1131508
/Volumes/LaCie/postdoc_PhLAM/NO_HOPG/data/aimd_nspin_irene_0625_100traj/continue.vaspdata.Ei.0.1.Ts.100.NO.rand.zpe/vasprun-16.xml,63,0,1131606
/Volumes/LaCie/postdoc_PhLAM/NO_HOPG/data/aimd_nspin_irene_0625_100traj/continue.vaspdata.Ei.0.1.Ts.100.NO.rand.zpe/vasprun-16.xml,64,0,1131704
/Volumes/LaCie/postdoc_PhLAM/NO_HOPG/data/aimd_nspin_irene_0625_100traj/continue.vaspdata.Ei.0.1.Ts.100.NO.rand.zpe/vasprun-16.xml,65,0,1131802
/Volumes/LaCie/postdoc_PhLAM/NO_HOPG/data/aimd_nspin_irene_0625_100traj/continue.vaspdata.Ei.0.1.Ts.100.NO.rand.zpe/vasprun-16.xml,66,0,1131900
/Volumes/LaCie/postdoc_PhLAM/NO_HOPG/data/aimd_nspin_irene_0625_100traj/continue.vaspdata.Ei.0.1.Ts.100.NO.rand.zpe/vasprun-18.xml,695,0,1490776
/Volumes/LaCie/postdoc_PhLAM/NO_HOPG/data/aimd_nspin_irene_0625_100traj/continue.vaspdata.Ei.0.1.Ts.100.NO.rand.zpe/vasprun-18.xml,696,0,1490874
/Volumes/LaCie/postdoc_PhLAM/NO_HOPG/data/aimd_nspin_irene_0625_100traj/continue.vaspdata.Ei.0.1.Ts.100.NO.rand.zpe/vasprun-18.xml,697,0,1490972
/Volumes/LaCie/postdoc_PhLAM/NO_HOPG/data/aimd_nspin_irene_0625_100traj/continue.vaspdata.Ei.0.1.Ts.100.NO.rand.zpe/vasprun-18.xml,698,0,1491070
/Volumes/LaCie/postdoc_PhLAM/NO_HOPG/data/aimd_nspin_irene_0625_100traj/continue.vaspdata.Ei.0.1.Ts.100.NO.rand.zpe/vasprun-18.xml,699,0,1491168
/Volumes/LaCie/postdoc_PhLAM/NO_HOPG/data/aimd_nspin_irene_0625_100traj/continue.vaspdata.Ei.0.1.Ts.100.NO.rand.zpe/vasprun-18.xml,700,0,1491266
/Volumes/LaCie/postdoc_PhLAM/NO_HOPG/data/aimd_nspin_irene_0625_100traj/continue.vaspdata.Ei.0.1.Ts.100.NO.rand.zpe/vasprun-18.xml,701,0,1491364
/Volumes/LaCie/postdoc_PhLAM/NO_HOPG/data/aimd_nspin_irene_0625_100traj/continue.vaspdata.Ei.0.1.Ts.100.NO.rand.zpe/vasprun-18.xml,702,0,1491462
/Volumes/LaCie/postdoc_PhLAM/NO_HOPG/data/aimd_nspin_irene_0625_100traj/continue.vaspdata.Ei.0.1.Ts.100.NO.rand.zpe/vasprun-18.xml,703,0,1491560
/Volumes/LaCie/postdoc_PhLAM/NO_HOPG/data/aimd_nspin_irene_0625_100traj/continue.vaspdata.Ei.0.1.Ts.100.NO.rand.zpe/vasprun-18.xml,704,0,1491658
/Volumes/LaCie/postdoc_PhLAM/NO_HOPG/data/aimd_nspin_irene_0625_100traj/continue.vaspdata.Ei.0.1.Ts.100.NO.rand.zpe/vasprun-18.xml,705,0,1491756
/Volumes/LaCie/postdoc_PhLAM/NO_HOPG/data/aimd_nspin_irene_0625_100traj/continue.vaspdata.Ei.0.1.Ts.100.NO.rand.zpe/vasprun-18.xml,706,0,1491854
/Volumes/LaCie/postdoc_PhLAM/NO_HOPG/data/aimd_nspin_irene_0625_100traj/continue.vaspdata.Ei.0.1.Ts.100.NO.rand.zpe/vasprun-18.xml,707,0,1491952
/Volumes/LaCie/postdoc_PhLAM/NO_HOPG/data/aimd_nspin_irene_0625_100traj/continue.vaspdata.Ei.0.1.Ts.100.NO.rand.zpe/vasprun-18.xml,708,0,1492050
/Volumes/LaCie/postdoc_PhLAM/NO_HOPG/data/aimd_nspin_irene_0625_100traj/continue.vaspdata.Ei.0.1.Ts.100.NO.rand.zpe/vasprun-18.xml,709,0,1492148
/Volumes/LaCie/postdoc_PhLAM/NO_HOPG/data/aimd_nspin_irene_0625_100traj/continue.vaspdata.Ei.0.1.Ts.100.NO.rand.zpe/vasprun-18.xml,710,0,1492246
/Volumes/LaCie/postdoc_PhLAM/NO_HOPG/data/aimd_nspin_irene_0625_100traj/continue.vaspdata.Ei.0.1.Ts.100.NO.rand.zpe/vasprun-18.xml,711,0,1492344
/Volumes/LaCie/postdoc_PhLAM/NO_HOPG/data/aimd_nspin_irene_0625_100traj/continue.vaspdata.Ei.0.1.Ts.100.NO.rand.zpe/vasprun-18.xml,712,0,1492442
/Volumes/LaCie/postdoc_PhLAM/NO_HOPG/data/aimd_nspin_irene_0625_100traj/continue.vaspdata.Ei.0.1.Ts.100.NO.rand.zpe/vasprun-18.xml,713,0,1492540
/Volumes/LaCie/postdoc_PhLAM/NO_HOPG/data/aimd_nspin_irene_0625_100traj/continue.vaspdata.Ei.0.1.Ts.100.NO.rand.zpe/vasprun-18.xml,714,0,1492638
/Volumes/LaCie/postdoc_PhLAM/NO_HOPG/data/aimd_nspin_irene_0625_100traj/continue.vaspdata.Ei.0.1.Ts.100.NO.rand.zpe/vasprun-18.xml,715,0,1492736
/Volumes/LaCie/postdoc_PhLAM/NO_HOPG/data/aimd_nspin_irene_0625_100traj/continue.vaspdata.Ei.0.1.Ts.100.NO.rand.zpe/vasprun-18.xml,716,0,1492834
/Volumes/LaCie/postdoc_PhLAM/NO_HOPG/data/aimd_nspin_irene_0625_100traj/continue.vaspdata.Ei.0.1.Ts.100.NO.rand.zpe/vasprun-18.xml,717,0,1492932
/Volumes/LaCie/postdoc_PhLAM/NO_HOPG/data/aimd_nspin_irene_0625_100traj/continue.vaspdata.Ei.0.1.Ts.100.NO.rand.zpe/vasprun-18.xml,718,0,1493030
/Volumes/LaCie/postdoc_PhLAM/NO_HOPG/data/aimd_nspin_irene_0625_100traj/continue.vaspdata.Ei.0.1.Ts.100.NO.rand.zpe/vasprun-18.xml,719,0,1493128
/Volumes/LaCie/postdoc_PhLAM/NO_HOPG/data/aimd_nspin_irene_0625_100traj/continue.vaspdata.Ei.0.1.Ts.100.NO.rand.zpe/vasprun-18.xml,720,0,1493226
/Volumes/LaCie/postdoc_PhLAM/NO_HOPG/data/aimd_nspin_irene_0625_100traj/continue.vaspdata.Ei.0.1.Ts.100.NO.rand.zpe/vasprun-18.xml,721,0,1493324
/Volumes/LaCie/postdoc_PhLAM/NO_HOPG/data/aimd_nspin_irene_0625_100traj/continue.vaspdata.Ei.0.1.Ts.100.NO.rand.zpe/vasprun-18.xml,722,0,1493422
/Volumes/LaCie/postdoc_PhLAM/NO_HOPG/data/aimd_nspin_irene_0625_100traj/continue.vaspdata.Ei.0.1.Ts.100.NO.rand.zpe/vasprun-18.xml,723,0,1493520
/Volumes/LaCie/postdoc_PhLAM/NO_HOPG/data/aimd_nspin_irene_0625_100traj/continue.vaspdata.Ei.0.1.Ts.100.NO.rand.zpe/vasprun-18.xml,724,0,1493618
/Volumes/LaCie/postdoc_PhLAM/NO_HOPG/data/aimd_nspin_irene_0625_100traj/continue.vaspdata.Ei.0.1.Ts.100.NO.rand.zpe/vasprun-18.xml,725,0,1493716
/Volumes/LaCie/postdoc_PhLAM/NO_HOPG/data/aimd_nspin_irene_0625_100traj/continue.vaspdata.Ei.0.1.Ts.100.NO.rand.zpe/vasprun-18.xml,726,0,1493814
/Volumes/LaCie/postdoc_PhLAM/NO_HOPG/data/aimd_nspin_irene_0625_100traj/continue.vaspdata.Ei.0.1.Ts.100.NO.rand.zpe/vasprun-18.xml,727,0,1493912
/Volumes/LaCie/postdoc_PhLAM/NO_HOPG/data/aimd_nspin_irene_0625_100traj/continue.vaspdata.Ei.0.1.Ts.100.NO.rand.zpe/vasprun-18.xml,728,0,1494010
/Volumes/LaCie/postdoc_PhLAM/NO_HOPG/data/aimd_nspin_irene_0625_100traj/continue.vaspdata.Ei.0.1.Ts.100.NO.rand.zpe/vasprun-18.xml,729,0,1494108
/Volumes/LaCie/postdoc_PhLAM/NO_HOPG/data/aimd_nspin_irene_0625_100traj/continue.vaspdata.Ei.0.1.Ts.100.NO.rand.zpe/vasprun-18.xml,730,0,1494206
/Volumes/LaCie/postdoc_PhLAM/NO_HOPG/data/aimd_nspin_irene_0625_100traj/continue.vaspdata.Ei.0.1.Ts.100.NO.rand.zpe/vasprun-18.xml,731,0,1494304
/Volumes/LaCie/postdoc_PhLAM/NO_HOPG/data/aimd_nspin_irene_0625_100traj/continue.vaspdata.Ei.0.1.Ts.100.NO.rand.zpe/vasprun-18.xml,732,0,1494402
/Volumes/LaCie/postdoc_PhLAM/NO_HOPG/data/aimd_nspin_irene_0625_100traj/continue.vaspdata.Ei.0.1.Ts.100.NO.rand.zpe/vasprun-18.xml,733,0,1494500
/Volumes/LaCie/postdoc_PhLAM/NO_HOPG/data/aimd_nspin_irene_0625_100traj/continue.vaspdata.Ei.0.1.Ts.100.NO.rand.zpe/vasprun-18.xml,734,0,1494598
/Volumes/LaCie/postdoc_PhLAM/NO_HOPG/data/aimd_nspin_irene_0625_100traj/continue.vaspdata.Ei.0.1.Ts.100.NO.rand.zpe/vasprun-18.xml,738,0,1494990
/Volumes/LaCie/postdoc_PhLAM/NO_HOPG/data/aimd_nspin_irene_0625_100traj/continue.vaspdata.Ei.0.1.Ts.100.NO.rand.zpe/vasprun-18.xml,739,0,1495088
/Volumes/LaCie/postdoc_PhLAM/NO_HOPG/data/aimd_nspin_irene_0625_100traj/continue.vaspdata.Ei.0.1.Ts.100.NO.rand.zpe/vasprun-18.xml,740,0,1495186
/Volumes/LaCie/postdoc_PhLAM/NO_HOPG/data/aimd_nspin_irene_0625_100traj/continue.vaspdata.Ei.0.1.Ts.100.NO.rand.zpe/vasprun-18.xml,741,0,1495284
/Volumes/LaCie/postdoc_PhLAM/NO_HOPG/data/aimd_nspin_irene_0625_100traj/continue.vaspdata.Ei.0.1.Ts.100.NO.rand.zpe/vasprun-18.xml,742,0,1495382
/Volumes/LaCie/postdoc_PhLAM/NO_HOPG/data/aimd_nspin_irene_0625_100traj/continue.vaspdata.Ei.0.1.Ts.100.NO.rand.zpe/vasprun-18.xml,743,0,1495480
/Volumes/LaCie/postdoc_PhLAM/NO_HOPG/data/aimd_nspin_irene_0625_100traj/continue.vaspdata.Ei.0.1.Ts.100.NO.rand.zpe/vasprun-18.xml,744,0,1495578
/Volumes/LaCie/postdoc_PhLAM/NO_HOPG/data/aimd_nspin_irene_0625_100traj/continue.vaspdata.Ei.0.1.Ts.100.NO.rand.zpe/vasprun-18.xml,745,0,1495676
/Volumes/LaCie/postdoc_PhLAM/NO_HOPG/data/aimd_nspin_irene_0625_100traj/continue.vaspdata.Ei.0.1.Ts.100.NO.rand.zpe/vasprun-18.xml,746,0,1495774
/Volumes/LaCie/postdoc_PhLAM/NO_HOPG/data/aimd_nspin_irene_0625_100traj/continue.vaspdata.Ei.0.1.Ts.100.NO.rand.zpe/vasprun-18.xml,747,0,1495872
/Volumes/LaCie/postdoc_PhLAM/NO_HOPG/data/aimd_nspin_irene_0625_100traj/continue.vaspdata.Ei.0.1.Ts.100.NO.rand.zpe/vasprun-18.xml,748,0,1495970
/Volumes/LaCie/postdoc_PhLAM/NO_HOPG/data/aimd_nspin_irene_0625_100traj/continue.vaspdata.Ei.0.1.Ts.100.NO.rand.zpe/vasprun-18.xml,749,0,1496068
/Volumes/LaCie/postdoc_PhLAM/NO_HOPG/data/aimd_nspin_irene_0625_100traj/continue.vaspdata.Ei.0.1.Ts.100.NO.rand.zpe/vasprun-18.xml,750,0,1496166
/Volumes/LaCie/postdoc_PhLAM/NO_HOPG/data/aimd_nspin_irene_0625_100traj/continue.vaspdata.Ei.0.1.Ts.100.NO.rand.zpe/vasprun-18.xml,751,0,1496264
/Volumes/LaCie/postdoc_PhLAM/NO_HOPG/data/aimd_nspin_irene_0625_100traj/continue.vaspdata.Ei.0.1.Ts.100.NO.rand.zpe/vasprun-18.xml,752,0,1496362
/Volumes/LaCie/postdoc_PhLAM/NO_HOPG/data/aimd_nspin_irene_0625_100traj/continue.vaspdata.Ei.0.1.Ts.100.NO.rand.zpe/vasprun-18.xml,753,0,1496460
/Volumes/LaCie/postdoc_PhLAM/NO_HOPG/data/aimd_nspin_irene_0625_100traj/continue.vaspdata.Ei.0.1.Ts.100.NO.rand.zpe/vasprun-18.xml,754,0,1496558
/Volumes/LaCie/postdoc_PhLAM/NO_HOPG/data/aimd_nspin_irene_0625_100traj/continue.vaspdata.Ei.0.1.Ts.100.NO.rand.zpe/vasprun-18.xml,755,0,1496656
/Volumes/LaCie/postdoc_PhLAM/NO_HOPG/data/aimd_nspin_irene_0625_100traj/continue.vaspdata.Ei.0.1.Ts.100.NO.rand.zpe/vasprun-18.xml,756,0,1496754
/Volumes/LaCie/postdoc_PhLAM/NO_HOPG/data/aimd_nspin_irene_0625_100traj/continue.vaspdata.Ei.0.1.Ts.100.NO.rand.zpe/vasprun-18.xml,757,0,1496852
/Volumes/LaCie/postdoc_PhLAM/NO_HOPG/data/aimd_nspin_irene_0625_100traj/continue.vaspdata.Ei.0.1.Ts.100.NO.rand.zpe/vasprun-18.xml,758,0,1496950
/Volumes/LaCie/postdoc_PhLAM/NO_HOPG/data/aimd_nspin_irene_0625_100traj/continue.vaspdata.Ei.0.1.Ts.100.NO.rand.zpe/vasprun-18.xml,759,0,1497048
/Volumes/LaCie/postdoc_PhLAM/NO_HOPG/data/aimd_nspin_irene_0625_100traj/continue.vaspdata.Ei.0.1.Ts.100.NO.rand.zpe/vasprun-18.xml,760,0,1497146
/Volumes/LaCie/postdoc_PhLAM/NO_HOPG/data/aimd_nspin_irene_0625_100traj/continue.vaspdata.Ei.0.1.Ts.100.NO.rand.zpe/vasprun-18.xml,761,0,1497244
/Volumes/LaCie/postdoc_PhLAM/NO_HOPG/data/aimd_nspin_irene_0625_100traj/continue.vaspdata.Ei.0.1.Ts.100.NO.rand.zpe/vasprun-18.xml,762,0,1497342
/Volumes/LaCie/postdoc_PhLAM/NO_HOPG/data/aimd_nspin_irene_0625_100traj/continue.vaspdata.Ei.0.1.Ts.100.NO.rand.zpe/vasprun-18.xml,763,0,1497440
/Volumes/LaCie/postdoc_PhLAM/NO_HOPG/data/aimd_nspin_irene_0625_100traj/continue.vaspdata.Ei.0.1.Ts.100.NO.rand.zpe/vasprun-18.xml,764,0,1497538
/Volumes/LaCie/postdoc_PhLAM/NO_HOPG/data/aimd_nspin_irene_0625_100traj/continue.vaspdata.Ei.0.1.Ts.100.NO.rand.zpe/vasprun-18.xml,765,0,1497636
/Volumes/LaCie/postdoc_PhLAM/NO_HOPG/data/aimd_nspin_irene_0625_100traj/continue.vaspdata.Ei.0.1.Ts.100.NO.rand.zpe/vasprun-18.xml,766,0,1497734
/Volumes/LaCie/postdoc_PhLAM/NO_HOPG/data/aimd_nspin_irene_0625_100traj/continue.vaspdata.Ei.0.1.Ts.100.NO.rand.zpe/vasprun-18.xml,767,0,1497832
/Volumes/LaCie/postdoc_PhLAM/NO_HOPG/data/aimd_nspin_irene_0625_100traj/continue.vaspdata.Ei.0.1.Ts.100.NO.rand.zpe/vasprun-18.xml,768,0,1497930
/Volumes/LaCie/postdoc_PhLAM/NO_HOPG/data/aimd_nspin_irene_0625_100traj/continue.vaspdata.Ei.0.1.Ts.100.NO.rand.zpe/vasprun-18.xml,769,0,1498028
/Volumes/LaCie/postdoc_PhLAM/NO_HOPG/data/aimd_nspin_irene_0625_100traj/continue.vaspdata.Ei.0.1.Ts.100.NO.rand.zpe/vasprun-18.xml,770,0,1498126
/Volumes/LaCie/postdoc_PhLAM/NO_HOPG/data/aimd_nspin_irene_0625_100traj/continue.vaspdata.Ei.0.1.Ts.100.NO.rand.zpe/vasprun-18.xml,771,0,1498224
/Volumes/LaCie/postdoc_PhLAM/NO_HOPG/data/aimd_nspin_irene_0625_100traj/continue.vaspdata.Ei.0.1.Ts.100.NO.rand.zpe/vasprun-18.xml,772,0,1498322
/Volumes/LaCie/postdoc_PhLAM/NO_HOPG/data/aimd_nspin_irene_0625_100traj/continue.vaspdata.Ei.0.1.Ts.100.NO.rand.zpe/vasprun-18.xml,773,0,1498420
/Volumes/LaCie/postdoc_PhLAM/NO_HOPG/data/aimd_nspin_irene_0625_100traj/continue.vaspdata.Ei.0.1.Ts.100.NO.rand.zpe/vasprun-18.xml,774,0,1498518
/Volumes/LaCie/postdoc_PhLAM/NO_HOPG/data/aimd_nspin_irene_0625_100traj/continue.vaspdata.Ei.0.1.Ts.100.NO.rand.zpe/vasprun-18.xml,775,0,1498616
/Volumes/LaCie/postdoc_PhLAM/NO_HOPG/data/aimd_nspin_irene_0625_100traj/continue.vaspdata.Ei.0.1.Ts.100.NO.rand.zpe/vasprun-18.xml,776,0,1498714
/Volumes/LaCie/postdoc_PhLAM/NO_HOPG/data/aimd_nspin_irene_0625_100traj/continue.vaspdata.Ei.0.1.Ts.100.NO.rand.zpe/vasprun-20.xml,286,0,1778994
/Volumes/LaCie/postdoc_PhLAM/NO_HOPG/data/aimd_nspin_irene_0625_100traj/continue.vaspdata.Ei.0.1.Ts.100.NO.rand.zpe/vasprun-20.xml,287,0,1779092
/Volumes/LaCie/postdoc_PhLAM/NO_HOPG/data/aimd_nspin_irene_0625_100traj/continue.vaspdata.Ei.0.1.Ts.100.NO.rand.zpe/vasprun-20.xml,288,0,1779190
/Volumes/LaCie/postdoc_PhLAM/NO_HOPG/data/aimd_nspin_irene_0625_100traj/continue.vaspdata.Ei.0.1.Ts.100.NO.rand.zpe/vasprun-20.xml,289,0,1779288
/Volumes/LaCie/postdoc_PhLAM/NO_HOPG/data/aimd_nspin_irene_0625_100traj/continue.vaspdata.Ei.0.1.Ts.100.NO.rand.zpe/vasprun-20.xml,290,0,1779386
/Volumes/LaCie/postdoc_PhLAM/NO_HOPG/data/aimd_nspin_irene_0625_100traj/continue.vaspdata.Ei.0.1.Ts.100.NO.rand.zpe/vasprun-20.xml,291,0,1779484
/Volumes/LaCie/postdoc_PhLAM/NO_HOPG/data/aimd_nspin_irene_0625_100traj/continue.vaspdata.Ei.0.1.Ts.100.NO.rand.zpe/vasprun-20.xml,292,0,1779582
/Volumes/LaCie/postdoc_PhLAM/NO_HOPG/data/aimd_nspin_irene_0625_100traj/continue.vaspdata.Ei.0.1.Ts.100.NO.rand.zpe/vasprun-20.xml,293,0,1779680
/Volumes/LaCie/postdoc_PhLAM/NO_HOPG/data/aimd_nspin_irene_0625_100traj/continue.vaspdata.Ei.0.1.Ts.100.NO.rand.zpe/vasprun-20.xml,294,0,1779778
/Volumes/LaCie/postdoc_PhLAM/NO_HOPG/data/aimd_nspin_irene_0625_100traj/continue.vaspdata.Ei.0.1.Ts.100.NO.rand.zpe/vasprun-20.xml,295,0,1779876
/Volumes/LaCie/postdoc_PhLAM/NO_HOPG/data/aimd_nspin_irene_0625_100traj/continue.vaspdata.Ei.0.1.Ts.100.NO.rand.zpe/vasprun-20.xml,296,0,1779974
/Volumes/LaCie/postdoc_PhLAM/NO_HOPG/data/aimd_nspin_irene_0625_100traj/continue.vaspdata.Ei.0.1.Ts.100.NO.rand.zpe/vasprun-20.xml,297,0,1780072
/Volumes/LaCie/postdoc_PhLAM/NO_HOPG/data/aimd_nspin_irene_0625_100traj/continue.vaspdata.Ei.0.1.Ts.100.NO.rand.zpe/vasprun-20.xml,298,0,1780170
/Volumes/LaCie/postdoc_PhLAM/NO_HOPG/data/aimd_nspin_irene_0625_100traj/continue.vaspdata.Ei.0.1.Ts.100.NO.rand.zpe/vasprun-20.xml,299,0,1780268
/Volumes/LaCie/postdoc_PhLAM/NO_HOPG/data/aimd_nspin_irene_0625_100traj/continue.vaspdata.Ei.0.1.Ts.100.NO.rand.zpe/vasprun-20.xml,300,0,1780366
/Volumes/LaCie/postdoc_PhLAM/NO_HOPG/data/aimd_nspin_irene_0625_100traj/continue.vaspdata.Ei.0.1.Ts.100.NO.rand.zpe/vasprun-20.xml,301,0,1780464
/Volumes/LaCie/postdoc_PhLAM/NO_HOPG/data/aimd_nspin_irene_0625_100traj/continue.vaspdata.Ei.0.1.Ts.100.NO.rand.zpe/vasprun-20.xml,302,0,1780562
/Volumes/LaCie/postdoc_PhLAM/NO_HOPG/data/aimd_nspin_irene_0625_100traj/continue.vaspdata.Ei.0.1.Ts.100.NO.rand.zpe/vasprun-20.xml,303,0,1780660
/Volumes/LaCie/postdoc_PhLAM/NO_HOPG/data/aimd_nspin_irene_0625_100traj/continue.vaspdata.Ei.0.1.Ts.100.NO.rand.zpe/vasprun-20.xml,304,0,1780758
/Volumes/LaCie/postdoc_PhLAM/NO_HOPG/data/aimd_nspin_irene_0625_100traj/continue.vaspdata.Ei.0.1.Ts.100.NO.rand.zpe/vasprun-20.xml,305,0,1780856
/Volumes/LaCie/postdoc_PhLAM/NO_HOPG/data/aimd_nspin_irene_0625_100traj/continue.vaspdata.Ei.0.1.Ts.100.NO.rand.zpe/vasprun-20.xml,306,0,1780954
/Volumes/LaCie/postdoc_PhLAM/NO_HOPG/data/aimd_nspin_irene_0625_100traj/continue.vaspdata.Ei.0.1.Ts.100.NO.rand.zpe/vasprun-20.xml,307,0,1781052
/Volumes/LaCie/postdoc_PhLAM/NO_HOPG/data/aimd_nspin_irene_0625_100traj/continue.vaspdata.Ei.0.1.Ts.100.NO.rand.zpe/vasprun-20.xml,308,0,1781150
/Volumes/LaCie/postdoc_PhLAM/NO_HOPG/data/aimd_nspin_irene_0625_100traj/continue.vaspdata.Ei.0.1.Ts.100.NO.rand.zpe/vasprun-20.xml,309,0,1781248
/Volumes/LaCie/postdoc_PhLAM/NO_HOPG/data/aimd_nspin_irene_0625_100traj/continue.vaspdata.Ei.0.1.Ts.100.NO.rand.zpe/vasprun-20.xml,310,0,1781346
/Volumes/LaCie/postdoc_PhLAM/NO_HOPG/data/aimd_nspin_irene_0625_100traj/continue.vaspdata.Ei.0.1.Ts.100.NO.rand.zpe/vasprun-20.xml,311,0,1781444
/Volumes/LaCie/postdoc_PhLAM/NO_HOPG/data/aimd_nspin_irene_0625_100traj/continue.vaspdata.Ei.0.1.Ts.100.NO.rand.zpe/vasprun-20.xml,312,0,1781542
/Volumes/LaCie/postdoc_PhLAM/NO_HOPG/data/aimd_nspin_irene_0625_100traj/continue.vaspdata.Ei.0.1.Ts.100.NO.rand.zpe/vasprun-20.xml,313,0,1781640
/Volumes/LaCie/postdoc_PhLAM/NO_HOPG/data/aimd_nspin_irene_0625_100traj/continue.vaspdata.Ei.0.1.Ts.100.NO.rand.zpe/vasprun-20.xml,314,0,1781738
/Volumes/LaCie/postdoc_PhLAM/NO_HOPG/data/aimd_nspin_irene_0625_100traj/continue.vaspdata.Ei.0.1.Ts.100.NO.rand.zpe/vasprun-20.xml,315,0,1781836
/Volumes/LaCie/postdoc_PhLAM/NO_HOPG/data/aimd_nspin_irene_0625_100traj/continue.vaspdata.Ei.0.1.Ts.100.NO.rand.zpe/vasprun-20.xml,316,0,1781934
/Volumes/LaCie/postdoc_PhLAM/NO_HOPG/data/aimd_nspin_irene_0625_100traj/continue.vaspdata.Ei.0.1.Ts.100.NO.rand.zpe/vasprun-20.xml,317,0,1782032
/Volumes/LaCie/postdoc_PhLAM/NO_HOPG/data/aimd_nspin_irene_0625_100traj/continue.vaspdata.Ei.0.1.Ts.100.NO.rand.zpe/vasprun-20.xml,318,0,1782130
/Volumes/LaCie/postdoc_PhLAM/NO_HOPG/data/aimd_nspin_irene_0625_100traj/continue.vaspdata.Ei.0.1.Ts.100.NO.rand.zpe/vasprun-20.xml,319,0,1782228
/Volumes/LaCie/postdoc_PhLAM/NO_HOPG/data/aimd_nspin_irene_0625_100traj/continue.vaspdata.Ei.0.1.Ts.100.NO.rand.zpe/vasprun-20.xml,320,0,1782326
/Volumes/LaCie/postdoc_PhLAM/NO_HOPG/data/aimd_nspin_irene_0625_100traj/continue.vaspdata.Ei.0.1.Ts.100.NO.rand.zpe/vasprun-20.xml,321,0,1782424
/Volumes/LaCie/postdoc_PhLAM/NO_HOPG/data/aimd_nspin_irene_0625_100traj/continue.vaspdata.Ei.0.1.Ts.100.NO.rand.zpe/vasprun-20.xml,322,0,1782522
/Volumes/LaCie/postdoc_PhLAM/NO_HOPG/data/aimd_nspin_irene_0625_100traj/continue.vaspdata.Ei.0.1.Ts.100.NO.rand.zpe/vasprun-20.xml,323,0,1782620
/Volumes/LaCie/postdoc_PhLAM/NO_HOPG/data/aimd_nspin_irene_0625_100traj/continue.vaspdata.Ei.0.1.Ts.100.NO.rand.zpe/vasprun-20.xml,324,0,1782718
/Volumes/LaCie/postdoc_PhLAM/NO_HOPG/data/aimd_nspin_irene_0625_100traj/continue.vaspdata.Ei.0.1.Ts.100.NO.rand.zpe/vasprun-20.xml,325,0,1782816
/Volumes/LaCie/postdoc_PhLAM/NO_HOPG/data/aimd_nspin_irene_0625_100traj/continue.vaspdata.Ei.0.1.Ts.100.NO.rand.zpe/vasprun-20.xml,326,0,1782914
/Volumes/LaCie/postdoc_PhLAM/NO_HOPG/data/aimd_nspin_irene_0625_100traj/continue.vaspdata.Ei.0.1.Ts.100.NO.rand.zpe/vasprun-21.xml,316,0,1941478
/Volumes/LaCie/postdoc_PhLAM/NO_HOPG/data/aimd_nspin_irene_0625_100traj/continue.vaspdata.Ei.0.1.Ts.100.NO.rand.zpe/vasprun-21.xml,317,0,1941576
/Volumes/LaCie/postdoc_PhLAM/NO_HOPG/data/aimd_nspin_irene_0625_100traj/continue.vaspdata.Ei.0.1.Ts.100.NO.rand.zpe/vasprun-21.xml,318,0,1941674
/Volumes/LaCie/postdoc_PhLAM/NO_HOPG/data/aimd_nspin_irene_0625_100traj/continue.vaspdata.Ei.0.1.Ts.100.NO.rand.zpe/vasprun-21.xml,319,0,1941772
/Volumes/LaCie/postdoc_PhLAM/NO_HOPG/data/aimd_nspin_irene_0625_100traj/continue.vaspdata.Ei.0.1.Ts.100.NO.rand.zpe/vasprun-21.xml,320,0,1941870
/Volumes/LaCie/postdoc_PhLAM/NO_HOPG/data/aimd_nspin_irene_0625_100traj/continue.vaspdata.Ei.0.1.Ts.100.NO.rand.zpe/vasprun-21.xml,321,0,1941968
/Volumes/LaCie/postdoc_PhLAM/NO_HOPG/data/aimd_nspin_irene_0625_100traj/continue.vaspdata.Ei.0.1.Ts.100.NO.rand.zpe/vasprun-21.xml,322,0,1942066
/Volumes/LaCie/postdoc_PhLAM/NO_HOPG/data/aimd_nspin_irene_0625_100traj/continue.vaspdata.Ei.0.1.Ts.100.NO.rand.zpe/vasprun-21.xml,323,0,1942164
/Volumes/LaCie/postdoc_PhLAM/NO_HOPG/data/aimd_nspin_irene_0625_100traj/continue.vaspdata.Ei.0.1.Ts.100.NO.rand.zpe/vasprun-21.xml,324,0,1942262
/Volumes/LaCie/postdoc_PhLAM/NO_HOPG/data/aimd_nspin_irene_0625_100traj/continue.vaspdata.Ei.0.1.Ts.100.NO.rand.zpe/vasprun-21.xml,325,0,1942360
/Volumes/LaCie/postdoc_PhLAM/NO_HOPG/data/aimd_nspin_irene_0625_100traj/continue.vaspdata.Ei.0.1.Ts.100.NO.rand.zpe/vasprun-21.xml,326,0,1942458
/Volumes/LaCie/postdoc_PhLAM/NO_HOPG/data/aimd_nspin_irene_0625_100traj/continue.vaspdata.Ei.0.1.Ts.100.NO.rand.zpe/vasprun-21.xml,327,0,1942556
/Volumes/LaCie/postdoc_PhLAM/NO_HOPG/data/aimd_nspin_irene_0625_100traj/continue.vaspdata.Ei.0.1.Ts.100.NO.rand.zpe/vasprun-21.xml,328,0,1942654
/Volumes/LaCie/postdoc_PhLAM/NO_HOPG/data/aimd_nspin_irene_0625_100traj/continue.vaspdata.Ei.0.1.Ts.100.NO.rand.zpe/vasprun-21.xml,329,0,1942752
/Volumes/LaCie/postdoc_PhLAM/NO_HOPG/data/aimd_nspin_irene_0625_100traj/continue.vaspdata.Ei.0.1.Ts.100.NO.rand.zpe/vasprun-21.xml,330,0,1942850
/Volumes/LaCie/postdoc_PhLAM/NO_HOPG/data/aimd_nspin_irene_0625_100traj/continue.vaspdata.Ei.0.1.Ts.100.NO.rand.zpe/vasprun-21.xml,331,0,1942948
/Volumes/LaCie/postdoc_PhLAM/NO_HOPG/data/aimd_nspin_irene_0625_100traj/continue.vaspdata.Ei.0.1.Ts.100.NO.rand.zpe/vasprun-21.xml,332,0,1943046
/Volumes/LaCie/postdoc_PhLAM/NO_HOPG/data/aimd_nspin_irene_0625_100traj/continue.vaspdata.Ei.0.1.Ts.100.NO.rand.zpe/vasprun-21.xml,333,0,1943144
/Volumes/LaCie/postdoc_PhLAM/NO_HOPG/data/aimd_nspin_irene_0625_100traj/continue.vaspdata.Ei.0.1.Ts.100.NO.rand.zpe/vasprun-21.xml,334,0,1943242
/Volumes/LaCie/postdoc_PhLAM/NO_HOPG/data/aimd_nspin_irene_0625_100traj/continue.vaspdata.Ei.0.1.Ts.100.NO.rand.zpe/vasprun-21.xml,335,0,1943340
/Volumes/LaCie/postdoc_PhLAM/NO_HOPG/data/aimd_nspin_irene_0625_100traj/continue.vaspdata.Ei.0.1.Ts.100.NO.rand.zpe/vasprun-21.xml,336,0,1943438
/Volumes/LaCie/postdoc_PhLAM/NO_HOPG/data/aimd_nspin_irene_0625_100traj/continue.vaspdata.Ei.0.1.Ts.100.NO.rand.zpe/vasprun-21.xml,337,0,1943536
/Volumes/LaCie/postdoc_PhLAM/NO_HOPG/data/aimd_nspin_irene_0625_100traj/continue.vaspdata.Ei.0.1.Ts.100.NO.rand.zpe/vasprun-21.xml,338,0,1943634
/Volumes/LaCie/postdoc_PhLAM/NO_HOPG/data/aimd_nspin_irene_0625_100traj/continue.vaspdata.Ei.0.1.Ts.100.NO.rand.zpe/vasprun-21.xml,339,0,1943732
/Volumes/LaCie/postdoc_PhLAM/NO_HOPG/data/aimd_nspin_irene_0625_100traj/continue.vaspdata.Ei.0.1.Ts.100.NO.rand.zpe/vasprun-21.xml,340,0,1943830
/Volumes/LaCie/postdoc_PhLAM/NO_HOPG/data/aimd_nspin_irene_0625_100traj/continue.vaspdata.Ei.0.1.Ts.100.NO.rand.zpe/vasprun-21.xml,341,0,1943928
/Volumes/LaCie/postdoc_PhLAM/NO_HOPG/data/aimd_nspin_irene_0625_100traj/continue.vaspdata.Ei.0.1.Ts.100.NO.rand.zpe/vasprun-21.xml,342,0,1944026
/Volumes/LaCie/postdoc_PhLAM/NO_HOPG/data/aimd_nspin_irene_0625_100traj/continue.vaspdata.Ei.0.1.Ts.100.NO.rand.zpe/vasprun-21.xml,343,0,1944124
/Volumes/LaCie/postdoc_PhLAM/NO_HOPG/data/aimd_nspin_irene_0625_100traj/continue.vaspdata.Ei.0.1.Ts.100.NO.rand.zpe/vasprun-21.xml,344,0,1944222
/Volumes/LaCie/postdoc_PhLAM/NO_HOPG/data/aimd_nspin_irene_0625_100traj/continue.vaspdata.Ei.0.1.Ts.100.NO.rand.zpe/vasprun-21.xml,345,0,1944320
/Volumes/LaCie/postdoc_PhLAM/NO_HOPG/data/aimd_nspin_irene_0625_100traj/continue.vaspdata.Ei.0.1.Ts.100.NO.rand.zpe/vasprun-21.xml,346,0,1944418
/Volumes/LaCie/postdoc_PhLAM/NO_HOPG/data/aimd_nspin_irene_0625_100traj/continue.vaspdata.Ei.0.1.Ts.100.NO.rand.zpe/vasprun-21.xml,347,0,1944516
/Volumes/LaCie/postdoc_PhLAM/NO_HOPG/data/aimd_nspin_irene_0625_100traj/continue.vaspdata.Ei.0.1.Ts.100.NO.rand.zpe/vasprun-21.xml,348,0,1944614
/Volumes/LaCie/postdoc_PhLAM/NO_HOPG/data/aimd_nspin_irene_0625_100traj/continue.vaspdata.Ei.0.1.Ts.100.NO.rand.zpe/vasprun-21.xml,349,0,1944712
/Volumes/LaCie/postdoc_PhLAM/NO_HOPG/data/aimd_nspin_irene_0625_100traj/continue.vaspdata.Ei.0.1.Ts.100.NO.rand.zpe/vasprun-21.xml,350,0,1944810
/Volumes/LaCie/postdoc_PhLAM/NO_HOPG/data/aimd_nspin_irene_0625_100traj/continue.vaspdata.Ei.0.1.Ts.100.NO.rand.zpe/vasprun-21.xml,351,0,1944908
/Volumes/LaCie/postdoc_PhLAM/NO_HOPG/data/aimd_nspin_irene_0625_100traj/continue.vaspdata.Ei.0.1.Ts.100.NO.rand.zpe/vasprun-21.xml,352,0,1945006
/Volumes/LaCie/postdoc_PhLAM/NO_HOPG/data/aimd_nspin_irene_0625_100traj/continue.vaspdata.Ei.0.1.Ts.100.NO.rand.zpe/vasprun-21.xml,353,0,1945104
/Volumes/LaCie/postdoc_PhLAM/NO_HOPG/data/aimd_nspin_irene_0625_100traj/continue.vaspdata.Ei.0.1.Ts.100.NO.rand.zpe/vasprun-21.xml,354,0,1945202
/Volumes/LaCie/postdoc_PhLAM/NO_HOPG/data/aimd_nspin_irene_0625_100traj/continue.vaspdata.Ei.0.1.Ts.100.NO.rand.zpe/vasprun-21.xml,355,0,1945300
/Volumes/LaCie/postdoc_PhLAM/NO_HOPG/data/aimd_nspin_irene_0625_100traj/continue.vaspdata.Ei.0.1.Ts.100.NO.rand.zpe/vasprun-21.xml,356,0,1945398
/Volumes/LaCie/postdoc_PhLAM/NO_HOPG/data/aimd_nspin_irene_0625_100traj/continue.vaspdata.Ei.0.1.Ts.100.NO.rand.zpe/vasprun-21.xml,357,0,1945496
/Volumes/LaCie/postdoc_PhLAM/NO_HOPG/data/aimd_nspin_irene_0625_100traj/continue.vaspdata.Ei.0.1.Ts.100.NO.rand.zpe/vasprun-21.xml,358,0,1945594
/Volumes/LaCie/postdoc_PhLAM/NO_HOPG/data/aimd_nspin_irene_0625_100traj/continue.vaspdata.Ei.0.1.Ts.100.NO.rand.zpe/vasprun-21.xml,359,0,1945692
/Volumes/LaCie/postdoc_PhLAM/NO_HOPG/data/aimd_nspin_irene_0625_100traj/continue.vaspdata.Ei.0.1.Ts.100.NO.rand.zpe/vasprun-21.xml,360,0,1945790
/Volumes/LaCie/postdoc_PhLAM/NO_HOPG/data/aimd_nspin_irene_0625_100traj/continue.vaspdata.Ei.0.1.Ts.100.NO.rand.zpe/vasprun-21.xml,361,0,1945888
/Volumes/LaCie/postdoc_PhLAM/NO_HOPG/data/aimd_nspin_irene_0625_100traj/continue.vaspdata.Ei.0.1.Ts.100.NO.rand.zpe/vasprun-21.xml,362,0,1945986
/Volumes/LaCie/postdoc_PhLAM/NO_HOPG/data/aimd_nspin_irene_0625_100traj/continue.vaspdata.Ei.0.1.Ts.100.NO.rand.zpe/vasprun-21.xml,363,0,1946084
/Volumes/LaCie/postdoc_PhLAM/NO_HOPG/data/aimd_nspin_irene_0625_100traj/continue.vaspdata.Ei.0.1.Ts.100.NO.rand.zpe/vasprun-21.xml,364,0,1946182
/Volumes/LaCie/postdoc_PhLAM/NO_HOPG/data/aimd_nspin_irene_0625_100traj/continue.vaspdata.Ei.0.1.Ts.100.NO.rand.zpe/vasprun-21.xml,365,0,1946280
/Volumes/LaCie/postdoc_PhLAM/NO_HOPG/data/aimd_nspin_irene_0625_100traj/continue.vaspdata.Ei.0.1.Ts.100.NO.rand.zpe/vasprun-21.xml,366,0,1946378
/Volumes/LaCie/postdoc_PhLAM/NO_HOPG/data/aimd_nspin_irene_0625_100traj/continue.vaspdata.Ei.0.1.Ts.100.NO.rand.zpe/vasprun-21.xml,367,0,1946476
/Volumes/LaCie/postdoc_PhLAM/NO_HOPG/data/aimd_nspin_irene_0625_100traj/continue.vaspdata.Ei.0.1.Ts.100.NO.rand.zpe/vasprun-21.xml,368,0,1946574
/Volumes/LaCie/postdoc_PhLAM/NO_HOPG/data/aimd_nspin_irene_0625_100traj/continue.vaspdata.Ei.0.1.Ts.100.NO.rand.zpe/vasprun-21.xml,369,0,1946672
/Volumes/LaCie/postdoc_PhLAM/NO_HOPG/data/aimd_nspin_irene_0625_100traj/continue.vaspdata.Ei.0.1.Ts.100.NO.rand.zpe/vasprun-21.xml,370,0,1946770
/Volumes/LaCie/postdoc_PhLAM/NO_HOPG/data/aimd_nspin_irene_0625_100traj/continue.vaspdata.Ei.0.1.Ts.100.NO.rand.zpe/vasprun-21.xml,371,0,1946868
/Volumes/LaCie/postdoc_PhLAM/NO_HOPG/data/aimd_nspin_irene_0625_100traj/continue.vaspdata.Ei.0.1.Ts.100.NO.rand.zpe/vasprun-21.xml,372,0,1946966
/Volumes/LaCie/postdoc_PhLAM/NO_HOPG/data/aimd_nspin_irene_0625_100traj/continue.vaspdata.Ei.0.1.Ts.100.NO.rand.zpe/vasprun-21.xml,373,0,1947064
/Volumes/LaCie/postdoc_PhLAM/NO_HOPG/data/aimd_nspin_irene_0625_100traj/continue.vaspdata.Ei.0.1.Ts.100.NO.rand.zpe/vasprun-21.xml,374,0,1947162
/Volumes/LaCie/postdoc_PhLAM/NO_HOPG/data/aimd_nspin_irene_0625_100traj/continue.vaspdata.Ei.0.1.Ts.100.NO.rand.zpe/vasprun-21.xml,375,0,1947260
/Volumes/LaCie/postdoc_PhLAM/NO_HOPG/data/aimd_nspin_irene_0625_100traj/continue.vaspdata.Ei.0.1.Ts.100.NO.rand.zpe/vasprun-21.xml,376,0,1947358
/Volumes/LaCie/postdoc_PhLAM/NO_HOPG/data/aimd_nspin_irene_0625_100traj/continue.vaspdata.Ei.0.1.Ts.100.NO.rand.zpe/vasprun-21.xml,377,0,1947456
/Volumes/LaCie/postdoc_PhLAM/NO_HOPG/data/aimd_nspin_irene_0625_100traj/continue.vaspdata.Ei.0.1.Ts.100.NO.rand.zpe/vasprun-24.xml,882,0,2471070
/Volumes/LaCie/postdoc_PhLAM/NO_HOPG/data/aimd_nspin_irene_0625_100traj/continue.vaspdata.Ei.0.1.Ts.100.NO.rand.zpe/vasprun-24.xml,883,0,2471168
/Volumes/LaCie/postdoc_PhLAM/NO_HOPG/data/aimd_nspin_irene_0625_100traj/continue.vaspdata.Ei.0.1.Ts.100.NO.rand.zpe/vasprun-24.xml,884,0,2471266
/Volumes/LaCie/postdoc_PhLAM/NO_HOPG/data/aimd_nspin_irene_0625_100traj/continue.vaspdata.Ei.0.1.Ts.100.NO.rand.zpe/vasprun-24.xml,885,0,2471364
/Volumes/LaCie/postdoc_PhLAM/NO_HOPG/data/aimd_nspin_irene_0625_100traj/continue.vaspdata.Ei.0.1.Ts.100.NO.rand.zpe/vasprun-24.xml,886,0,2471462
/Volumes/LaCie/postdoc_PhLAM/NO_HOPG/data/aimd_nspin_irene_0625_100traj/continue.vaspdata.Ei.0.1.Ts.100.NO.rand.zpe/vasprun-24.xml,887,0,2471560
/Volumes/LaCie/postdoc_PhLAM/NO_HOPG/data/aimd_nspin_irene_0625_100traj/continue.vaspdata.Ei.0.1.Ts.100.NO.rand.zpe/vasprun-24.xml,888,0,2471658
/Volumes/LaCie/postdoc_PhLAM/NO_HOPG/data/aimd_nspin_irene_0625_100traj/continue.vaspdata.Ei.0.1.Ts.100.NO.rand.zpe/vasprun-24.xml,889,0,2471756
/Volumes/LaCie/postdoc_PhLAM/NO_HOPG/data/aimd_nspin_irene_0625_100traj/continue.vaspdata.Ei.0.1.Ts.100.NO.rand.zpe/vasprun-24.xml,890,0,2471854
/Volumes/LaCie/postdoc_PhLAM/NO_HOPG/data/aimd_nspin_irene_0625_100traj/continue.vaspdata.Ei.0.1.Ts.100.NO.rand.zpe/vasprun-24.xml,891,0,2471952
/Volumes/LaCie/postdoc_PhLAM/NO_HOPG/data/aimd_nspin_irene_0625_100traj/continue.vaspdata.Ei.0.1.Ts.100.NO.rand.zpe/vasprun-24.xml,892,0,2472050
/Volumes/LaCie/postdoc_PhLAM/NO_HOPG/data/aimd_nspin_irene_0625_100traj/continue.vaspdata.Ei.0.1.Ts.100.NO.rand.zpe/vasprun-24.xml,893,0,2472148
/Volumes/LaCie/postdoc_PhLAM/NO_HOPG/data/aimd_nspin_irene_0625_100traj/continue.vaspdata.Ei.0.1.Ts.100.NO.rand.zpe/vasprun-24.xml,894,0,2472246
/Volumes/LaCie/postdoc_PhLAM/NO_HOPG/data/aimd_nspin_irene_0625_100traj/continue.vaspdata.Ei.0.1.Ts.100.NO.rand.zpe/vasprun-24.xml,895,0,2472344
/Volumes/LaCie/postdoc_PhLAM/NO_HOPG/data/aimd_nspin_irene_0625_100traj/continue.vaspdata.Ei.0.1.Ts.100.NO.rand.zpe/vasprun-24.xml,896,0,2472442
/Volumes/LaCie/postdoc_PhLAM/NO_HOPG/data/aimd_nspin_irene_0625_100traj/continue.vaspdata.Ei.0.1.Ts.100.NO.rand.zpe/vasprun-24.xml,897,0,2472540
/Volumes/LaCie/postdoc_PhLAM/NO_HOPG/data/aimd_nspin_irene_0625_100traj/continue.vaspdata.Ei.0.1.Ts.100.NO.rand.zpe/vasprun-24.xml,898,0,2472638
/Volumes/LaCie/postdoc_PhLAM/NO_HOPG/data/aimd_nspin_irene_0625_100traj/continue.vaspdata.Ei.0.1.Ts.100.NO.rand.zpe/vasprun-24.xml,929,0,2475676
/Volumes/LaCie/postdoc_PhLAM/NO_HOPG/data/aimd_nspin_irene_0625_100traj/continue.vaspdata.Ei.0.1.Ts.100.NO.rand.zpe/vasprun-24.xml,930,0,2475774
/Volumes/LaCie/postdoc_PhLAM/NO_HOPG/data/aimd_nspin_irene_0625_100traj/continue.vaspdata.Ei.0.1.Ts.100.NO.rand.zpe/vasprun-24.xml,931,0,2475872
/Volumes/LaCie/postdoc_PhLAM/NO_HOPG/data/aimd_nspin_irene_0625_100traj/continue.vaspdata.Ei.0.1.Ts.100.NO.rand.zpe/vasprun-24.xml,932,0,2475970
/Volumes/LaCie/postdoc_PhLAM/NO_HOPG/data/aimd_nspin_irene_0625_100traj/continue.vaspdata.Ei.0.1.Ts.100.NO.rand.zpe/vasprun-24.xml,933,0,2476068
/Volumes/LaCie/postdoc_PhLAM/NO_HOPG/data/aimd_nspin_irene_0625_100traj/continue.vaspdata.Ei.0.1.Ts.100.NO.rand.zpe/vasprun-24.xml,934,0,2476166
/Volumes/LaCie/postdoc_PhLAM/NO_HOPG/data/aimd_nspin_irene_0625_100traj/continue.vaspdata.Ei.0.1.Ts.100.NO.rand.zpe/vasprun-24.xml,935,0,2476264
/Volumes/LaCie/postdoc_PhLAM/NO_HOPG/data/aimd_nspin_irene_0625_100traj/continue.vaspdata.Ei.0.1.Ts.100.NO.rand.zpe/vasprun-24.xml,936,0,2476362
/Volumes/LaCie/postdoc_PhLAM/NO_HOPG/data/aimd_nspin_irene_0625_100traj/continue.vaspdata.Ei.0.1.Ts.100.NO.rand.zpe/vasprun-24.xml,937,0,2476460
/Volumes/LaCie/postdoc_PhLAM/NO_HOPG/data/aimd_nspin_irene_0625_100traj/continue.vaspdata.Ei.0.1.Ts.100.NO.rand.zpe/vasprun-24.xml,938,0,2476558
/Volumes/LaCie/postdoc_PhLAM/NO_HOPG/data/aimd_nspin_irene_0625_100traj/continue.vaspdata.Ei.0.1.Ts.100.NO.rand.zpe/vasprun-24.xml,939,0,2476656
/Volumes/LaCie/postdoc_PhLAM/NO_HOPG/data/aimd_nspin_irene_0625_100traj/continue.vaspdata.Ei.0.1.Ts.100.NO.rand.zpe/vasprun-24.xml,940,0,2476754
/Volumes/LaCie/postdoc_PhLAM/NO_HOPG/data/aimd_nspin_irene_0625_100traj/continue.vaspdata.Ei.0.1.Ts.100.NO.rand.zpe/vasprun-24.xml,941,0,2476852
/Volumes/LaCie/postdoc_PhLAM/NO_HOPG/data/aimd_nspin_irene_0625_100traj/continue.vaspdata.Ei.0.1.Ts.100.NO.rand.zpe/vasprun-24.xml,942,0,2476950
/Volumes/LaCie/postdoc_PhLAM/NO_HOPG/data/aimd_nspin_irene_0625_100traj/continue.vaspdata.Ei.0.1.Ts.100.NO.rand.zpe/vasprun-24.xml,943,0,2477048
/Volumes/LaCie/postdoc_PhLAM/NO_HOPG/data/aimd_nspin_irene_0625_100traj/continue.vaspdata.Ei.0.1.Ts.100.NO.rand.zpe/vasprun-24.xml,944,0,2477146
/Volumes/LaCie/postdoc_PhLAM/NO_HOPG/data/aimd_nspin_irene_0625_100traj/continue.vaspdata.Ei.0.1.Ts.100.NO.rand.zpe/vasprun-24.xml,945,0,2477244
/Volumes/LaCie/postdoc_PhLAM/NO_HOPG/data/aimd_nspin_irene_0625_100traj/continue.vaspdata.Ei.0.1.Ts.100.NO.rand.zpe/vasprun-24.xml,946,0,2477342
/Volumes/LaCie/postdoc_PhLAM/NO_HOPG/data/aimd_nspin_irene_0625_100traj/continue.vaspdata.Ei.0.1.Ts.100.NO.rand.zpe/vasprun-24.xml,947,0,2477440
/Volumes/LaCie/postdoc_PhLAM/NO_HOPG/data/aimd_nspin_irene_0625_100traj/continue.vaspdata.Ei.0.1.Ts.100.NO.rand.zpe/vasprun-24.xml,948,0,2477538
/Volumes/LaCie/postdoc_PhLAM/NO_HOPG/data/aimd_nspin_irene_0625_100traj/continue.vaspdata.Ei.0.1.Ts.100.NO.rand.zpe/vasprun-24.xml,949,0,2477636
/Volumes/LaCie/postdoc_PhLAM/NO_HOPG/data/aimd_nspin_irene_0625_100traj/continue.vaspdata.Ei.0.1.Ts.100.NO.rand.zpe/vasprun-24.xml,950,0,2477734
/Volumes/LaCie/postdoc_PhLAM/NO_HOPG/data/aimd_nspin_irene_0625_100traj/continue.vaspdata.Ei.0.1.Ts.100.NO.rand.zpe/vasprun-24.xml,951,0,2477832
/Volumes/LaCie/postdoc_PhLAM/NO_HOPG/data/aimd_nspin_irene_0625_100traj/continue.vaspdata.Ei.0.1.Ts.100.NO.rand.zpe/vasprun-30.xml,146,0,3168928
/Volumes/LaCie/postdoc_PhLAM/NO_HOPG/data/aimd_nspin_irene_0625_100traj/continue.vaspdata.Ei.0.1.Ts.100.NO.rand.zpe/vasprun-30.xml,147,0,3169026
/Volumes/LaCie/postdoc_PhLAM/NO_HOPG/data/aimd_nspin_irene_0625_100traj/continue.vaspdata.Ei.0.1.Ts.100.NO.rand.zpe/vasprun-30.xml,148,0,3169124
/Volumes/LaCie/postdoc_PhLAM/NO_HOPG/data/aimd_nspin_irene_0625_100traj/continue.vaspdata.Ei.0.1.Ts.100.NO.rand.zpe/vasprun-30.xml,149,0,3169222
/Volumes/LaCie/postdoc_PhLAM/NO_HOPG/data/aimd_nspin_irene_0625_100traj/continue.vaspdata.Ei.0.1.Ts.100.NO.rand.zpe/vasprun-30.xml,150,0,3169320
/Volumes/LaCie/postdoc_PhLAM/NO_HOPG/data/aimd_nspin_irene_0625_100traj/continue.vaspdata.Ei.0.1.Ts.100.NO.rand.zpe/vasprun-30.xml,151,0,3169418
/Volumes/LaCie/postdoc_PhLAM/NO_HOPG/data/aimd_nspin_irene_0625_100traj/continue.vaspdata.Ei.0.1.Ts.100.NO.rand.zpe/vasprun-30.xml,152,0,3169516
/Volumes/LaCie/postdoc_PhLAM/NO_HOPG/data/aimd_nspin_irene_0625_100traj/continue.vaspdata.Ei.0.1.Ts.100.NO.rand.zpe/vasprun-30.xml,153,0,3169614
/Volumes/LaCie/postdoc_PhLAM/NO_HOPG/data/aimd_nspin_irene_0625_100traj/continue.vaspdata.Ei.0.1.Ts.100.NO.rand.zpe/vasprun-30.xml,154,0,3169712
/Volumes/LaCie/postdoc_PhLAM/NO_HOPG/data/aimd_nspin_irene_0625_100traj/continue.vaspdata.Ei.0.1.Ts.100.NO.rand.zpe/vasprun-30.xml,155,0,3169810
/Volumes/LaCie/postdoc_PhLAM/NO_HOPG/data/aimd_nspin_irene_0625_100traj/continue.vaspdata.Ei.0.1.Ts.100.NO.rand.zpe/vasprun-30.xml,156,0,3169908
/Volumes/LaCie/postdoc_PhLAM/NO_HOPG/data/aimd_nspin_irene_0625_100traj/continue.vaspdata.Ei.0.1.Ts.100.NO.rand.zpe/vasprun-30.xml,157,0,3170006
/Volumes/LaCie/postdoc_PhLAM/NO_HOPG/data/aimd_nspin_irene_0625_100traj/continue.vaspdata.Ei.0.1.Ts.100.NO.rand.zpe/vasprun-30.xml,158,0,3170104
/Volumes/LaCie/postdoc_PhLAM/NO_HOPG/data/aimd_nspin_irene_0625_100traj/continue.vaspdata.Ei.0.1.Ts.100.NO.rand.zpe/vasprun-30.xml,159,0,3170202
/Volumes/LaCie/postdoc_PhLAM/NO_HOPG/data/aimd_nspin_irene_0625_100traj/continue.vaspdata.Ei.0.1.Ts.100.NO.rand.zpe/vasprun-30.xml,160,0,3170300
/Volumes/LaCie/postdoc_PhLAM/NO_HOPG/data/aimd_nspin_irene_0625_100traj/continue.vaspdata.Ei.0.1.Ts.100.NO.rand.zpe/vasprun-30.xml,161,0,3170398
/Volumes/LaCie/postdoc_PhLAM/NO_HOPG/data/aimd_nspin_irene_0625_100traj/continue.vaspdata.Ei.0.1.Ts.100.NO.rand.zpe/vasprun-30.xml,162,0,3170496
/Volumes/LaCie/postdoc_PhLAM/NO_HOPG/data/aimd_nspin_irene_0625_100traj/continue.vaspdata.Ei.0.1.Ts.100.NO.rand.zpe/vasprun-30.xml,163,0,3170594
/Volumes/LaCie/postdoc_PhLAM/NO_HOPG/data/aimd_nspin_irene_0625_100traj/continue.vaspdata.Ei.0.1.Ts.100.NO.rand.zpe/vasprun-30.xml,164,0,3170692
/Volumes/LaCie/postdoc_PhLAM/NO_HOPG/data/aimd_nspin_irene_0625_100traj/continue.vaspdata.Ei.0.1.Ts.100.NO.rand.zpe/vasprun-30.xml,165,0,3170790
/Volumes/LaCie/postdoc_PhLAM/NO_HOPG/data/aimd_nspin_irene_0625_100traj/continue.vaspdata.Ei.0.1.Ts.100.NO.rand.zpe/vasprun-30.xml,166,0,3170888
/Volumes/LaCie/postdoc_PhLAM/NO_HOPG/data/aimd_nspin_irene_0625_100traj/continue.vaspdata.Ei.0.1.Ts.100.NO.rand.zpe/vasprun-30.xml,167,0,3170986
/Volumes/LaCie/postdoc_PhLAM/NO_HOPG/data/aimd_nspin_irene_0625_100traj/continue.vaspdata.Ei.0.1.Ts.100.NO.rand.zpe/vasprun-30.xml,168,0,3171084
/Volumes/LaCie/postdoc_PhLAM/NO_HOPG/data/aimd_nspin_irene_0625_100traj/continue.vaspdata.Ei.0.1.Ts.100.NO.rand.zpe/vasprun-30.xml,169,0,3171182
/Volumes/LaCie/postdoc_PhLAM/NO_HOPG/data/aimd_nspin_irene_0625_100traj/continue.vaspdata.Ei.0.1.Ts.100.NO.rand.zpe/vasprun-30.xml,170,0,3171280
/Volumes/LaCie/postdoc_PhLAM/NO_HOPG/data/aimd_nspin_irene_0625_100traj/continue.vaspdata.Ei.0.1.Ts.100.NO.rand.zpe/vasprun-30.xml,171,0,3171378
/Volumes/LaCie/postdoc_PhLAM/NO_HOPG/data/aimd_nspin_irene_0625_100traj/continue.vaspdata.Ei.0.1.Ts.100.NO.rand.zpe/vasprun-30.xml,172,0,3171476
/Volumes/LaCie/postdoc_PhLAM/NO_HOPG/data/aimd_nspin_irene_0625_100traj/continue.vaspdata.Ei.0.1.Ts.100.NO.rand.zpe/vasprun-30.xml,173,0,3171574
/Volumes/LaCie/postdoc_PhLAM/NO_HOPG/data/aimd_nspin_irene_0625_100traj/continue.vaspdata.Ei.0.1.Ts.100.NO.rand.zpe/vasprun-30.xml,174,0,3171672
/Volumes/LaCie/postdoc_PhLAM/NO_HOPG/data/aimd_nspin_irene_0625_100traj/continue.vaspdata.Ei.0.1.Ts.100.NO.rand.zpe/vasprun-30.xml,175,0,3171770
/Volumes/LaCie/postdoc_PhLAM/NO_HOPG/data/aimd_nspin_irene_0625_100traj/continue.vaspdata.Ei.0.1.Ts.100.NO.rand.zpe/vasprun-30.xml,176,0,3171868
/Volumes/LaCie/postdoc_PhLAM/NO_HOPG/data/aimd_nspin_irene_0625_100traj/continue.vaspdata.Ei.0.1.Ts.100.NO.rand.zpe/vasprun-30.xml,181,0,3172358
/Volumes/LaCie/postdoc_PhLAM/NO_HOPG/data/aimd_nspin_irene_0625_100traj/continue.vaspdata.Ei.0.1.Ts.100.NO.rand.zpe/vasprun-30.xml,182,0,3172456
/Volumes/LaCie/postdoc_PhLAM/NO_HOPG/data/aimd_nspin_irene_0625_100traj/continue.vaspdata.Ei.0.1.Ts.100.NO.rand.zpe/vasprun-30.xml,183,0,3172554
/Volumes/LaCie/postdoc_PhLAM/NO_HOPG/data/aimd_nspin_irene_0625_100traj/continue.vaspdata.Ei.0.1.Ts.100.NO.rand.zpe/vasprun-30.xml,184,0,3172652
/Volumes/LaCie/postdoc_PhLAM/NO_HOPG/data/aimd_nspin_irene_0625_100traj/continue.vaspdata.Ei.0.1.Ts.100.NO.rand.zpe/vasprun-30.xml,185,0,3172750
/Volumes/LaCie/postdoc_PhLAM/NO_HOPG/data/aimd_nspin_irene_0625_100traj/continue.vaspdata.Ei.0.1.Ts.100.NO.rand.zpe/vasprun-30.xml,186,0,3172848
/Volumes/LaCie/postdoc_PhLAM/NO_HOPG/data/aimd_nspin_irene_0625_100traj/continue.vaspdata.Ei.0.1.Ts.100.NO.rand.zpe/vasprun-30.xml,187,0,3172946
/Volumes/LaCie/postdoc_PhLAM/NO_HOPG/data/aimd_nspin_irene_0625_100traj/continue.vaspdata.Ei.0.1.Ts.100.NO.rand.zpe/vasprun-30.xml,188,0,3173044
/Volumes/LaCie/postdoc_PhLAM/NO_HOPG/data/aimd_nspin_irene_0625_100traj/continue.vaspdata.Ei.0.1.Ts.100.NO.rand.zpe/vasprun-30.xml,189,0,3173142
/Volumes/LaCie/postdoc_PhLAM/NO_HOPG/data/aimd_nspin_irene_0625_100traj/continue.vaspdata.Ei.0.1.Ts.100.NO.rand.zpe/vasprun-30.xml,190,0,3173240
/Volumes/LaCie/postdoc_PhLAM/NO_HOPG/data/aimd_nspin_irene_0625_100traj/continue.vaspdata.Ei.0.1.Ts.100.NO.rand.zpe/vasprun-30.xml,191,0,3173338
/Volumes/LaCie/postdoc_PhLAM/NO_HOPG/data/aimd_nspin_irene_0625_100traj/continue.vaspdata.Ei.0.1.Ts.100.NO.rand.zpe/vasprun-30.xml,701,0,3223318
/Volumes/LaCie/postdoc_PhLAM/NO_HOPG/data/aimd_nspin_irene_0625_100traj/continue.vaspdata.Ei.0.1.Ts.100.NO.rand.zpe/vasprun-30.xml,702,0,3223416
/Volumes/LaCie/postdoc_PhLAM/NO_HOPG/data/aimd_nspin_irene_0625_100traj/continue.vaspdata.Ei.0.1.Ts.100.NO.rand.zpe/vasprun-30.xml,703,0,3223514
/Volumes/LaCie/postdoc_PhLAM/NO_HOPG/data/aimd_nspin_irene_0625_100traj/continue.vaspdata.Ei.0.1.Ts.100.NO.rand.zpe/vasprun-30.xml,704,0,3223612
/Volumes/LaCie/postdoc_PhLAM/NO_HOPG/data/aimd_nspin_irene_0625_100traj/continue.vaspdata.Ei.0.1.Ts.100.NO.rand.zpe/vasprun-30.xml,705,0,3223710
/Volumes/LaCie/postdoc_PhLAM/NO_HOPG/data/aimd_nspin_irene_0625_100traj/continue.vaspdata.Ei.0.1.Ts.100.NO.rand.zpe/vasprun-30.xml,706,0,3223808
/Volumes/LaCie/postdoc_PhLAM/NO_HOPG/data/aimd_nspin_irene_0625_100traj/continue.vaspdata.Ei.0.1.Ts.100.NO.rand.zpe/vasprun-30.xml,707,0,3223906
/Volumes/LaCie/postdoc_PhLAM/NO_HOPG/data/aimd_nspin_irene_0625_100traj/continue.vaspdata.Ei.0.1.Ts.100.NO.rand.zpe/vasprun-30.xml,708,0,3224004
/Volumes/LaCie/postdoc_PhLAM/NO_HOPG/data/aimd_nspin_irene_0625_100traj/continue.vaspdata.Ei.0.1.Ts.100.NO.rand.zpe/vasprun-30.xml,709,0,3224102
/Volumes/LaCie/postdoc_PhLAM/NO_HOPG/data/aimd_nspin_irene_0625_100traj/continue.vaspdata.Ei.0.1.Ts.100.NO.rand.zpe/vasprun-30.xml,710,0,3224200
/Volumes/LaCie/postdoc_PhLAM/NO_HOPG/data/aimd_nspin_irene_0625_100traj/continue.vaspdata.Ei.0.1.Ts.100.NO.rand.zpe/vasprun-30.xml,711,0,3224298
/Volumes/LaCie/postdoc_PhLAM/NO_HOPG/data/aimd_nspin_irene_0625_100traj/continue.vaspdata.Ei.0.1.Ts.100.NO.rand.zpe/vasprun-30.xml,712,0,3224396
/Volumes/LaCie/postdoc_PhLAM/NO_HOPG/data/aimd_nspin_irene_0625_100traj/continue.vaspdata.Ei.0.1.Ts.100.NO.rand.zpe/vasprun-30.xml,713,0,3224494
/Volumes/LaCie/postdoc_PhLAM/NO_HOPG/data/aimd_nspin_irene_0625_100traj/continue.vaspdata.Ei.0.1.Ts.100.NO.rand.zpe/vasprun-30.xml,714,0,3224592
/Volumes/LaCie/postdoc_PhLAM/NO_HOPG/data/aimd_nspin_irene_0625_100traj/continue.vaspdata.Ei.0.1.Ts.100.NO.rand.zpe/vasprun-30.xml,715,0,3224690
/Volumes/LaCie/postdoc_PhLAM/NO_HOPG/data/aimd_nspin_irene_0625_100traj/continue.vaspdata.Ei.0.1.Ts.100.NO.rand.zpe/vasprun-30.xml,716,0,3224788
/Volumes/LaCie/postdoc_PhLAM/NO_HOPG/data/aimd_nspin_irene_0625_100traj/continue.vaspdata.Ei.0.1.Ts.100.NO.rand.zpe/vasprun-30.xml,717,0,3224886
/Volumes/LaCie/postdoc_PhLAM/NO_HOPG/data/aimd_nspin_irene_0625_100traj/continue.vaspdata.Ei.0.1.Ts.100.NO.rand.zpe/vasprun-30.xml,718,0,3224984
/Volumes/LaCie/postdoc_PhLAM/NO_HOPG/data/aimd_nspin_irene_0625_100traj/continue.vaspdata.Ei.0.1.Ts.100.NO.rand.zpe/vasprun-30.xml,719,0,3225082
/Volumes/LaCie/postdoc_PhLAM/NO_HOPG/data/aimd_nspin_irene_0625_100traj/continue.vaspdata.Ei.0.1.Ts.100.NO.rand.zpe/vasprun-30.xml,720,0,3225180
/Volumes/LaCie/postdoc_PhLAM/NO_HOPG/data/aimd_nspin_irene_0625_100traj/continue.vaspdata.Ei.0.1.Ts.100.NO.rand.zpe/vasprun-30.xml,721,0,3225278
/Volumes/LaCie/postdoc_PhLAM/NO_HOPG/data/aimd_nspin_irene_0625_100traj/continue.vaspdata.Ei.0.1.Ts.100.NO.rand.zpe/vasprun-30.xml,722,0,3225376
/Volumes/LaCie/postdoc_PhLAM/NO_HOPG/data/aimd_nspin_irene_0625_100traj/continue.vaspdata.Ei.0.1.Ts.100.NO.rand.zpe/vasprun-30.xml,723,0,3225474
/Volumes/LaCie/postdoc_PhLAM/NO_HOPG/data/aimd_nspin_irene_0625_100traj/continue.vaspdata.Ei.0.1.Ts.100.NO.rand.zpe/vasprun-30.xml,724,0,3225572
/Volumes/LaCie/postdoc_PhLAM/NO_HOPG/data/aimd_nspin_irene_0625_100traj/continue.vaspdata.Ei.0.1.Ts.100.NO.rand.zpe/vasprun-30.xml,725,0,3225670
/Volumes/LaCie/postdoc_PhLAM/NO_HOPG/data/aimd_nspin_irene_0625_100traj/continue.vaspdata.Ei.0.1.Ts.100.NO.rand.zpe/vasprun-30.xml,726,0,3225768
/Volumes/LaCie/postdoc_PhLAM/NO_HOPG/data/aimd_nspin_irene_0625_100traj/continue.vaspdata.Ei.0.1.Ts.100.NO.rand.zpe/vasprun-30.xml,727,0,3225866
/Volumes/LaCie/postdoc_PhLAM/NO_HOPG/data/aimd_nspin_irene_0625_100traj/continue.vaspdata.Ei.0.1.Ts.100.NO.rand.zpe/vasprun-30.xml,728,0,3225964
/Volumes/LaCie/postdoc_PhLAM/NO_HOPG/data/aimd_nspin_irene_0625_100traj/continue.vaspdata.Ei.0.1.Ts.100.NO.rand.zpe/vasprun-30.xml,729,0,3226062
/Volumes/LaCie/postdoc_PhLAM/NO_HOPG/data/aimd_nspin_irene_0625_100traj/continue.vaspdata.Ei.0.1.Ts.100.NO.rand.zpe/vasprun-30.xml,730,0,3226160
/Volumes/LaCie/postdoc_PhLAM/NO_HOPG/data/aimd_nspin_irene_0625_100traj/continue.vaspdata.Ei.0.1.Ts.100.NO.rand.zpe/vasprun-30.xml,731,0,3226258
/Volumes/LaCie/postdoc_PhLAM/NO_HOPG/data/aimd_nspin_irene_0625_100traj/continue.vaspdata.Ei.0.1.Ts.100.NO.rand.zpe/vasprun-30.xml,1481,1,3299759
/Volumes/LaCie/postdoc_PhLAM/NO_HOPG/data/aimd_nspin_irene_0625_100traj/continue.vaspdata.Ei.0.1.Ts.100.NO.rand.zpe/vasprun-30.xml,1482,1,3299857
/Volumes/LaCie/postdoc_PhLAM/NO_HOPG/data/aimd_nspin_irene_0625_100traj/continue.vaspdata.Ei.0.1.Ts.100.NO.rand.zpe/vasprun-30.xml,1483,1,3299955
/Volumes/LaCie/postdoc_PhLAM/NO_HOPG/data/aimd_nspin_irene_0625_100traj/continue.vaspdata.Ei.0.1.Ts.100.NO.rand.zpe/vasprun-30.xml,1484,1,3300053
/Volumes/LaCie/postdoc_PhLAM/NO_HOPG/data/aimd_nspin_irene_0625_100traj/continue.vaspdata.Ei.0.1.Ts.100.NO.rand.zpe/vasprun-30.xml,1485,1,3300151
/Volumes/LaCie/postdoc_PhLAM/NO_HOPG/data/aimd_nspin_irene_0625_100traj/continue.vaspdata.Ei.0.1.Ts.100.NO.rand.zpe/vasprun-30.xml,1486,1,3300249
/Volumes/LaCie/postdoc_PhLAM/NO_HOPG/data/aimd_nspin_irene_0625_100traj/continue.vaspdata.Ei.0.1.Ts.100.NO.rand.zpe/vasprun-30.xml,1487,1,3300347
/Volumes/LaCie/postdoc_PhLAM/NO_HOPG/data/aimd_nspin_irene_0625_100traj/continue.vaspdata.Ei.0.1.Ts.100.NO.rand.zpe/vasprun-30.xml,1488,1,3300445
/Volumes/LaCie/postdoc_PhLAM/NO_HOPG/data/aimd_nspin_irene_0625_100traj/continue.vaspdata.Ei.0.1.Ts.100.NO.rand.zpe/vasprun-30.xml,1489,1,3300543
/Volumes/LaCie/postdoc_PhLAM/NO_HOPG/data/aimd_nspin_irene_0625_100traj/continue.vaspdata.Ei.0.1.Ts.100.NO.rand.zpe/vasprun-30.xml,1490,1,3300641
/Volumes/LaCie/postdoc_PhLAM/NO_HOPG/data/aimd_nspin_irene_0625_100traj/continue.vaspdata.Ei.0.1.Ts.100.NO.rand.zpe/vasprun-30.xml,1491,1,3300739
/Volumes/LaCie/postdoc_PhLAM/NO_HOPG/data/aimd_nspin_irene_0625_100traj/continue.vaspdata.Ei.0.1.Ts.100.NO.rand.zpe/vasprun-30.xml,1492,1,3300837
/Volumes/LaCie/postdoc_PhLAM/NO_HOPG/data/aimd_nspin_irene_0625_100traj/continue.vaspdata.Ei.0.1.Ts.100.NO.rand.zpe/vasprun-30.xml,1493,1,3300935
/Volumes/LaCie/postdoc_PhLAM/NO_HOPG/data/aimd_nspin_irene_0625_100traj/continue.vaspdata.Ei.0.1.Ts.100.NO.rand.zpe/vasprun-30.xml,1494,1,3301033
/Volumes/LaCie/postdoc_PhLAM/NO_HOPG/data/aimd_nspin_irene_0625_100traj/continue.vaspdata.Ei.0.1.Ts.100.NO.rand.zpe/vasprun-30.xml,1495,1,3301131
/Volumes/LaCie/postdoc_PhLAM/NO_HOPG/data/aimd_nspin_irene_0625_100traj/continue.vaspdata.Ei.0.1.Ts.100.NO.rand.zpe/vasprun-30.xml,1496,1,3301229
/Volumes/LaCie/postdoc_PhLAM/NO_HOPG/data/aimd_nspin_irene_0625_100traj/continue.vaspdata.Ei.0.1.Ts.100.NO.rand.zpe/vasprun-30.xml,1497,1,3301327
/Volumes/LaCie/postdoc_PhLAM/NO_HOPG/data/aimd_nspin_irene_0625_100traj/continue.vaspdata.Ei.0.1.Ts.100.NO.rand.zpe/vasprun-30.xml,1498,1,3301425
/Volumes/LaCie/postdoc_PhLAM/NO_HOPG/data/aimd_nspin_irene_0625_100traj/continue.vaspdata.Ei.0.1.Ts.100.NO.rand.zpe/vasprun-30.xml,1499,1,3301523
/Volumes/LaCie/postdoc_PhLAM/NO_HOPG/data/aimd_nspin_irene_0625_100traj/continue.vaspdata.Ei.0.1.Ts.100.NO.rand.zpe/vasprun-30.xml,1500,1,3301621
/Volumes/LaCie/postdoc_PhLAM/NO_HOPG/data/aimd_nspin_irene_0625_100traj/continue.vaspdata.Ei.0.1.Ts.100.NO.rand.zpe/vasprun-30.xml,1501,1,3301719
/Volumes/LaCie/postdoc_PhLAM/NO_HOPG/data/aimd_nspin_irene_0625_100traj/continue.vaspdata.Ei.0.1.Ts.100.NO.rand.zpe/vasprun-30.xml,1502,1,3301817
/Volumes/LaCie/postdoc_PhLAM/NO_HOPG/data/aimd_nspin_irene_0625_100traj/continue.vaspdata.Ei.0.1.Ts.100.NO.rand.zpe/vasprun-30.xml,1503,1,3301915
/Volumes/LaCie/postdoc_PhLAM/NO_HOPG/data/aimd_nspin_irene_0625_100traj/continue.vaspdata.Ei.0.1.Ts.100.NO.rand.zpe/vasprun-30.xml,1504,1,3302013
/Volumes/LaCie/postdoc_PhLAM/NO_HOPG/data/aimd_nspin_irene_0625_100traj/continue.vaspdata.Ei.0.1.Ts.100.NO.rand.zpe/vasprun-30.xml,1505,1,3302111
/Volumes/LaCie/postdoc_PhLAM/NO_HOPG/data/aimd_nspin_irene_0625_100traj/continue.vaspdata.Ei.0.1.Ts.100.NO.rand.zpe/vasprun-30.xml,1506,1,3302209
/Volumes/LaCie/postdoc_PhLAM/NO_HOPG/data/aimd_nspin_irene_0625_100traj/continue.vaspdata.Ei.0.1.Ts.100.NO.rand.zpe/vasprun-30.xml,1507,1,3302307
/Volumes/LaCie/postdoc_PhLAM/NO_HOPG/data/aimd_nspin_irene_0625_100traj/continue.vaspdata.Ei.0.1.Ts.100.NO.rand.zpe/vasprun-30.xml,1508,1,3302405
/Volumes/LaCie/postdoc_PhLAM/NO_HOPG/data/aimd_nspin_irene_0625_100traj/continue.vaspdata.Ei.0.1.Ts.100.NO.rand.zpe/vasprun-30.xml,1509,1,3302503
/Volumes/LaCie/postdoc_PhLAM/NO_HOPG/data/aimd_nspin_irene_0625_100traj/continue.vaspdata.Ei.0.1.Ts.100.NO.rand.zpe/vasprun-30.xml,1510,1,3302601
/Volumes/LaCie/postdoc_PhLAM/NO_HOPG/data/aimd_nspin_irene_0625_100traj/continue.vaspdata.Ei.0.1.Ts.100.NO.rand.zpe/vasprun-30.xml,1511,1,3302699
/Volumes/LaCie/postdoc_PhLAM/NO_HOPG/data/aimd_nspin_irene_0625_100traj/continue.vaspdata.Ei.0.1.Ts.100.NO.rand.zpe/vasprun-30.xml,1512,1,3302797
/Volumes/LaCie/postdoc_PhLAM/NO_HOPG/data/aimd_nspin_irene_0625_100traj/continue.vaspdata.Ei.0.1.Ts.100.NO.rand.zpe/vasprun-30.xml,1513,1,3302895
/Volumes/LaCie/postdoc_PhLAM/NO_HOPG/data/aimd_nspin_irene_0625_100traj/continue.vaspdata.Ei.0.1.Ts.100.NO.rand.zpe/vasprun-30.xml,1514,1,3302993
/Volumes/LaCie/postdoc_PhLAM/NO_HOPG/data/aimd_nspin_irene_0625_100traj/continue.vaspdata.Ei.0.1.Ts.100.NO.rand.zpe/vasprun-30.xml,1515,1,3303091
/Volumes/LaCie/postdoc_PhLAM/NO_HOPG/data/aimd_nspin_irene_0625_100traj/continue.vaspdata.Ei.0.1.Ts.100.NO.rand.zpe/vasprun-30.xml,1516,1,3303189
/Volumes/LaCie/postdoc_PhLAM/NO_HOPG/data/aimd_nspin_irene_0625_100traj/continue.vaspdata.Ei.0.1.Ts.100.NO.rand.zpe/vasprun-30.xml,1517,1,3303287
/Volumes/LaCie/postdoc_PhLAM/NO_HOPG/data/aimd_nspin_irene_0625_100traj/continue.vaspdata.Ei.0.1.Ts.100.NO.rand.zpe/vasprun-30.xml,1518,1,3303385
/Volumes/LaCie/postdoc_PhLAM/NO_HOPG/data/aimd_nspin_irene_0625_100traj/continue.vaspdata.Ei.0.1.Ts.100.NO.rand.zpe/vasprun-31.xml,1365,0,3441564
/Volumes/LaCie/postdoc_PhLAM/NO_HOPG/data/aimd_nspin_irene_0625_100traj/continue.vaspdata.Ei.0.1.Ts.100.NO.rand.zpe/vasprun-31.xml,1366,0,3441662
/Volumes/LaCie/postdoc_PhLAM/NO_HOPG/data/aimd_nspin_irene_0625_100traj/continue.vaspdata.Ei.0.1.Ts.100.NO.rand.zpe/vasprun-31.xml,1367,0,3441760
/Volumes/LaCie/postdoc_PhLAM/NO_HOPG/data/aimd_nspin_irene_0625_100traj/continue.vaspdata.Ei.0.1.Ts.100.NO.rand.zpe/vasprun-31.xml,1368,0,3441858
/Volumes/LaCie/postdoc_PhLAM/NO_HOPG/data/aimd_nspin_irene_0625_100traj/continue.vaspdata.Ei.0.1.Ts.100.NO.rand.zpe/vasprun-31.xml,1369,0,3441956
/Volumes/LaCie/postdoc_PhLAM/NO_HOPG/data/aimd_nspin_irene_0625_100traj/continue.vaspdata.Ei.0.1.Ts.100.NO.rand.zpe/vasprun-31.xml,1370,0,3442054
/Volumes/LaCie/postdoc_PhLAM/NO_HOPG/data/aimd_nspin_irene_0625_100traj/continue.vaspdata.Ei.0.1.Ts.100.NO.rand.zpe/vasprun-31.xml,1371,0,3442152
/Volumes/LaCie/postdoc_PhLAM/NO_HOPG/data/aimd_nspin_irene_0625_100traj/continue.vaspdata.Ei.0.1.Ts.100.NO.rand.zpe/vasprun-31.xml,1372,0,3442250
/Volumes/LaCie/postdoc_PhLAM/NO_HOPG/data/aimd_nspin_irene_0625_100traj/continue.vaspdata.Ei.0.1.Ts.100.NO.rand.zpe/vasprun-31.xml,1373,0,3442348
/Volumes/LaCie/postdoc_PhLAM/NO_HOPG/data/aimd_nspin_irene_0625_100traj/continue.vaspdata.Ei.0.1.Ts.100.NO.rand.zpe/vasprun-31.xml,1374,0,3442446
/Volumes/LaCie/postdoc_PhLAM/NO_HOPG/data/aimd_nspin_irene_0625_100traj/continue.vaspdata.Ei.0.1.Ts.100.NO.rand.zpe/vasprun-31.xml,1375,0,3442544
/Volumes/LaCie/postdoc_PhLAM/NO_HOPG/data/aimd_nspin_irene_0625_100traj/continue.vaspdata.Ei.0.1.Ts.100.NO.rand.zpe/vasprun-31.xml,1376,0,3442642
/Volumes/LaCie/postdoc_PhLAM/NO_HOPG/data/aimd_nspin_irene_0625_100traj/continue.vaspdata.Ei.0.1.Ts.100.NO.rand.zpe/vasprun-31.xml,1377,0,3442740
/Volumes/LaCie/postdoc_PhLAM/NO_HOPG/data/aimd_nspin_irene_0625_100traj/continue.vaspdata.Ei.0.1.Ts.100.NO.rand.zpe/vasprun-31.xml,1378,0,3442838
/Volumes/LaCie/postdoc_PhLAM/NO_HOPG/data/aimd_nspin_irene_0625_100traj/continue.vaspdata.Ei.0.1.Ts.100.NO.rand.zpe/vasprun-31.xml,1379,0,3442936
/Volumes/LaCie/postdoc_PhLAM/NO_HOPG/data/aimd_nspin_irene_0625_100traj/continue.vaspdata.Ei.0.1.Ts.100.NO.rand.zpe/vasprun-31.xml,1380,0,3443034
/Volumes/LaCie/postdoc_PhLAM/NO_HOPG/data/aimd_nspin_irene_0625_100traj/continue.vaspdata.Ei.0.1.Ts.100.NO.rand.zpe/vasprun-31.xml,1381,0,3443132
/Volumes/LaCie/postdoc_PhLAM/NO_HOPG/data/aimd_nspin_irene_0625_100traj/continue.vaspdata.Ei.0.1.Ts.100.NO.rand.zpe/vasprun-31.xml,1382,0,3443230
/Volumes/LaCie/postdoc_PhLAM/NO_HOPG/data/aimd_nspin_irene_0625_100traj/continue.vaspdata.Ei.0.1.Ts.100.NO.rand.zpe/vasprun-31.xml,1383,0,3443328
/Volumes/LaCie/postdoc_PhLAM/NO_HOPG/data/aimd_nspin_irene_0625_100traj/continue.vaspdata.Ei.0.1.Ts.100.NO.rand.zpe/vasprun-31.xml,1384,0,3443426
/Volumes/LaCie/postdoc_PhLAM/NO_HOPG/data/aimd_nspin_irene_0625_100traj/continue.vaspdata.Ei.0.1.Ts.100.NO.rand.zpe/vasprun-31.xml,1385,0,3443524
/Volumes/LaCie/postdoc_PhLAM/NO_HOPG/data/aimd_nspin_irene_0625_100traj/continue.vaspdata.Ei.0.1.Ts.100.NO.rand.zpe/vasprun-31.xml,1386,0,3443622
/Volumes/LaCie/postdoc_PhLAM/NO_HOPG/data/aimd_nspin_irene_0625_100traj/continue.vaspdata.Ei.0.1.Ts.100.NO.rand.zpe/vasprun-31.xml,1387,0,3443720
/Volumes/LaCie/postdoc_PhLAM/NO_HOPG/data/aimd_nspin_irene_0625_100traj/continue.vaspdata.Ei.0.1.Ts.100.NO.rand.zpe/vasprun-31.xml,1388,0,3443818
/Volumes/LaCie/postdoc_PhLAM/NO_HOPG/data/aimd_nspin_irene_0625_100traj/continue.vaspdata.Ei.0.1.Ts.100.NO.rand.zpe/vasprun-31.xml,1389,0,3443916
/Volumes/LaCie/postdoc_PhLAM/NO_HOPG/data/aimd_nspin_irene_0625_100traj/continue.vaspdata.Ei.0.1.Ts.100.NO.rand.zpe/vasprun-31.xml,1390,0,3444014
/Volumes/LaCie/postdoc_PhLAM/NO_HOPG/data/aimd_nspin_irene_0625_100traj/continue.vaspdata.Ei.0.1.Ts.100.NO.rand.zpe/vasprun-31.xml,1391,0,3444112
/Volumes/LaCie/postdoc_PhLAM/NO_HOPG/data/aimd_nspin_irene_0625_100traj/continue.vaspdata.Ei.0.1.Ts.100.NO.rand.zpe/vasprun-31.xml,1392,0,3444210
/Volumes/LaCie/postdoc_PhLAM/NO_HOPG/data/aimd_nspin_irene_0625_100traj/continue.vaspdata.Ei.0.1.Ts.100.NO.rand.zpe/vasprun-31.xml,1393,0,3444308
/Volumes/LaCie/postdoc_PhLAM/NO_HOPG/data/aimd_nspin_irene_0625_100traj/continue.vaspdata.Ei.0.1.Ts.100.NO.rand.zpe/vasprun-31.xml,1394,0,3444406
/Volumes/LaCie/postdoc_PhLAM/NO_HOPG/data/aimd_nspin_irene_0625_100traj/continue.vaspdata.Ei.0.1.Ts.100.NO.rand.zpe/vasprun-31.xml,1395,0,3444504
/Volumes/LaCie/postdoc_PhLAM/NO_HOPG/data/aimd_nspin_irene_0625_100traj/continue.vaspdata.Ei.0.1.Ts.100.NO.rand.zpe/vasprun-31.xml,1396,0,3444602
/Volumes/LaCie/postdoc_PhLAM/NO_HOPG/data/aimd_nspin_irene_0625_100traj/continue.vaspdata.Ei.0.1.Ts.100.NO.rand.zpe/vasprun-31.xml,1397,0,3444700
/Volumes/LaCie/postdoc_PhLAM/NO_HOPG/data/aimd_nspin_irene_0625_100traj/continue.vaspdata.Ei.0.1.Ts.100.NO.rand.zpe/vasprun-31.xml,1398,0,3444798
/Volumes/LaCie/postdoc_PhLAM/NO_HOPG/data/aimd_nspin_irene_0625_100traj/continue.vaspdata.Ei.0.1.Ts.100.NO.rand.zpe/vasprun-31.xml,1399,0,3444896
/Volumes/LaCie/postdoc_PhLAM/NO_HOPG/data/aimd_nspin_irene_0625_100traj/continue.vaspdata.Ei.0.1.Ts.100.NO.rand.zpe/vasprun-31.xml,1400,0,3444994
/Volumes/LaCie/postdoc_PhLAM/NO_HOPG/data/aimd_nspin_irene_0625_100traj/continue.vaspdata.Ei.0.1.Ts.100.NO.rand.zpe/vasprun-31.xml,1401,0,3445092
/Volumes/LaCie/postdoc_PhLAM/NO_HOPG/data/aimd_nspin_irene_0625_100traj/continue.vaspdata.Ei.0.1.Ts.100.NO.rand.zpe/vasprun-31.xml,1402,0,3445190
/Volumes/LaCie/postdoc_PhLAM/NO_HOPG/data/aimd_nspin_irene_0625_100traj/continue.vaspdata.Ei.0.1.Ts.100.NO.rand.zpe/vasprun-31.xml,1403,0,3445288
/Volumes/LaCie/postdoc_PhLAM/NO_HOPG/data/aimd_nspin_irene_0625_100traj/continue.vaspdata.Ei.0.1.Ts.100.NO.rand.zpe/vasprun-31.xml,1404,0,3445386
/Volumes/LaCie/postdoc_PhLAM/NO_HOPG/data/aimd_nspin_irene_0625_100traj/continue.vaspdata.Ei.0.1.Ts.100.NO.rand.zpe/vasprun-31.xml,1405,0,3445484
/Volumes/LaCie/postdoc_PhLAM/NO_HOPG/data/aimd_nspin_irene_0625_100traj/continue.vaspdata.Ei.0.1.Ts.100.NO.rand.zpe/vasprun-31.xml,1406,0,3445582
/Volumes/LaCie/postdoc_PhLAM/NO_HOPG/data/aimd_nspin_irene_0625_100traj/continue.vaspdata.Ei.0.1.Ts.100.NO.rand.zpe/vasprun-31.xml,1407,0,3445680
/Volumes/LaCie/postdoc_PhLAM/NO_HOPG/data/aimd_nspin_irene_0625_100traj/continue.vaspdata.Ei.0.1.Ts.100.NO.rand.zpe/vasprun-31.xml,1408,0,3445778
/Volumes/LaCie/postdoc_PhLAM/NO_HOPG/data/aimd_nspin_irene_0625_100traj/continue.vaspdata.Ei.0.1.Ts.100.NO.rand.zpe/vasprun-31.xml,1409,0,3445876
/Volumes/LaCie/postdoc_PhLAM/NO_HOPG/data/aimd_nspin_irene_0625_100traj/continue.vaspdata.Ei.0.1.Ts.100.NO.rand.zpe/vasprun-31.xml,1410,0,3445974
/Volumes/LaCie/postdoc_PhLAM/NO_HOPG/data/aimd_nspin_irene_0625_100traj/continue.vaspdata.Ei.0.1.Ts.100.NO.rand.zpe/vasprun-31.xml,1411,0,3446072
/Volumes/LaCie/postdoc_PhLAM/NO_HOPG/data/aimd_nspin_irene_0625_100traj/continue.vaspdata.Ei.0.1.Ts.100.NO.rand.zpe/vasprun-31.xml,1412,0,3446170
/Volumes/LaCie/postdoc_PhLAM/NO_HOPG/data/aimd_nspin_irene_0625_100traj/continue.vaspdata.Ei.0.1.Ts.100.NO.rand.zpe/vasprun-31.xml,1413,0,3446268
/Volumes/LaCie/postdoc_PhLAM/NO_HOPG/data/aimd_nspin_irene_0625_100traj/continue.vaspdata.Ei.0.1.Ts.100.NO.rand.zpe/vasprun-31.xml,1414,0,3446366
/Volumes/LaCie/postdoc_PhLAM/NO_HOPG/data/aimd_nspin_irene_0625_100traj/continue.vaspdata.Ei.0.1.Ts.100.NO.rand.zpe/vasprun-31.xml,1415,0,3446464
/Volumes/LaCie/postdoc_PhLAM/NO_HOPG/data/aimd_nspin_irene_0625_100traj/continue.vaspdata.Ei.0.1.Ts.100.NO.rand.zpe/vasprun-31.xml,1416,0,3446562
/Volumes/LaCie/postdoc_PhLAM/NO_HOPG/data/aimd_nspin_irene_0625_100traj/continue.vaspdata.Ei.0.1.Ts.100.NO.rand.zpe/vasprun-31.xml,1417,0,3446660
/Volumes/LaCie/postdoc_PhLAM/NO_HOPG/data/aimd_nspin_irene_0625_100traj/continue.vaspdata.Ei.0.1.Ts.100.NO.rand.zpe/vasprun-31.xml,1418,0,3446758
/Volumes/LaCie/postdoc_PhLAM/NO_HOPG/data/aimd_nspin_irene_0625_100traj/continue.vaspdata.Ei.0.1.Ts.100.NO.rand.zpe/vasprun-31.xml,1419,0,3446856
/Volumes/LaCie/postdoc_PhLAM/NO_HOPG/data/aimd_nspin_irene_0625_100traj/continue.vaspdata.Ei.0.1.Ts.100.NO.rand.zpe/vasprun-31.xml,1420,0,3446954
/Volumes/LaCie/postdoc_PhLAM/NO_HOPG/data/aimd_nspin_irene_0625_100traj/continue.vaspdata.Ei.0.1.Ts.100.NO.rand.zpe/vasprun-31.xml,1421,0,3447052
/Volumes/LaCie/postdoc_PhLAM/NO_HOPG/data/aimd_nspin_irene_0625_100traj/continue.vaspdata.Ei.0.1.Ts.100.NO.rand.zpe/vasprun-31.xml,1422,0,3447150
/Volumes/LaCie/postdoc_PhLAM/NO_HOPG/data/aimd_nspin_irene_0625_100traj/continue.vaspdata.Ei.0.1.Ts.100.NO.rand.zpe/vasprun-31.xml,1423,0,3447248
/Volumes/LaCie/postdoc_PhLAM/NO_HOPG/data/aimd_nspin_irene_0625_100traj/continue.vaspdata.Ei.0.1.Ts.100.NO.rand.zpe/vasprun-31.xml,1424,0,3447346
/Volumes/LaCie/postdoc_PhLAM/NO_HOPG/data/aimd_nspin_irene_0625_100traj/continue.vaspdata.Ei.0.1.Ts.100.NO.rand.zpe/vasprun-31.xml,1425,0,3447444
/Volumes/LaCie/postdoc_PhLAM/NO_HOPG/data/aimd_nspin_irene_0625_100traj/continue.vaspdata.Ei.0.1.Ts.100.NO.rand.zpe/vasprun-31.xml,1426,0,3447542
/Volumes/LaCie/postdoc_PhLAM/NO_HOPG/data/aimd_nspin_irene_0625_100traj/continue.vaspdata.Ei.0.1.Ts.100.NO.rand.zpe/vasprun-31.xml,1427,0,3447640
/Volumes/LaCie/postdoc_PhLAM/NO_HOPG/data/aimd_nspin_irene_0625_100traj/continue.vaspdata.Ei.0.1.Ts.100.NO.rand.zpe/vasprun-31.xml,1428,0,3447738
/Volumes/LaCie/postdoc_PhLAM/NO_HOPG/data/aimd_nspin_irene_0625_100traj/continue.vaspdata.Ei.0.1.Ts.100.NO.rand.zpe/vasprun-31.xml,1429,0,3447836
/Volumes/LaCie/postdoc_PhLAM/NO_HOPG/data/aimd_nspin_irene_0625_100traj/continue.vaspdata.Ei.0.1.Ts.100.NO.rand.zpe/vasprun-31.xml,1430,0,3447934
/Volumes/LaCie/postdoc_PhLAM/NO_HOPG/data/aimd_nspin_irene_0625_100traj/continue.vaspdata.Ei.0.1.Ts.100.NO.rand.zpe/vasprun-31.xml,1431,0,3448032
/Volumes/LaCie/postdoc_PhLAM/NO_HOPG/data/aimd_nspin_irene_0625_100traj/continue.vaspdata.Ei.0.1.Ts.100.NO.rand.zpe/vasprun-31.xml,1432,0,3448130
/Volumes/LaCie/postdoc_PhLAM/NO_HOPG/data/aimd_nspin_irene_0625_100traj/continue.vaspdata.Ei.0.1.Ts.100.NO.rand.zpe/vasprun-31.xml,1433,0,3448228
/Volumes/LaCie/postdoc_PhLAM/NO_HOPG/data/aimd_nspin_irene_0625_100traj/continue.vaspdata.Ei.0.1.Ts.100.NO.rand.zpe/vasprun-31.xml,1434,0,3448326
/Volumes/LaCie/postdoc_PhLAM/NO_HOPG/data/aimd_nspin_irene_0625_100traj/continue.vaspdata.Ei.0.1.Ts.100.NO.rand.zpe/vasprun-31.xml,1435,0,3448424
/Volumes/LaCie/postdoc_PhLAM/NO_HOPG/data/aimd_nspin_irene_0625_100traj/continue.vaspdata.Ei.0.1.Ts.100.NO.rand.zpe/vasprun-31.xml,1436,0,3448522
/Volumes/LaCie/postdoc_PhLAM/NO_HOPG/data/aimd_nspin_irene_0625_100traj/continue.vaspdata.Ei.0.1.Ts.100.NO.rand.zpe/vasprun-31.xml,1437,0,3448620
/Volumes/LaCie/postdoc_PhLAM/NO_HOPG/data/aimd_nspin_irene_0625_100traj/continue.vaspdata.Ei.0.1.Ts.100.NO.rand.zpe/vasprun-35.xml,983,0,3716552
/Volumes/LaCie/postdoc_PhLAM/NO_HOPG/data/aimd_nspin_irene_0625_100traj/continue.vaspdata.Ei.0.1.Ts.100.NO.rand.zpe/vasprun-35.xml,984,0,3716650
/Volumes/LaCie/postdoc_PhLAM/NO_HOPG/data/aimd_nspin_irene_0625_100traj/continue.vaspdata.Ei.0.1.Ts.100.NO.rand.zpe/vasprun-35.xml,985,0,3716748
/Volumes/LaCie/postdoc_PhLAM/NO_HOPG/data/aimd_nspin_irene_0625_100traj/continue.vaspdata.Ei.0.1.Ts.100.NO.rand.zpe/vasprun-35.xml,986,0,3716846
/Volumes/LaCie/postdoc_PhLAM/NO_HOPG/data/aimd_nspin_irene_0625_100traj/continue.vaspdata.Ei.0.1.Ts.100.NO.rand.zpe/vasprun-35.xml,987,0,3716944
/Volumes/LaCie/postdoc_PhLAM/NO_HOPG/data/aimd_nspin_irene_0625_100traj/continue.vaspdata.Ei.0.1.Ts.100.NO.rand.zpe/vasprun-35.xml,988,0,3717042
/Volumes/LaCie/postdoc_PhLAM/NO_HOPG/data/aimd_nspin_irene_0625_100traj/continue.vaspdata.Ei.0.1.Ts.100.NO.rand.zpe/vasprun-35.xml,989,0,3717140
/Volumes/LaCie/postdoc_PhLAM/NO_HOPG/data/aimd_nspin_irene_0625_100traj/continue.vaspdata.Ei.0.1.Ts.100.NO.rand.zpe/vasprun-35.xml,990,0,3717238
/Volumes/LaCie/postdoc_PhLAM/NO_HOPG/data/aimd_nspin_irene_0625_100traj/continue.vaspdata.Ei.0.1.Ts.100.NO.rand.zpe/vasprun-35.xml,991,0,3717336
/Volumes/LaCie/postdoc_PhLAM/NO_HOPG/data/aimd_nspin_irene_0625_100traj/continue.vaspdata.Ei.0.1.Ts.100.NO.rand.zpe/vasprun-35.xml,992,0,3717434
/Volumes/LaCie/postdoc_PhLAM/NO_HOPG/data/aimd_nspin_irene_0625_100traj/continue.vaspdata.Ei.0.1.Ts.100.NO.rand.zpe/vasprun-35.xml,993,0,3717532
/Volumes/LaCie/postdoc_PhLAM/NO_HOPG/data/aimd_nspin_irene_0625_100traj/continue.vaspdata.Ei.0.1.Ts.100.NO.rand.zpe/vasprun-35.xml,994,0,3717630
/Volumes/LaCie/postdoc_PhLAM/NO_HOPG/data/aimd_nspin_irene_0625_100traj/continue.vaspdata.Ei.0.1.Ts.100.NO.rand.zpe/vasprun-35.xml,995,0,3717728
/Volumes/LaCie/postdoc_PhLAM/NO_HOPG/data/aimd_nspin_irene_0625_100traj/continue.vaspdata.Ei.0.1.Ts.100.NO.rand.zpe/vasprun-35.xml,996,0,3717826
/Volumes/LaCie/postdoc_PhLAM/NO_HOPG/data/aimd_nspin_irene_0625_100traj/continue.vaspdata.Ei.0.1.Ts.100.NO.rand.zpe/vasprun-35.xml,997,0,3717924
/Volumes/LaCie/postdoc_PhLAM/NO_HOPG/data/aimd_nspin_irene_0625_100traj/continue.vaspdata.Ei.0.1.Ts.100.NO.rand.zpe/vasprun-35.xml,998,0,3718022
/Volumes/LaCie/postdoc_PhLAM/NO_HOPG/data/aimd_nspin_irene_0625_100traj/continue.vaspdata.Ei.0.1.Ts.100.NO.rand.zpe/vasprun-35.xml,999,0,3718120
/Volumes/LaCie/postdoc_PhLAM/NO_HOPG/data/aimd_nspin_irene_0625_100traj/continue.vaspdata.Ei.0.1.Ts.100.NO.rand.zpe/vasprun-35.xml,1000,0,3718218
/Volumes/LaCie/postdoc_PhLAM/NO_HOPG/data/aimd_nspin_irene_0625_100traj/continue.vaspdata.Ei.0.1.Ts.100.NO.rand.zpe/vasprun-35.xml,1001,0,3718316
/Volumes/LaCie/postdoc_PhLAM/NO_HOPG/data/aimd_nspin_irene_0625_100traj/continue.vaspdata.Ei.0.1.Ts.100.NO.rand.zpe/vasprun-35.xml,1002,0,3718414
/Volumes/LaCie/postdoc_PhLAM/NO_HOPG/data/aimd_nspin_irene_0625_100traj/continue.vaspdata.Ei.0.1.Ts.100.NO.rand.zpe/vasprun-35.xml,1003,0,3718512
/Volumes/LaCie/postdoc_PhLAM/NO_HOPG/data/aimd_nspin_irene_0625_100traj/continue.vaspdata.Ei.0.1.Ts.100.NO.rand.zpe/vasprun-35.xml,1004,0,3718610
/Volumes/LaCie/postdoc_PhLAM/NO_HOPG/data/aimd_nspin_irene_0625_100traj/continue.vaspdata.Ei.0.1.Ts.100.NO.rand.zpe/vasprun-35.xml,1005,0,3718708
/Volumes/LaCie/postdoc_PhLAM/NO_HOPG/data/aimd_nspin_irene_0625_100traj/continue.vaspdata.Ei.0.1.Ts.100.NO.rand.zpe/vasprun-35.xml,1006,0,3718806
/Volumes/LaCie/postdoc_PhLAM/NO_HOPG/data/aimd_nspin_irene_0625_100traj/continue.vaspdata.Ei.0.1.Ts.100.NO.rand.zpe/vasprun-35.xml,1007,0,3718904
/Volumes/LaCie/postdoc_PhLAM/NO_HOPG/data/aimd_nspin_irene_0625_100traj/continue.vaspdata.Ei.0.1.Ts.100.NO.rand.zpe/vasprun-35.xml,1008,0,3719002
/Volumes/LaCie/postdoc_PhLAM/NO_HOPG/data/aimd_nspin_irene_0625_100traj/continue.vaspdata.Ei.0.1.Ts.100.NO.rand.zpe/vasprun-35.xml,1009,0,3719100
/Volumes/LaCie/postdoc_PhLAM/NO_HOPG/data/aimd_nspin_irene_0625_100traj/continue.vaspdata.Ei.0.1.Ts.100.NO.rand.zpe/vasprun-35.xml,1010,0,3719198
/Volumes/LaCie/postdoc_PhLAM/NO_HOPG/data/aimd_nspin_irene_0625_100traj/continue.vaspdata.Ei.0.1.Ts.100.NO.rand.zpe/vasprun-35.xml,1011,0,3719296
/Volumes/LaCie/postdoc_PhLAM/NO_HOPG/data/aimd_nspin_irene_0625_100traj/continue.vaspdata.Ei.0.1.Ts.100.NO.rand.zpe/vasprun-35.xml,1034,0,3721550
/Volumes/LaCie/postdoc_PhLAM/NO_HOPG/data/aimd_nspin_irene_0625_100traj/continue.vaspdata.Ei.0.1.Ts.100.NO.rand.zpe/vasprun-35.xml,1035,0,3721648
/Volumes/LaCie/postdoc_PhLAM/NO_HOPG/data/aimd_nspin_irene_0625_100traj/continue.vaspdata.Ei.0.1.Ts.100.NO.rand.zpe/vasprun-35.xml,1036,0,3721746
/Volumes/LaCie/postdoc_PhLAM/NO_HOPG/data/aimd_nspin_irene_0625_100traj/continue.vaspdata.Ei.0.1.Ts.100.NO.rand.zpe/vasprun-35.xml,1037,0,3721844
/Volumes/LaCie/postdoc_PhLAM/NO_HOPG/data/aimd_nspin_irene_0625_100traj/continue.vaspdata.Ei.0.1.Ts.100.NO.rand.zpe/vasprun-35.xml,1038,0,3721942
/Volumes/LaCie/postdoc_PhLAM/NO_HOPG/data/aimd_nspin_irene_0625_100traj/continue.vaspdata.Ei.0.1.Ts.100.NO.rand.zpe/vasprun-35.xml,1039,0,3722040
/Volumes/LaCie/postdoc_PhLAM/NO_HOPG/data/aimd_nspin_irene_0625_100traj/continue.vaspdata.Ei.0.1.Ts.100.NO.rand.zpe/vasprun-35.xml,1040,0,3722138
/Volumes/LaCie/postdoc_PhLAM/NO_HOPG/data/aimd_nspin_irene_0625_100traj/continue.vaspdata.Ei.0.1.Ts.100.NO.rand.zpe/vasprun-35.xml,1041,0,3722236
/Volumes/LaCie/postdoc_PhLAM/NO_HOPG/data/aimd_nspin_irene_0625_100traj/continue.vaspdata.Ei.0.1.Ts.100.NO.rand.zpe/vasprun-35.xml,1042,0,3722334
/Volumes/LaCie/postdoc_PhLAM/NO_HOPG/data/aimd_nspin_irene_0625_100traj/continue.vaspdata.Ei.0.1.Ts.100.NO.rand.zpe/vasprun-35.xml,1043,0,3722432
/Volumes/LaCie/postdoc_PhLAM/NO_HOPG/data/aimd_nspin_irene_0625_100traj/continue.vaspdata.Ei.0.1.Ts.100.NO.rand.zpe/vasprun-35.xml,1044,0,3722530
/Volumes/LaCie/postdoc_PhLAM/NO_HOPG/data/aimd_nspin_irene_0625_100traj/continue.vaspdata.Ei.0.1.Ts.100.NO.rand.zpe/vasprun-35.xml,1045,0,3722628
/Volumes/LaCie/postdoc_PhLAM/NO_HOPG/data/aimd_nspin_irene_0625_100traj/continue.vaspdata.Ei.0.1.Ts.100.NO.rand.zpe/vasprun-35.xml,1046,0,3722726
/Volumes/LaCie/postdoc_PhLAM/NO_HOPG/data/aimd_nspin_irene_0625_100traj/continue.vaspdata.Ei.0.1.Ts.100.NO.rand.zpe/vasprun-35.xml,1047,0,3722824
/Volumes/LaCie/postdoc_PhLAM/NO_HOPG/data/aimd_nspin_irene_0625_100traj/continue.vaspdata.Ei.0.1.Ts.100.NO.rand.zpe/vasprun-35.xml,1048,0,3722922
/Volumes/LaCie/postdoc_PhLAM/NO_HOPG/data/aimd_nspin_irene_0625_100traj/continue.vaspdata.Ei.0.1.Ts.100.NO.rand.zpe/vasprun-35.xml,1049,0,3723020
/Volumes/LaCie/postdoc_PhLAM/NO_HOPG/data/aimd_nspin_irene_0625_100traj/continue.vaspdata.Ei.0.1.Ts.100.NO.rand.zpe/vasprun-35.xml,1050,0,3723118
/Volumes/LaCie/postdoc_PhLAM/NO_HOPG/data/aimd_nspin_irene_0625_100traj/continue.vaspdata.Ei.0.1.Ts.100.NO.rand.zpe/vasprun-35.xml,1051,0,3723216
/Volumes/LaCie/postdoc_PhLAM/NO_HOPG/data/aimd_nspin_irene_0625_100traj/continue.vaspdata.Ei.0.1.Ts.100.NO.rand.zpe/vasprun-35.xml,1052,0,3723314
/Volumes/LaCie/postdoc_PhLAM/NO_HOPG/data/aimd_nspin_irene_0625_100traj/continue.vaspdata.Ei.0.1.Ts.100.NO.rand.zpe/vasprun-35.xml,1053,0,3723412
/Volumes/LaCie/postdoc_PhLAM/NO_HOPG/data/aimd_nspin_irene_0625_100traj/continue.vaspdata.Ei.0.1.Ts.100.NO.rand.zpe/vasprun-35.xml,1054,0,3723510
/Volumes/LaCie/postdoc_PhLAM/NO_HOPG/data/aimd_nspin_irene_0625_100traj/continue.vaspdata.Ei.0.1.Ts.100.NO.rand.zpe/vasprun-35.xml,1055,0,3723608
/Volumes/LaCie/postdoc_PhLAM/NO_HOPG/data/aimd_nspin_irene_0625_100traj/continue.vaspdata.Ei.0.1.Ts.100.NO.rand.zpe/vasprun-35.xml,1056,0,3723706
/Volumes/LaCie/postdoc_PhLAM/NO_HOPG/data/aimd_nspin_irene_0625_100traj/continue.vaspdata.Ei.0.1.Ts.100.NO.rand.zpe/vasprun-35.xml,1057,0,3723804
/Volumes/LaCie/postdoc_PhLAM/NO_HOPG/data/aimd_nspin_irene_0625_100traj/continue.vaspdata.Ei.0.1.Ts.100.NO.rand.zpe/vasprun-35.xml,1058,0,3723902
/Volumes/LaCie/postdoc_PhLAM/NO_HOPG/data/aimd_nspin_irene_0625_100traj/continue.vaspdata.Ei.0.1.Ts.100.NO.rand.zpe/vasprun-35.xml,1059,0,3724000
/Volumes/LaCie/postdoc_PhLAM/NO_HOPG/data/aimd_nspin_irene_0625_100traj/continue.vaspdata.Ei.0.1.Ts.100.NO.rand.zpe/vasprun-35.xml,1060,0,3724098
/Volumes/LaCie/postdoc_PhLAM/NO_HOPG/data/aimd_nspin_irene_0625_100traj/continue.vaspdata.Ei.0.1.Ts.100.NO.rand.zpe/vasprun-35.xml,1061,0,3724196
/Volumes/LaCie/postdoc_PhLAM/NO_HOPG/data/aimd_nspin_irene_0625_100traj/continue.vaspdata.Ei.0.1.Ts.100.NO.rand.zpe/vasprun-35.xml,1062,0,3724294
/Volumes/LaCie/postdoc_PhLAM/NO_HOPG/data/aimd_nspin_irene_0625_100traj/continue.vaspdata.Ei.0.1.Ts.100.NO.rand.zpe/vasprun-35.xml,1063,0,3724392
/Volumes/LaCie/postdoc_PhLAM/NO_HOPG/data/aimd_nspin_irene_0625_100traj/continue.vaspdata.Ei.0.1.Ts.100.NO.rand.zpe/vasprun-35.xml,1064,0,3724490
/Volumes/LaCie/postdoc_PhLAM/NO_HOPG/data/aimd_nspin_irene_0625_100traj/continue.vaspdata.Ei.0.1.Ts.100.NO.rand.zpe/vasprun-38.xml,683,1,3897167
/Volumes/LaCie/postdoc_PhLAM/NO_HOPG/data/aimd_nspin_irene_0625_100traj/continue.vaspdata.Ei.0.1.Ts.100.NO.rand.zpe/vasprun-38.xml,684,1,3897265
/Volumes/LaCie/postdoc_PhLAM/NO_HOPG/data/aimd_nspin_irene_0625_100traj/continue.vaspdata.Ei.0.1.Ts.100.NO.rand.zpe/vasprun-38.xml,685,1,3897363
/Volumes/LaCie/postdoc_PhLAM/NO_HOPG/data/aimd_nspin_irene_0625_100traj/continue.vaspdata.Ei.0.1.Ts.100.NO.rand.zpe/vasprun-38.xml,686,1,3897461
/Volumes/LaCie/postdoc_PhLAM/NO_HOPG/data/aimd_nspin_irene_0625_100traj/continue.vaspdata.Ei.0.1.Ts.100.NO.rand.zpe/vasprun-38.xml,687,1,3897559
/Volumes/LaCie/postdoc_PhLAM/NO_HOPG/data/aimd_nspin_irene_0625_100traj/continue.vaspdata.Ei.0.1.Ts.100.NO.rand.zpe/vasprun-38.xml,688,1,3897657
/Volumes/LaCie/postdoc_PhLAM/NO_HOPG/data/aimd_nspin_irene_0625_100traj/continue.vaspdata.Ei.0.1.Ts.100.NO.rand.zpe/vasprun-38.xml,689,1,3897755
/Volumes/LaCie/postdoc_PhLAM/NO_HOPG/data/aimd_nspin_irene_0625_100traj/continue.vaspdata.Ei.0.1.Ts.100.NO.rand.zpe/vasprun-38.xml,690,1,3897853
/Volumes/LaCie/postdoc_PhLAM/NO_HOPG/data/aimd_nspin_irene_0625_100traj/continue.vaspdata.Ei.0.1.Ts.100.NO.rand.zpe/vasprun-38.xml,691,1,3897951
/Volumes/LaCie/postdoc_PhLAM/NO_HOPG/data/aimd_nspin_irene_0625_100traj/continue.vaspdata.Ei.0.1.Ts.100.NO.rand.zpe/vasprun-38.xml,692,1,3898049
/Volumes/LaCie/postdoc_PhLAM/NO_HOPG/data/aimd_nspin_irene_0625_100traj/continue.vaspdata.Ei.0.1.Ts.100.NO.rand.zpe/vasprun-38.xml,693,1,3898147
/Volumes/LaCie/postdoc_PhLAM/NO_HOPG/data/aimd_nspin_irene_0625_100traj/continue.vaspdata.Ei.0.1.Ts.100.NO.rand.zpe/vasprun-38.xml,694,1,3898245
/Volumes/LaCie/postdoc_PhLAM/NO_HOPG/data/aimd_nspin_irene_0625_100traj/continue.vaspdata.Ei.0.1.Ts.100.NO.rand.zpe/vasprun-38.xml,695,1,3898343
/Volumes/LaCie/postdoc_PhLAM/NO_HOPG/data/aimd_nspin_irene_0625_100traj/continue.vaspdata.Ei.0.1.Ts.100.NO.rand.zpe/vasprun-38.xml,696,1,3898441
/Volumes/LaCie/postdoc_PhLAM/NO_HOPG/data/aimd_nspin_irene_0625_100traj/continue.vaspdata.Ei.0.1.Ts.100.NO.rand.zpe/vasprun-38.xml,697,1,3898539
/Volumes/LaCie/postdoc_PhLAM/NO_HOPG/data/aimd_nspin_irene_0625_100traj/continue.vaspdata.Ei.0.1.Ts.100.NO.rand.zpe/vasprun-38.xml,698,1,3898637
/Volumes/LaCie/postdoc_PhLAM/NO_HOPG/data/aimd_nspin_irene_0625_100traj/continue.vaspdata.Ei.0.1.Ts.100.NO.rand.zpe/vasprun-38.xml,699,1,3898735
/Volumes/LaCie/postdoc_PhLAM/NO_HOPG/data/aimd_nspin_irene_0625_100traj/continue.vaspdata.Ei.0.1.Ts.100.NO.rand.zpe/vasprun-38.xml,700,1,3898833
/Volumes/LaCie/postdoc_PhLAM/NO_HOPG/data/aimd_nspin_irene_0625_100traj/continue.vaspdata.Ei.0.1.Ts.100.NO.rand.zpe/vasprun-38.xml,701,1,3898931
/Volumes/LaCie/postdoc_PhLAM/NO_HOPG/data/aimd_nspin_irene_0625_100traj/continue.vaspdata.Ei.0.1.Ts.100.NO.rand.zpe/vasprun-38.xml,702,1,3899029
/Volumes/LaCie/postdoc_PhLAM/NO_HOPG/data/aimd_nspin_irene_0625_100traj/continue.vaspdata.Ei.0.1.Ts.100.NO.rand.zpe/vasprun-38.xml,703,1,3899127
/Volumes/LaCie/postdoc_PhLAM/NO_HOPG/data/aimd_nspin_irene_0625_100traj/continue.vaspdata.Ei.0.1.Ts.100.NO.rand.zpe/vasprun-38.xml,704,1,3899225
/Volumes/LaCie/postdoc_PhLAM/NO_HOPG/data/aimd_nspin_irene_0625_100traj/continue.vaspdata.Ei.0.1.Ts.100.NO.rand.zpe/vasprun-38.xml,705,1,3899323
/Volumes/LaCie/postdoc_PhLAM/NO_HOPG/data/aimd_nspin_irene_0625_100traj/continue.vaspdata.Ei.0.1.Ts.100.NO.rand.zpe/vasprun-38.xml,706,1,3899421
/Volumes/LaCie/postdoc_PhLAM/NO_HOPG/data/aimd_nspin_irene_0625_100traj/continue.vaspdata.Ei.0.1.Ts.100.NO.rand.zpe/vasprun-38.xml,707,1,3899519
/Volumes/LaCie/postdoc_PhLAM/NO_HOPG/data/aimd_nspin_irene_0625_100traj/continue.vaspdata.Ei.0.1.Ts.100.NO.rand.zpe/vasprun-38.xml,708,1,3899617
/Volumes/LaCie/postdoc_PhLAM/NO_HOPG/data/aimd_nspin_irene_0625_100traj/continue.vaspdata.Ei.0.1.Ts.100.NO.rand.zpe/vasprun-38.xml,709,1,3899715
/Volumes/LaCie/postdoc_PhLAM/NO_HOPG/data/aimd_nspin_irene_0625_100traj/continue.vaspdata.Ei.0.1.Ts.100.NO.rand.zpe/vasprun-38.xml,710,1,3899813
/Volumes/LaCie/postdoc_PhLAM/NO_HOPG/data/aimd_nspin_irene_0625_100traj/continue.vaspdata.Ei.0.1.Ts.100.NO.rand.zpe/vasprun-38.xml,711,1,3899911
/Volumes/LaCie/postdoc_PhLAM/NO_HOPG/data/aimd_nspin_irene_0625_100traj/continue.vaspdata.Ei.0.1.Ts.100.NO.rand.zpe/vasprun-38.xml,712,1,3900009
/Volumes/LaCie/postdoc_PhLAM/NO_HOPG/data/aimd_nspin_irene_0625_100traj/continue.vaspdata.Ei.0.1.Ts.100.NO.rand.zpe/vasprun-38.xml,713,1,3900107
/Volumes/LaCie/postdoc_PhLAM/NO_HOPG/data/aimd_nspin_irene_0625_100traj/continue.vaspdata.Ei.0.1.Ts.100.NO.rand.zpe/vasprun-38.xml,714,1,3900205
/Volumes/LaCie/postdoc_PhLAM/NO_HOPG/data/aimd_nspin_irene_0625_100traj/continue.vaspdata.Ei.0.1.Ts.100.NO.rand.zpe/vasprun-38.xml,715,1,3900303
/Volumes/LaCie/postdoc_PhLAM/NO_HOPG/data/aimd_nspin_irene_0625_100traj/continue.vaspdata.Ei.0.1.Ts.100.NO.rand.zpe/vasprun-38.xml,716,1,3900401
/Volumes/LaCie/postdoc_PhLAM/NO_HOPG/data/aimd_nspin_irene_0625_100traj/continue.vaspdata.Ei.0.1.Ts.100.NO.rand.zpe/vasprun-38.xml,717,1,3900499
/Volumes/LaCie/postdoc_PhLAM/NO_HOPG/data/aimd_nspin_irene_0625_100traj/continue.vaspdata.Ei.0.1.Ts.100.NO.rand.zpe/vasprun-38.xml,718,1,3900597
/Volumes/LaCie/postdoc_PhLAM/NO_HOPG/data/aimd_nspin_irene_0625_100traj/continue.vaspdata.Ei.0.1.Ts.100.NO.rand.zpe/vasprun-38.xml,719,1,3900695
/Volumes/LaCie/postdoc_PhLAM/NO_HOPG/data/aimd_nspin_irene_0625_100traj/continue.vaspdata.Ei.0.1.Ts.100.NO.rand.zpe/vasprun-38.xml,720,1,3900793
/Volumes/LaCie/postdoc_PhLAM/NO_HOPG/data/aimd_nspin_irene_0625_100traj/continue.vaspdata.Ei.0.1.Ts.100.NO.rand.zpe/vasprun-38.xml,721,1,3900891
/Volumes/LaCie/postdoc_PhLAM/NO_HOPG/data/aimd_nspin_irene_0625_100traj/continue.vaspdata.Ei.0.1.Ts.100.NO.rand.zpe/vasprun-38.xml,722,1,3900989
/Volumes/LaCie/postdoc_PhLAM/NO_HOPG/data/aimd_nspin_irene_0625_100traj/continue.vaspdata.Ei.0.1.Ts.100.NO.rand.zpe/vasprun-38.xml,723,1,3901087
/Volumes/LaCie/postdoc_PhLAM/NO_HOPG/data/aimd_nspin_irene_0625_100traj/continue.vaspdata.Ei.0.1.Ts.100.NO.rand.zpe/vasprun-38.xml,724,1,3901185
/Volumes/LaCie/postdoc_PhLAM/NO_HOPG/data/aimd_nspin_irene_0625_100traj/continue.vaspdata.Ei.0.1.Ts.100.NO.rand.zpe/vasprun-38.xml,725,1,3901283
/Volumes/LaCie/postdoc_PhLAM/NO_HOPG/data/aimd_nspin_irene_0625_100traj/continue.vaspdata.Ei.0.1.Ts.100.NO.rand.zpe/vasprun-38.xml,726,1,3901381
/Volumes/LaCie/postdoc_PhLAM/NO_HOPG/data/aimd_nspin_irene_0625_100traj/continue.vaspdata.Ei.0.1.Ts.100.NO.rand.zpe/vasprun-38.xml,727,1,3901479
/Volumes/LaCie/postdoc_PhLAM/NO_HOPG/data/aimd_nspin_irene_0625_100traj/continue.vaspdata.Ei.0.1.Ts.100.NO.rand.zpe/vasprun-38.xml,728,1,3901577
/Volumes/LaCie/postdoc_PhLAM/NO_HOPG/data/aimd_nspin_irene_0625_100traj/continue.vaspdata.Ei.0.1.Ts.100.NO.rand.zpe/vasprun-38.xml,729,1,3901675
/Volumes/LaCie/postdoc_PhLAM/NO_HOPG/data/aimd_nspin_irene_0625_100traj/continue.vaspdata.Ei.0.1.Ts.100.NO.rand.zpe/vasprun-38.xml,730,1,3901773
/Volumes/LaCie/postdoc_PhLAM/NO_HOPG/data/aimd_nspin_irene_0625_100traj/continue.vaspdata.Ei.0.1.Ts.100.NO.rand.zpe/vasprun-38.xml,731,1,3901871
/Volumes/LaCie/postdoc_PhLAM/NO_HOPG/data/aimd_nspin_irene_0625_100traj/continue.vaspdata.Ei.0.1.Ts.100.NO.rand.zpe/vasprun-38.xml,732,1,3901969
/Volumes/LaCie/postdoc_PhLAM/NO_HOPG/data/aimd_nspin_irene_0625_100traj/continue.vaspdata.Ei.0.1.Ts.100.NO.rand.zpe/vasprun-38.xml,733,1,3902067
/Volumes/LaCie/postdoc_PhLAM/NO_HOPG/data/aimd_nspin_irene_0625_100traj/continue.vaspdata.Ei.0.1.Ts.100.NO.rand.zpe/vasprun-38.xml,734,1,3902165
/Volumes/LaCie/postdoc_PhLAM/NO_HOPG/data/aimd_nspin_irene_0625_100traj/continue.vaspdata.Ei.0.1.Ts.100.NO.rand.zpe/vasprun-38.xml,735,1,3902263
/Volumes/LaCie/postdoc_PhLAM/NO_HOPG/data/aimd_nspin_irene_0625_100traj/continue.vaspdata.Ei.0.1.Ts.100.NO.rand.zpe/vasprun-38.xml,736,1,3902361
/Volumes/LaCie/postdoc_PhLAM/NO_HOPG/data/aimd_nspin_irene_0625_100traj/continue.vaspdata.Ei.0.1.Ts.100.NO.rand.zpe/vasprun-38.xml,737,1,3902459
/Volumes/LaCie/postdoc_PhLAM/NO_HOPG/data/aimd_nspin_irene_0625_100traj/continue.vaspdata.Ei.0.1.Ts.100.NO.rand.zpe/vasprun-38.xml,738,1,3902557
/Volumes/LaCie/postdoc_PhLAM/NO_HOPG/data/aimd_nspin_irene_0625_100traj/continue.vaspdata.Ei.0.1.Ts.100.NO.rand.zpe/vasprun-39.xml,239,0,3997028
/Volumes/LaCie/postdoc_PhLAM/NO_HOPG/data/aimd_nspin_irene_0625_100traj/continue.vaspdata.Ei.0.1.Ts.100.NO.rand.zpe/vasprun-39.xml,240,0,3997126
/Volumes/LaCie/postdoc_PhLAM/NO_HOPG/data/aimd_nspin_irene_0625_100traj/continue.vaspdata.Ei.0.1.Ts.100.NO.rand.zpe/vasprun-39.xml,241,0,3997224
/Volumes/LaCie/postdoc_PhLAM/NO_HOPG/data/aimd_nspin_irene_0625_100traj/continue.vaspdata.Ei.0.1.Ts.100.NO.rand.zpe/vasprun-39.xml,242,0,3997322
/Volumes/LaCie/postdoc_PhLAM/NO_HOPG/data/aimd_nspin_irene_0625_100traj/continue.vaspdata.Ei.0.1.Ts.100.NO.rand.zpe/vasprun-39.xml,243,0,3997420
/Volumes/LaCie/postdoc_PhLAM/NO_HOPG/data/aimd_nspin_irene_0625_100traj/continue.vaspdata.Ei.0.1.Ts.100.NO.rand.zpe/vasprun-39.xml,244,0,3997518
/Volumes/LaCie/postdoc_PhLAM/NO_HOPG/data/aimd_nspin_irene_0625_100traj/continue.vaspdata.Ei.0.1.Ts.100.NO.rand.zpe/vasprun-39.xml,245,0,3997616
/Volumes/LaCie/postdoc_PhLAM/NO_HOPG/data/aimd_nspin_irene_0625_100traj/continue.vaspdata.Ei.0.1.Ts.100.NO.rand.zpe/vasprun-39.xml,246,0,3997714
/Volumes/LaCie/postdoc_PhLAM/NO_HOPG/data/aimd_nspin_irene_0625_100traj/continue.vaspdata.Ei.0.1.Ts.100.NO.rand.zpe/vasprun-39.xml,247,0,3997812
/Volumes/LaCie/postdoc_PhLAM/NO_HOPG/data/aimd_nspin_irene_0625_100traj/continue.vaspdata.Ei.0.1.Ts.100.NO.rand.zpe/vasprun-39.xml,248,0,3997910
/Volumes/LaCie/postdoc_PhLAM/NO_HOPG/data/aimd_nspin_irene_0625_100traj/continue.vaspdata.Ei.0.1.Ts.100.NO.rand.zpe/vasprun-39.xml,249,0,3998008
/Volumes/LaCie/postdoc_PhLAM/NO_HOPG/data/aimd_nspin_irene_0625_100traj/continue.vaspdata.Ei.0.1.Ts.100.NO.rand.zpe/vasprun-39.xml,250,0,3998106
/Volumes/LaCie/postdoc_PhLAM/NO_HOPG/data/aimd_nspin_irene_0625_100traj/continue.vaspdata.Ei.0.1.Ts.100.NO.rand.zpe/vasprun-39.xml,251,0,3998204
/Volumes/LaCie/postdoc_PhLAM/NO_HOPG/data/aimd_nspin_irene_0625_100traj/continue.vaspdata.Ei.0.1.Ts.100.NO.rand.zpe/vasprun-39.xml,252,0,3998302
/Volumes/LaCie/postdoc_PhLAM/NO_HOPG/data/aimd_nspin_irene_0625_100traj/continue.vaspdata.Ei.0.1.Ts.100.NO.rand.zpe/vasprun-39.xml,253,0,3998400
/Volumes/LaCie/postdoc_PhLAM/NO_HOPG/data/aimd_nspin_irene_0625_100traj/continue.vaspdata.Ei.0.1.Ts.100.NO.rand.zpe/vasprun-39.xml,254,0,3998498
/Volumes/LaCie/postdoc_PhLAM/NO_HOPG/data/aimd_nspin_irene_0625_100traj/continue.vaspdata.Ei.0.1.Ts.100.NO.rand.zpe/vasprun-39.xml,255,0,3998596
/Volumes/LaCie/postdoc_PhLAM/NO_HOPG/data/aimd_nspin_irene_0625_100traj/continue.vaspdata.Ei.0.1.Ts.100.NO.rand.zpe/vasprun-39.xml,256,0,3998694
/Volumes/LaCie/postdoc_PhLAM/NO_HOPG/data/aimd_nspin_irene_0625_100traj/continue.vaspdata.Ei.0.1.Ts.100.NO.rand.zpe/vasprun-39.xml,257,0,3998792
/Volumes/LaCie/postdoc_PhLAM/NO_HOPG/data/aimd_nspin_irene_0625_100traj/continue.vaspdata.Ei.0.1.Ts.100.NO.rand.zpe/vasprun-39.xml,258,0,3998890
/Volumes/LaCie/postdoc_PhLAM/NO_HOPG/data/aimd_nspin_irene_0625_100traj/continue.vaspdata.Ei.0.1.Ts.100.NO.rand.zpe/vasprun-39.xml,259,0,3998988
/Volumes/LaCie/postdoc_PhLAM/NO_HOPG/data/aimd_nspin_irene_0625_100traj/continue.vaspdata.Ei.0.1.Ts.100.NO.rand.zpe/vasprun-39.xml,260,0,3999086
/Volumes/LaCie/postdoc_PhLAM/NO_HOPG/data/aimd_nspin_irene_0625_100traj/continue.vaspdata.Ei.0.1.Ts.100.NO.rand.zpe/vasprun-39.xml,261,0,3999184
/Volumes/LaCie/postdoc_PhLAM/NO_HOPG/data/aimd_nspin_irene_0625_100traj/continue.vaspdata.Ei.0.1.Ts.100.NO.rand.zpe/vasprun-39.xml,262,0,3999282
/Volumes/LaCie/postdoc_PhLAM/NO_HOPG/data/aimd_nspin_irene_0625_100traj/continue.vaspdata.Ei.0.1.Ts.100.NO.rand.zpe/vasprun-39.xml,263,0,3999380
/Volumes/LaCie/postdoc_PhLAM/NO_HOPG/data/aimd_nspin_irene_0625_100traj/continue.vaspdata.Ei.0.1.Ts.100.NO.rand.zpe/vasprun-39.xml,264,0,3999478
/Volumes/LaCie/postdoc_PhLAM/NO_HOPG/data/aimd_nspin_irene_0625_100traj/continue.vaspdata.Ei.0.1.Ts.100.NO.rand.zpe/vasprun-39.xml,265,0,3999576
/Volumes/LaCie/postdoc_PhLAM/NO_HOPG/data/aimd_nspin_irene_0625_100traj/continue.vaspdata.Ei.0.1.Ts.100.NO.rand.zpe/vasprun-39.xml,266,0,3999674
/Volumes/LaCie/postdoc_PhLAM/NO_HOPG/data/aimd_nspin_irene_0625_100traj/continue.vaspdata.Ei.0.1.Ts.100.NO.rand.zpe/vasprun-39.xml,267,0,3999772
/Volumes/LaCie/postdoc_PhLAM/NO_HOPG/data/aimd_nspin_irene_0625_100traj/continue.vaspdata.Ei.0.1.Ts.100.NO.rand.zpe/vasprun-39.xml,268,0,3999870
/Volumes/LaCie/postdoc_PhLAM/NO_HOPG/data/aimd_nspin_irene_0625_100traj/continue.vaspdata.Ei.0.1.Ts.100.NO.rand.zpe/vasprun-39.xml,269,0,3999968
/Volumes/LaCie/postdoc_PhLAM/NO_HOPG/data/aimd_nspin_irene_0625_100traj/continue.vaspdata.Ei.0.1.Ts.100.NO.rand.zpe/vasprun-39.xml,270,0,4000066
/Volumes/LaCie/postdoc_PhLAM/NO_HOPG/data/aimd_nspin_irene_0625_100traj/continue.vaspdata.Ei.0.1.Ts.100.NO.rand.zpe/vasprun-39.xml,271,0,4000164
/Volumes/LaCie/postdoc_PhLAM/NO_HOPG/data/aimd_nspin_irene_0625_100traj/continue.vaspdata.Ei.0.1.Ts.100.NO.rand.zpe/vasprun-39.xml,272,0,4000262
/Volumes/LaCie/postdoc_PhLAM/NO_HOPG/data/aimd_nspin_irene_0625_100traj/continue.vaspdata.Ei.0.1.Ts.100.NO.rand.zpe/vasprun-39.xml,273,0,4000360
/Volumes/LaCie/postdoc_PhLAM/NO_HOPG/data/aimd_nspin_irene_0625_100traj/continue.vaspdata.Ei.0.1.Ts.100.NO.rand.zpe/vasprun-39.xml,274,0,4000458
/Volumes/LaCie/postdoc_PhLAM/NO_HOPG/data/aimd_nspin_irene_0625_100traj/continue.vaspdata.Ei.0.1.Ts.100.NO.rand.zpe/vasprun-39.xml,275,0,4000556
/Volumes/LaCie/postdoc_PhLAM/NO_HOPG/data/aimd_nspin_irene_0625_100traj/continue.vaspdata.Ei.0.1.Ts.100.NO.rand.zpe/vasprun-39.xml,276,0,4000654
/Volumes/LaCie/postdoc_PhLAM/NO_HOPG/data/aimd_nspin_irene_0625_100traj/continue.vaspdata.Ei.0.1.Ts.100.NO.rand.zpe/vasprun-39.xml,277,0,4000752
/Volumes/LaCie/postdoc_PhLAM/NO_HOPG/data/aimd_nspin_irene_0625_100traj/continue.vaspdata.Ei.0.1.Ts.100.NO.rand.zpe/vasprun-39.xml,278,0,4000850
/Volumes/LaCie/postdoc_PhLAM/NO_HOPG/data/aimd_nspin_irene_0625_100traj/continue.vaspdata.Ei.0.1.Ts.100.NO.rand.zpe/vasprun-39.xml,279,0,4000948
/Volumes/LaCie/postdoc_PhLAM/NO_HOPG/data/aimd_nspin_irene_0625_100traj/continue.vaspdata.Ei.0.1.Ts.100.NO.rand.zpe/vasprun-39.xml,280,0,4001046
/Volumes/LaCie/postdoc_PhLAM/NO_HOPG/data/aimd_nspin_irene_0625_100traj/continue.vaspdata.Ei.0.1.Ts.100.NO.rand.zpe/vasprun-39.xml,281,0,4001144
/Volumes/LaCie/postdoc_PhLAM/NO_HOPG/data/aimd_nspin_irene_0625_100traj/continue.vaspdata.Ei.0.1.Ts.100.NO.rand.zpe/vasprun-39.xml,282,0,4001242
/Volumes/LaCie/postdoc_PhLAM/NO_HOPG/data/aimd_nspin_irene_0625_100traj/continue.vaspdata.Ei.0.1.Ts.100.NO.rand.zpe/vasprun-39.xml,283,0,4001340
/Volumes/LaCie/postdoc_PhLAM/NO_HOPG/data/aimd_nspin_irene_0625_100traj/continue.vaspdata.Ei.0.1.Ts.100.NO.rand.zpe/vasprun-39.xml,284,0,4001438
/Volumes/LaCie/postdoc_PhLAM/NO_HOPG/data/aimd_nspin_irene_0625_100traj/continue.vaspdata.Ei.0.1.Ts.100.NO.rand.zpe/vasprun-39.xml,759,0,4047988
/Volumes/LaCie/postdoc_PhLAM/NO_HOPG/data/aimd_nspin_irene_0625_100traj/continue.vaspdata.Ei.0.1.Ts.100.NO.rand.zpe/vasprun-39.xml,760,0,4048086
/Volumes/LaCie/postdoc_PhLAM/NO_HOPG/data/aimd_nspin_irene_0625_100traj/continue.vaspdata.Ei.0.1.Ts.100.NO.rand.zpe/vasprun-39.xml,761,0,4048184
/Volumes/LaCie/postdoc_PhLAM/NO_HOPG/data/aimd_nspin_irene_0625_100traj/continue.vaspdata.Ei.0.1.Ts.100.NO.rand.zpe/vasprun-39.xml,762,0,4048282
/Volumes/LaCie/postdoc_PhLAM/NO_HOPG/data/aimd_nspin_irene_0625_100traj/continue.vaspdata.Ei.0.1.Ts.100.NO.rand.zpe/vasprun-39.xml,763,0,4048380
/Volumes/LaCie/postdoc_PhLAM/NO_HOPG/data/aimd_nspin_irene_0625_100traj/continue.vaspdata.Ei.0.1.Ts.100.NO.rand.zpe/vasprun-39.xml,764,0,4048478
/Volumes/LaCie/postdoc_PhLAM/NO_HOPG/data/aimd_nspin_irene_0625_100traj/continue.vaspdata.Ei.0.1.Ts.100.NO.rand.zpe/vasprun-39.xml,765,0,4048576
/Volumes/LaCie/postdoc_PhLAM/NO_HOPG/data/aimd_nspin_irene_0625_100traj/continue.vaspdata.Ei.0.1.Ts.100.NO.rand.zpe/vasprun-39.xml,766,0,4048674
/Volumes/LaCie/postdoc_PhLAM/NO_HOPG/data/aimd_nspin_irene_0625_100traj/continue.vaspdata.Ei.0.1.Ts.100.NO.rand.zpe/vasprun-39.xml,767,0,4048772
/Volumes/LaCie/postdoc_PhLAM/NO_HOPG/data/aimd_nspin_irene_0625_100traj/continue.vaspdata.Ei.0.1.Ts.100.NO.rand.zpe/vasprun-39.xml,768,0,4048870
/Volumes/LaCie/postdoc_PhLAM/NO_HOPG/data/aimd_nspin_irene_0625_100traj/continue.vaspdata.Ei.0.1.Ts.100.NO.rand.zpe/vasprun-39.xml,769,0,4048968
/Volumes/LaCie/postdoc_PhLAM/NO_HOPG/data/aimd_nspin_irene_0625_100traj/continue.vaspdata.Ei.0.1.Ts.100.NO.rand.zpe/vasprun-39.xml,770,0,4049066
/Volumes/LaCie/postdoc_PhLAM/NO_HOPG/data/aimd_nspin_irene_0625_100traj/continue.vaspdata.Ei.0.1.Ts.100.NO.rand.zpe/vasprun-39.xml,771,0,4049164
/Volumes/LaCie/postdoc_PhLAM/NO_HOPG/data/aimd_nspin_irene_0625_100traj/continue.vaspdata.Ei.0.1.Ts.100.NO.rand.zpe/vasprun-39.xml,772,0,4049262
/Volumes/LaCie/postdoc_PhLAM/NO_HOPG/data/aimd_nspin_irene_0625_100traj/continue.vaspdata.Ei.0.1.Ts.100.NO.rand.zpe/vasprun-39.xml,773,0,4049360
/Volumes/LaCie/postdoc_PhLAM/NO_HOPG/data/aimd_nspin_irene_0625_100traj/continue.vaspdata.Ei.0.1.Ts.100.NO.rand.zpe/vasprun-39.xml,774,0,4049458
/Volumes/LaCie/postdoc_PhLAM/NO_HOPG/data/aimd_nspin_irene_0625_100traj/continue.vaspdata.Ei.0.1.Ts.100.NO.rand.zpe/vasprun-39.xml,775,0,4049556
/Volumes/LaCie/postdoc_PhLAM/NO_HOPG/data/aimd_nspin_irene_0625_100traj/continue.vaspdata.Ei.0.1.Ts.100.NO.rand.zpe/vasprun-39.xml,776,0,4049654
/Volumes/LaCie/postdoc_PhLAM/NO_HOPG/data/aimd_nspin_irene_0625_100traj/continue.vaspdata.Ei.0.1.Ts.100.NO.rand.zpe/vasprun-39.xml,777,0,4049752
/Volumes/LaCie/postdoc_PhLAM/NO_HOPG/data/aimd_nspin_irene_0625_100traj/continue.vaspdata.Ei.0.1.Ts.100.NO.rand.zpe/vasprun-39.xml,778,0,4049850
/Volumes/LaCie/postdoc_PhLAM/NO_HOPG/data/aimd_nspin_irene_0625_100traj/continue.vaspdata.Ei.0.1.Ts.100.NO.rand.zpe/vasprun-39.xml,779,0,4049948
/Volumes/LaCie/postdoc_PhLAM/NO_HOPG/data/aimd_nspin_irene_0625_100traj/continue.vaspdata.Ei.0.1.Ts.100.NO.rand.zpe/vasprun-39.xml,780,0,4050046
/Volumes/LaCie/postdoc_PhLAM/NO_HOPG/data/aimd_nspin_irene_0625_100traj/continue.vaspdata.Ei.0.1.Ts.100.NO.rand.zpe/vasprun-39.xml,781,0,4050144
/Volumes/LaCie/postdoc_PhLAM/NO_HOPG/data/aimd_nspin_irene_0625_100traj/continue.vaspdata.Ei.0.1.Ts.100.NO.rand.zpe/vasprun-39.xml,782,0,4050242
/Volumes/LaCie/postdoc_PhLAM/NO_HOPG/data/aimd_nspin_irene_0625_100traj/continue.vaspdata.Ei.0.1.Ts.100.NO.rand.zpe/vasprun-39.xml,783,0,4050340
/Volumes/LaCie/postdoc_PhLAM/NO_HOPG/data/aimd_nspin_irene_0625_100traj/continue.vaspdata.Ei.0.1.Ts.100.NO.rand.zpe/vasprun-39.xml,784,0,4050438
/Volumes/LaCie/postdoc_PhLAM/NO_HOPG/data/aimd_nspin_irene_0625_100traj/continue.vaspdata.Ei.0.1.Ts.100.NO.rand.zpe/vasprun-39.xml,785,0,4050536
/Volumes/LaCie/postdoc_PhLAM/NO_HOPG/data/aimd_nspin_irene_0625_100traj/continue.vaspdata.Ei.0.1.Ts.100.NO.rand.zpe/vasprun-39.xml,786,0,4050634
/Volumes/LaCie/postdoc_PhLAM/NO_HOPG/data/aimd_nspin_irene_0625_100traj/continue.vaspdata.Ei.0.1.Ts.100.NO.rand.zpe/vasprun-39.xml,787,0,4050732
/Volumes/LaCie/postdoc_PhLAM/NO_HOPG/data/aimd_nspin_irene_0625_100traj/continue.vaspdata.Ei.0.1.Ts.100.NO.rand.zpe/vasprun-39.xml,788,0,4050830
/Volumes/LaCie/postdoc_PhLAM/NO_HOPG/data/aimd_nspin_irene_0625_100traj/continue.vaspdata.Ei.0.1.Ts.100.NO.rand.zpe/vasprun-39.xml,789,0,4050928
/Volumes/LaCie/postdoc_PhLAM/NO_HOPG/data/aimd_nspin_irene_0625_100traj/continue.vaspdata.Ei.0.1.Ts.100.NO.rand.zpe/vasprun-39.xml,790,0,4051026
/Volumes/LaCie/postdoc_PhLAM/NO_HOPG/data/aimd_nspin_irene_0625_100traj/continue.vaspdata.Ei.0.1.Ts.100.NO.rand.zpe/vasprun-39.xml,791,0,4051124
/Volumes/LaCie/postdoc_PhLAM/NO_HOPG/data/aimd_nspin_irene_0625_100traj/continue.vaspdata.Ei.0.1.Ts.100.NO.rand.zpe/vasprun-39.xml,792,0,4051222
/Volumes/LaCie/postdoc_PhLAM/NO_HOPG/data/aimd_nspin_irene_0625_100traj/continue.vaspdata.Ei.0.1.Ts.100.NO.rand.zpe/vasprun-39.xml,793,0,4051320
/Volumes/LaCie/postdoc_PhLAM/NO_HOPG/data/aimd_nspin_irene_0625_100traj/continue.vaspdata.Ei.0.1.Ts.100.NO.rand.zpe/vasprun-39.xml,794,0,4051418
/Volumes/LaCie/postdoc_PhLAM/NO_HOPG/data/aimd_nspin_irene_0625_100traj/continue.vaspdata.Ei.0.1.Ts.100.NO.rand.zpe/vasprun-39.xml,795,0,4051516
/Volumes/LaCie/postdoc_PhLAM/NO_HOPG/data/aimd_nspin_irene_0625_100traj/continue.vaspdata.Ei.0.1.Ts.100.NO.rand.zpe/vasprun-39.xml,796,0,4051614
/Volumes/LaCie/postdoc_PhLAM/NO_HOPG/data/aimd_nspin_irene_0625_100traj/continue.vaspdata.Ei.0.1.Ts.100.NO.rand.zpe/vasprun-39.xml,797,0,4051712
/Volumes/LaCie/postdoc_PhLAM/NO_HOPG/data/aimd_nspin_irene_0625_100traj/continue.vaspdata.Ei.0.1.Ts.100.NO.rand.zpe/vasprun-39.xml,798,0,4051810
/Volumes/LaCie/postdoc_PhLAM/NO_HOPG/data/aimd_nspin_irene_0625_100traj/continue.vaspdata.Ei.0.1.Ts.100.NO.rand.zpe/vasprun-39.xml,799,0,4051908
/Volumes/LaCie/postdoc_PhLAM/NO_HOPG/data/aimd_nspin_irene_0625_100traj/continue.vaspdata.Ei.0.1.Ts.100.NO.rand.zpe/vasprun-39.xml,800,0,4052006
/Volumes/LaCie/postdoc_PhLAM/NO_HOPG/data/aimd_nspin_irene_0625_100traj/continue.vaspdata.Ei.0.1.Ts.100.NO.rand.zpe/vasprun-39.xml,801,0,4052104
/Volumes/LaCie/postdoc_PhLAM/NO_HOPG/data/aimd_nspin_irene_0625_100traj/continue.vaspdata.Ei.0.1.Ts.100.NO.rand.zpe/vasprun-39.xml,802,0,4052202
/Volumes/LaCie/postdoc_PhLAM/NO_HOPG/data/aimd_nspin_irene_0625_100traj/continue.vaspdata.Ei.0.1.Ts.100.NO.rand.zpe/vasprun-39.xml,803,0,4052300
/Volumes/LaCie/postdoc_PhLAM/NO_HOPG/data/aimd_nspin_irene_0625_100traj/continue.vaspdata.Ei.0.1.Ts.100.NO.rand.zpe/vasprun-39.xml,804,0,4052398
/Volumes/LaCie/postdoc_PhLAM/NO_HOPG/data/aimd_nspin_irene_0625_100traj/continue.vaspdata.Ei.0.1.Ts.100.NO.rand.zpe/vasprun-39.xml,805,0,4052496
/Volumes/LaCie/postdoc_PhLAM/NO_HOPG/data/aimd_nspin_irene_0625_100traj/continue.vaspdata.Ei.0.1.Ts.100.NO.rand.zpe/vasprun-39.xml,806,0,4052594
/Volumes/LaCie/postdoc_PhLAM/NO_HOPG/data/aimd_nspin_irene_0625_100traj/continue.vaspdata.Ei.0.1.Ts.100.NO.rand.zpe/vasprun-39.xml,807,0,4052692
/Volumes/LaCie/postdoc_PhLAM/NO_HOPG/data/aimd_nspin_irene_0625_100traj/continue.vaspdata.Ei.0.1.Ts.100.NO.rand.zpe/vasprun-39.xml,808,0,4052790
/Volumes/LaCie/postdoc_PhLAM/NO_HOPG/data/aimd_nspin_irene_0625_100traj/continue.vaspdata.Ei.0.1.Ts.100.NO.rand.zpe/vasprun-39.xml,809,0,4052888
/Volumes/LaCie/postdoc_PhLAM/NO_HOPG/data/aimd_nspin_irene_0625_100traj/continue.vaspdata.Ei.0.1.Ts.100.NO.rand.zpe/vasprun-39.xml,810,0,4052986
/Volumes/LaCie/postdoc_PhLAM/NO_HOPG/data/aimd_nspin_irene_0625_100traj/continue.vaspdata.Ei.0.1.Ts.100.NO.rand.zpe/vasprun-39.xml,811,0,4053084
/Volumes/LaCie/postdoc_PhLAM/NO_HOPG/data/aimd_nspin_irene_0625_100traj/continue.vaspdata.Ei.0.1.Ts.100.NO.rand.zpe/vasprun-39.xml,812,0,4053182
/Volumes/LaCie/postdoc_PhLAM/NO_HOPG/data/aimd_nspin_irene_0625_100traj/continue.vaspdata.Ei.0.1.Ts.100.NO.rand.zpe/vasprun-39.xml,813,0,4053280
/Volumes/LaCie/postdoc_PhLAM/NO_HOPG/data/aimd_nspin_irene_0625_100traj/continue.vaspdata.Ei.0.1.Ts.100.NO.rand.zpe/vasprun-39.xml,814,0,4053378
/Volumes/LaCie/postdoc_PhLAM/NO_HOPG/data/aimd_nspin_irene_0625_100traj/continue.vaspdata.Ei.0.1.Ts.100.NO.rand.zpe/vasprun-39.xml,815,0,4053476
/Volumes/LaCie/postdoc_PhLAM/NO_HOPG/data/aimd_nspin_irene_0625_100traj/continue.vaspdata.Ei.0.1.Ts.100.NO.rand.zpe/vasprun-39.xml,816,0,4053574
/Volumes/LaCie/postdoc_PhLAM/NO_HOPG/data/aimd_nspin_irene_0625_100traj/continue.vaspdata.Ei.0.1.Ts.100.NO.rand.zpe/vasprun-39.xml,817,0,4053672
/Volumes/LaCie/postdoc_PhLAM/NO_HOPG/data/aimd_nspin_irene_0625_100traj/continue.vaspdata.Ei.0.1.Ts.100.NO.rand.zpe/vasprun-39.xml,818,0,4053770
/Volumes/LaCie/postdoc_PhLAM/NO_HOPG/data/aimd_nspin_irene_0625_100traj/continue.vaspdata.Ei.0.1.Ts.100.NO.rand.zpe/vasprun-4.xml,1370,1,4255651
/Volumes/LaCie/postdoc_PhLAM/NO_HOPG/data/aimd_nspin_irene_0625_100traj/continue.vaspdata.Ei.0.1.Ts.100.NO.rand.zpe/vasprun-4.xml,1371,1,4255749
/Volumes/LaCie/postdoc_PhLAM/NO_HOPG/data/aimd_nspin_irene_0625_100traj/continue.vaspdata.Ei.0.1.Ts.100.NO.rand.zpe/vasprun-4.xml,1372,1,4255847
/Volumes/LaCie/postdoc_PhLAM/NO_HOPG/data/aimd_nspin_irene_0625_100traj/continue.vaspdata.Ei.0.1.Ts.100.NO.rand.zpe/vasprun-4.xml,1373,1,4255945
/Volumes/LaCie/postdoc_PhLAM/NO_HOPG/data/aimd_nspin_irene_0625_100traj/continue.vaspdata.Ei.0.1.Ts.100.NO.rand.zpe/vasprun-4.xml,1374,1,4256043
/Volumes/LaCie/postdoc_PhLAM/NO_HOPG/data/aimd_nspin_irene_0625_100traj/continue.vaspdata.Ei.0.1.Ts.100.NO.rand.zpe/vasprun-4.xml,1375,1,4256141
/Volumes/LaCie/postdoc_PhLAM/NO_HOPG/data/aimd_nspin_irene_0625_100traj/continue.vaspdata.Ei.0.1.Ts.100.NO.rand.zpe/vasprun-4.xml,1376,1,4256239
/Volumes/LaCie/postdoc_PhLAM/NO_HOPG/data/aimd_nspin_irene_0625_100traj/continue.vaspdata.Ei.0.1.Ts.100.NO.rand.zpe/vasprun-4.xml,1377,1,4256337
/Volumes/LaCie/postdoc_PhLAM/NO_HOPG/data/aimd_nspin_irene_0625_100traj/continue.vaspdata.Ei.0.1.Ts.100.NO.rand.zpe/vasprun-4.xml,1378,1,4256435
/Volumes/LaCie/postdoc_PhLAM/NO_HOPG/data/aimd_nspin_irene_0625_100traj/continue.vaspdata.Ei.0.1.Ts.100.NO.rand.zpe/vasprun-4.xml,1379,1,4256533
/Volumes/LaCie/postdoc_PhLAM/NO_HOPG/data/aimd_nspin_irene_0625_100traj/continue.vaspdata.Ei.0.1.Ts.100.NO.rand.zpe/vasprun-4.xml,1380,1,4256631
/Volumes/LaCie/postdoc_PhLAM/NO_HOPG/data/aimd_nspin_irene_0625_100traj/continue.vaspdata.Ei.0.1.Ts.100.NO.rand.zpe/vasprun-4.xml,1381,1,4256729
/Volumes/LaCie/postdoc_PhLAM/NO_HOPG/data/aimd_nspin_irene_0625_100traj/continue.vaspdata.Ei.0.1.Ts.100.NO.rand.zpe/vasprun-4.xml,1382,1,4256827
/Volumes/LaCie/postdoc_PhLAM/NO_HOPG/data/aimd_nspin_irene_0625_100traj/continue.vaspdata.Ei.0.1.Ts.100.NO.rand.zpe/vasprun-4.xml,1383,1,4256925
/Volumes/LaCie/postdoc_PhLAM/NO_HOPG/data/aimd_nspin_irene_0625_100traj/continue.vaspdata.Ei.0.1.Ts.100.NO.rand.zpe/vasprun-4.xml,1384,1,4257023
/Volumes/LaCie/postdoc_PhLAM/NO_HOPG/data/aimd_nspin_irene_0625_100traj/continue.vaspdata.Ei.0.1.Ts.100.NO.rand.zpe/vasprun-4.xml,1385,1,4257121
/Volumes/LaCie/postdoc_PhLAM/NO_HOPG/data/aimd_nspin_irene_0625_100traj/continue.vaspdata.Ei.0.1.Ts.100.NO.rand.zpe/vasprun-4.xml,1386,1,4257219
/Volumes/LaCie/postdoc_PhLAM/NO_HOPG/data/aimd_nspin_irene_0625_100traj/continue.vaspdata.Ei.0.1.Ts.100.NO.rand.zpe/vasprun-4.xml,1387,1,4257317
/Volumes/LaCie/postdoc_PhLAM/NO_HOPG/data/aimd_nspin_irene_0625_100traj/continue.vaspdata.Ei.0.1.Ts.100.NO.rand.zpe/vasprun-4.xml,1388,1,4257415
/Volumes/LaCie/postdoc_PhLAM/NO_HOPG/data/aimd_nspin_irene_0625_100traj/continue.vaspdata.Ei.0.1.Ts.100.NO.rand.zpe/vasprun-4.xml,1389,1,4257513
/Volumes/LaCie/postdoc_PhLAM/NO_HOPG/data/aimd_nspin_irene_0625_100traj/continue.vaspdata.Ei.0.1.Ts.100.NO.rand.zpe/vasprun-4.xml,1390,1,4257611
/Volumes/LaCie/postdoc_PhLAM/NO_HOPG/data/aimd_nspin_irene_0625_100traj/continue.vaspdata.Ei.0.1.Ts.100.NO.rand.zpe/vasprun-4.xml,1391,1,4257709
/Volumes/LaCie/postdoc_PhLAM/NO_HOPG/data/aimd_nspin_irene_0625_100traj/continue.vaspdata.Ei.0.1.Ts.100.NO.rand.zpe/vasprun-4.xml,1392,1,4257807
/Volumes/LaCie/postdoc_PhLAM/NO_HOPG/data/aimd_nspin_irene_0625_100traj/continue.vaspdata.Ei.0.1.Ts.100.NO.rand.zpe/vasprun-4.xml,1393,1,4257905
/Volumes/LaCie/postdoc_PhLAM/NO_HOPG/data/aimd_nspin_irene_0625_100traj/continue.vaspdata.Ei.0.1.Ts.100.NO.rand.zpe/vasprun-4.xml,1394,1,4258003
/Volumes/LaCie/postdoc_PhLAM/NO_HOPG/data/aimd_nspin_irene_0625_100traj/continue.vaspdata.Ei.0.1.Ts.100.NO.rand.zpe/vasprun-4.xml,1395,1,4258101
/Volumes/LaCie/postdoc_PhLAM/NO_HOPG/data/aimd_nspin_irene_0625_100traj/continue.vaspdata.Ei.0.1.Ts.100.NO.rand.zpe/vasprun-4.xml,1396,1,4258199
/Volumes/LaCie/postdoc_PhLAM/NO_HOPG/data/aimd_nspin_irene_0625_100traj/continue.vaspdata.Ei.0.1.Ts.100.NO.rand.zpe/vasprun-4.xml,1397,1,4258297
/Volumes/LaCie/postdoc_PhLAM/NO_HOPG/data/aimd_nspin_irene_0625_100traj/continue.vaspdata.Ei.0.1.Ts.100.NO.rand.zpe/vasprun-4.xml,1398,1,4258395
/Volumes/LaCie/postdoc_PhLAM/NO_HOPG/data/aimd_nspin_irene_0625_100traj/continue.vaspdata.Ei.0.1.Ts.100.NO.rand.zpe/vasprun-4.xml,1399,1,4258493
/Volumes/LaCie/postdoc_PhLAM/NO_HOPG/data/aimd_nspin_irene_0625_100traj/continue.vaspdata.Ei.0.1.Ts.100.NO.rand.zpe/vasprun-4.xml,1400,1,4258591
/Volumes/LaCie/postdoc_PhLAM/NO_HOPG/data/aimd_nspin_irene_0625_100traj/continue.vaspdata.Ei.0.1.Ts.100.NO.rand.zpe/vasprun-4.xml,1401,1,4258689
/Volumes/LaCie/postdoc_PhLAM/NO_HOPG/data/aimd_nspin_irene_0625_100traj/continue.vaspdata.Ei.0.1.Ts.100.NO.rand.zpe/vasprun-4.xml,1402,1,4258787
/Volumes/LaCie/postdoc_PhLAM/NO_HOPG/data/aimd_nspin_irene_0625_100traj/continue.vaspdata.Ei.0.1.Ts.100.NO.rand.zpe/vasprun-4.xml,1403,1,4258885
/Volumes/LaCie/postdoc_PhLAM/NO_HOPG/data/aimd_nspin_irene_0625_100traj/continue.vaspdata.Ei.0.1.Ts.100.NO.rand.zpe/vasprun-4.xml,1404,1,4258983
/Volumes/LaCie/postdoc_PhLAM/NO_HOPG/data/aimd_nspin_irene_0625_100traj/continue.vaspdata.Ei.0.1.Ts.100.NO.rand.zpe/vasprun-4.xml,1405,1,4259081
/Volumes/LaCie/postdoc_PhLAM/NO_HOPG/data/aimd_nspin_irene_0625_100traj/continue.vaspdata.Ei.0.1.Ts.100.NO.rand.zpe/vasprun-4.xml,1406,1,4259179
/Volumes/LaCie/postdoc_PhLAM/NO_HOPG/data/aimd_nspin_irene_0625_100traj/continue.vaspdata.Ei.0.1.Ts.100.NO.rand.zpe/vasprun-4.xml,1407,1,4259277
/Volumes/LaCie/postdoc_PhLAM/NO_HOPG/data/aimd_nspin_irene_0625_100traj/continue.vaspdata.Ei.0.1.Ts.100.NO.rand.zpe/vasprun-4.xml,1408,1,4259375
/Volumes/LaCie/postdoc_PhLAM/NO_HOPG/data/aimd_nspin_irene_0625_100traj/continue.vaspdata.Ei.0.1.Ts.100.NO.rand.zpe/vasprun-4.xml,1409,1,4259473
/Volumes/LaCie/postdoc_PhLAM/NO_HOPG/data/aimd_nspin_irene_0625_100traj/continue.vaspdata.Ei.0.1.Ts.100.NO.rand.zpe/vasprun-4.xml,1410,0,4259570
/Volumes/LaCie/postdoc_PhLAM/NO_HOPG/data/aimd_nspin_irene_0625_100traj/continue.vaspdata.Ei.0.1.Ts.100.NO.rand.zpe/vasprun-4.xml,1410,1,4259571
/Volumes/LaCie/postdoc_PhLAM/NO_HOPG/data/aimd_nspin_irene_0625_100traj/continue.vaspdata.Ei.0.1.Ts.100.NO.rand.zpe/vasprun-4.xml,1411,0,4259668
/Volumes/LaCie/postdoc_PhLAM/NO_HOPG/data/aimd_nspin_irene_0625_100traj/continue.vaspdata.Ei.0.1.Ts.100.NO.rand.zpe/vasprun-4.xml,1411,1,4259669
/Volumes/LaCie/postdoc_PhLAM/NO_HOPG/data/aimd_nspin_irene_0625_100traj/continue.vaspdata.Ei.0.1.Ts.100.NO.rand.zpe/vasprun-4.xml,1412,0,4259766
/Volumes/LaCie/postdoc_PhLAM/NO_HOPG/data/aimd_nspin_irene_0625_100traj/continue.vaspdata.Ei.0.1.Ts.100.NO.rand.zpe/vasprun-4.xml,1412,1,4259767
/Volumes/LaCie/postdoc_PhLAM/NO_HOPG/data/aimd_nspin_irene_0625_100traj/continue.vaspdata.Ei.0.1.Ts.100.NO.rand.zpe/vasprun-4.xml,1413,0,4259864
/Volumes/LaCie/postdoc_PhLAM/NO_HOPG/data/aimd_nspin_irene_0625_100traj/continue.vaspdata.Ei.0.1.Ts.100.NO.rand.zpe/vasprun-4.xml,1413,1,4259865
/Volumes/LaCie/postdoc_PhLAM/NO_HOPG/data/aimd_nspin_irene_0625_100traj/continue.vaspdata.Ei.0.1.Ts.100.NO.rand.zpe/vasprun-4.xml,1414,0,4259962
/Volumes/LaCie/postdoc_PhLAM/NO_HOPG/data/aimd_nspin_irene_0625_100traj/continue.vaspdata.Ei.0.1.Ts.100.NO.rand.zpe/vasprun-4.xml,1414,1,4259963
/Volumes/LaCie/postdoc_PhLAM/NO_HOPG/data/aimd_nspin_irene_0625_100traj/continue.vaspdata.Ei.0.1.Ts.100.NO.rand.zpe/vasprun-4.xml,1415,0,4260060
/Volumes/LaCie/postdoc_PhLAM/NO_HOPG/data/aimd_nspin_irene_0625_100traj/continue.vaspdata.Ei.0.1.Ts.100.NO.rand.zpe/vasprun-4.xml,1415,1,4260061
/Volumes/LaCie/postdoc_PhLAM/NO_HOPG/data/aimd_nspin_irene_0625_100traj/continue.vaspdata.Ei.0.1.Ts.100.NO.rand.zpe/vasprun-4.xml,1416,0,4260158
/Volumes/LaCie/postdoc_PhLAM/NO_HOPG/data/aimd_nspin_irene_0625_100traj/continue.vaspdata.Ei.0.1.Ts.100.NO.rand.zpe/vasprun-4.xml,1416,1,4260159
/Volumes/LaCie/postdoc_PhLAM/NO_HOPG/data/aimd_nspin_irene_0625_100traj/continue.vaspdata.Ei.0.1.Ts.100.NO.rand.zpe/vasprun-4.xml,1417,0,4260256
/Volumes/LaCie/postdoc_PhLAM/NO_HOPG/data/aimd_nspin_irene_0625_100traj/continue.vaspdata.Ei.0.1.Ts.100.NO.rand.zpe/vasprun-4.xml,1417,1,4260257
/Volumes/LaCie/postdoc_PhLAM/NO_HOPG/data/aimd_nspin_irene_0625_100traj/continue.vaspdata.Ei.0.1.Ts.100.NO.rand.zpe/vasprun-4.xml,1418,0,4260354
/Volumes/LaCie/postdoc_PhLAM/NO_HOPG/data/aimd_nspin_irene_0625_100traj/continue.vaspdata.Ei.0.1.Ts.100.NO.rand.zpe/vasprun-4.xml,1419,0,4260452
/Volumes/LaCie/postdoc_PhLAM/NO_HOPG/data/aimd_nspin_irene_0625_100traj/continue.vaspdata.Ei.0.1.Ts.100.NO.rand.zpe/vasprun-4.xml,1420,0,4260550
/Volumes/LaCie/postdoc_PhLAM/NO_HOPG/data/aimd_nspin_irene_0625_100traj/continue.vaspdata.Ei.0.1.Ts.100.NO.rand.zpe/vasprun-4.xml,1421,0,4260648
/Volumes/LaCie/postdoc_PhLAM/NO_HOPG/data/aimd_nspin_irene_0625_100traj/continue.vaspdata.Ei.0.1.Ts.100.NO.rand.zpe/vasprun-4.xml,1422,0,4260746
/Volumes/LaCie/postdoc_PhLAM/NO_HOPG/data/aimd_nspin_irene_0625_100traj/continue.vaspdata.Ei.0.1.Ts.100.NO.rand.zpe/vasprun-4.xml,1423,0,4260844
/Volumes/LaCie/postdoc_PhLAM/NO_HOPG/data/aimd_nspin_irene_0625_100traj/continue.vaspdata.Ei.0.1.Ts.100.NO.rand.zpe/vasprun-4.xml,1424,0,4260942
/Volumes/LaCie/postdoc_PhLAM/NO_HOPG/data/aimd_nspin_irene_0625_100traj/continue.vaspdata.Ei.0.1.Ts.100.NO.rand.zpe/vasprun-4.xml,1425,0,4261040
/Volumes/LaCie/postdoc_PhLAM/NO_HOPG/data/aimd_nspin_irene_0625_100traj/continue.vaspdata.Ei.0.1.Ts.100.NO.rand.zpe/vasprun-4.xml,1426,0,4261138
/Volumes/LaCie/postdoc_PhLAM/NO_HOPG/data/aimd_nspin_irene_0625_100traj/continue.vaspdata.Ei.0.1.Ts.100.NO.rand.zpe/vasprun-4.xml,1427,0,4261236
/Volumes/LaCie/postdoc_PhLAM/NO_HOPG/data/aimd_nspin_irene_0625_100traj/continue.vaspdata.Ei.0.1.Ts.100.NO.rand.zpe/vasprun-4.xml,1428,0,4261334
/Volumes/LaCie/postdoc_PhLAM/NO_HOPG/data/aimd_nspin_irene_0625_100traj/continue.vaspdata.Ei.0.1.Ts.100.NO.rand.zpe/vasprun-4.xml,1429,0,4261432
/Volumes/LaCie/postdoc_PhLAM/NO_HOPG/data/aimd_nspin_irene_0625_100traj/continue.vaspdata.Ei.0.1.Ts.100.NO.rand.zpe/vasprun-4.xml,1430,0,4261530
/Volumes/LaCie/postdoc_PhLAM/NO_HOPG/data/aimd_nspin_irene_0625_100traj/continue.vaspdata.Ei.0.1.Ts.100.NO.rand.zpe/vasprun-4.xml,1431,0,4261628
/Volumes/LaCie/postdoc_PhLAM/NO_HOPG/data/aimd_nspin_irene_0625_100traj/continue.vaspdata.Ei.0.1.Ts.100.NO.rand.zpe/vasprun-4.xml,1432,0,4261726
/Volumes/LaCie/postdoc_PhLAM/NO_HOPG/data/aimd_nspin_irene_0625_100traj/continue.vaspdata.Ei.0.1.Ts.100.NO.rand.zpe/vasprun-4.xml,1433,0,4261824
/Volumes/LaCie/postdoc_PhLAM/NO_HOPG/data/aimd_nspin_irene_0625_100traj/continue.vaspdata.Ei.0.1.Ts.100.NO.rand.zpe/vasprun-4.xml,1434,0,4261922
/Volumes/LaCie/postdoc_PhLAM/NO_HOPG/data/aimd_nspin_irene_0625_100traj/continue.vaspdata.Ei.0.1.Ts.100.NO.rand.zpe/vasprun-4.xml,1435,0,4262020
/Volumes/LaCie/postdoc_PhLAM/NO_HOPG/data/aimd_nspin_irene_0625_100traj/continue.vaspdata.Ei.0.1.Ts.100.NO.rand.zpe/vasprun-4.xml,1436,0,4262118
/Volumes/LaCie/postdoc_PhLAM/NO_HOPG/data/aimd_nspin_irene_0625_100traj/continue.vaspdata.Ei.0.1.Ts.100.NO.rand.zpe/vasprun-4.xml,1437,0,4262216
/Volumes/LaCie/postdoc_PhLAM/NO_HOPG/data/aimd_nspin_irene_0625_100traj/continue.vaspdata.Ei.0.1.Ts.100.NO.rand.zpe/vasprun-4.xml,1438,0,4262314
/Volumes/LaCie/postdoc_PhLAM/NO_HOPG/data/aimd_nspin_irene_0625_100traj/continue.vaspdata.Ei.0.1.Ts.100.NO.rand.zpe/vasprun-4.xml,1439,0,4262412
/Volumes/LaCie/postdoc_PhLAM/NO_HOPG/data/aimd_nspin_irene_0625_100traj/continue.vaspdata.Ei.0.1.Ts.100.NO.rand.zpe/vasprun-4.xml,1440,0,4262510
/Volumes/LaCie/postdoc_PhLAM/NO_HOPG/data/aimd_nspin_irene_0625_100traj/continue.vaspdata.Ei.0.1.Ts.100.NO.rand.zpe/vasprun-4.xml,1441,0,4262608
/Volumes/LaCie/postdoc_PhLAM/NO_HOPG/data/aimd_nspin_irene_0625_100traj/continue.vaspdata.Ei.0.1.Ts.100.NO.rand.zpe/vasprun-4.xml,1442,0,4262706
/Volumes/LaCie/postdoc_PhLAM/NO_HOPG/data/aimd_nspin_irene_0625_100traj/continue.vaspdata.Ei.0.1.Ts.100.NO.rand.zpe/vasprun-4.xml,1443,0,4262804
/Volumes/LaCie/postdoc_PhLAM/NO_HOPG/data/aimd_nspin_irene_0625_100traj/continue.vaspdata.Ei.0.1.Ts.100.NO.rand.zpe/vasprun-4.xml,1444,0,4262902
/Volumes/LaCie/postdoc_PhLAM/NO_HOPG/data/aimd_nspin_irene_0625_100traj/continue.vaspdata.Ei.0.1.Ts.100.NO.rand.zpe/vasprun-4.xml,1445,0,4263000
/Volumes/LaCie/postdoc_PhLAM/NO_HOPG/data/aimd_nspin_irene_0625_100traj/continue.vaspdata.Ei.0.1.Ts.100.NO.rand.zpe/vasprun-4.xml,1446,0,4263098
/Volumes/LaCie/postdoc_PhLAM/NO_HOPG/data/aimd_nspin_irene_0625_100traj/continue.vaspdata.Ei.0.1.Ts.100.NO.rand.zpe/vasprun-4.xml,1447,0,4263196
/Volumes/LaCie/postdoc_PhLAM/NO_HOPG/data/aimd_nspin_irene_0625_100traj/continue.vaspdata.Ei.0.1.Ts.100.NO.rand.zpe/vasprun-4.xml,1448,0,4263294
/Volumes/LaCie/postdoc_PhLAM/NO_HOPG/data/aimd_nspin_irene_0625_100traj/continue.vaspdata.Ei.0.1.Ts.100.NO.rand.zpe/vasprun-4.xml,1449,0,4263392
/Volumes/LaCie/postdoc_PhLAM/NO_HOPG/data/aimd_nspin_irene_0625_100traj/continue.vaspdata.Ei.0.1.Ts.100.NO.rand.zpe/vasprun-4.xml,1450,0,4263490
/Volumes/LaCie/postdoc_PhLAM/NO_HOPG/data/aimd_nspin_irene_0625_100traj/continue.vaspdata.Ei.0.1.Ts.100.NO.rand.zpe/vasprun-4.xml,1451,0,4263588
/Volumes/LaCie/postdoc_PhLAM/NO_HOPG/data/aimd_nspin_irene_0625_100traj/continue.vaspdata.Ei.0.1.Ts.100.NO.rand.zpe/vasprun-4.xml,1452,0,4263686
/Volumes/LaCie/postdoc_PhLAM/NO_HOPG/data/aimd_nspin_irene_0625_100traj/continue.vaspdata.Ei.0.1.Ts.100.NO.rand.zpe/vasprun-4.xml,1453,0,4263784
/Volumes/LaCie/postdoc_PhLAM/NO_HOPG/data/aimd_nspin_irene_0625_100traj/continue.vaspdata.Ei.0.1.Ts.100.NO.rand.zpe/vasprun-4.xml,1454,0,4263882
/Volumes/LaCie/postdoc_PhLAM/NO_HOPG/data/aimd_nspin_irene_0625_100traj/continue.vaspdata.Ei.0.1.Ts.100.NO.rand.zpe/vasprun-4.xml,1455,0,4263980
/Volumes/LaCie/postdoc_PhLAM/NO_HOPG/data/aimd_nspin_irene_0625_100traj/continue.vaspdata.Ei.0.1.Ts.100.NO.rand.zpe/vasprun-4.xml,1456,0,4264078
/Volumes/LaCie/postdoc_PhLAM/NO_HOPG/data/aimd_nspin_irene_0625_100traj/continue.vaspdata.Ei.0.1.Ts.100.NO.rand.zpe/vasprun-4.xml,1457,0,4264176
/Volumes/LaCie/postdoc_PhLAM/NO_HOPG/data/aimd_nspin_irene_0625_100traj/continue.vaspdata.Ei.0.1.Ts.100.NO.rand.zpe/vasprun-4.xml,1458,0,4264274
/Volumes/LaCie/postdoc_PhLAM/NO_HOPG/data/aimd_nspin_irene_0625_100traj/continue.vaspdata.Ei.0.1.Ts.100.NO.rand.zpe/vasprun-4.xml,1459,0,4264372
/Volumes/LaCie/postdoc_PhLAM/NO_HOPG/data/aimd_nspin_irene_0625_100traj/continue.vaspdata.Ei.0.1.Ts.100.NO.rand.zpe/vasprun-4.xml,1460,0,4264470
/Volumes/LaCie/postdoc_PhLAM/NO_HOPG/data/aimd_nspin_irene_0625_100traj/continue.vaspdata.Ei.0.1.Ts.100.NO.rand.zpe/vasprun-4.xml,1461,0,4264568
/Volumes/LaCie/postdoc_PhLAM/NO_HOPG/data/aimd_nspin_irene_0625_100traj/continue.vaspdata.Ei.0.1.Ts.100.NO.rand.zpe/vasprun-4.xml,1462,0,4264666
/Volumes/LaCie/postdoc_PhLAM/NO_HOPG/data/aimd_nspin_irene_0625_100traj/continue.vaspdata.Ei.0.1.Ts.100.NO.rand.zpe/vasprun-4.xml,1463,0,4264764
/Volumes/LaCie/postdoc_PhLAM/NO_HOPG/data/aimd_nspin_irene_0625_100traj/continue.vaspdata.Ei.0.1.Ts.100.NO.rand.zpe/vasprun-4.xml,1464,0,4264862
/Volumes/LaCie/postdoc_PhLAM/NO_HOPG/data/aimd_nspin_irene_0625_100traj/continue.vaspdata.Ei.0.1.Ts.100.NO.rand.zpe/vasprun-4.xml,1465,0,4264960
/Volumes/LaCie/postdoc_PhLAM/NO_HOPG/data/aimd_nspin_irene_0625_100traj/continue.vaspdata.Ei.0.1.Ts.100.NO.rand.zpe/vasprun-4.xml,1466,0,4265058
/Volumes/LaCie/postdoc_PhLAM/NO_HOPG/data/aimd_nspin_irene_0625_100traj/continue.vaspdata.Ei.0.1.Ts.100.NO.rand.zpe/vasprun-4.xml,1467,0,4265156
/Volumes/LaCie/postdoc_PhLAM/NO_HOPG/data/aimd_nspin_irene_0625_100traj/continue.vaspdata.Ei.0.1.Ts.100.NO.rand.zpe/vasprun-4.xml,1468,0,4265254
/Volumes/LaCie/postdoc_PhLAM/NO_HOPG/data/aimd_nspin_irene_0625_100traj/continue.vaspdata.Ei.0.1.Ts.100.NO.rand.zpe/vasprun-4.xml,1469,0,4265352
/Volumes/LaCie/postdoc_PhLAM/NO_HOPG/data/aimd_nspin_irene_0625_100traj/continue.vaspdata.Ei.0.1.Ts.100.NO.rand.zpe/vasprun-4.xml,1470,0,4265450
/Volumes/LaCie/postdoc_PhLAM/NO_HOPG/data/aimd_nspin_irene_0625_100traj/continue.vaspdata.Ei.0.1.Ts.100.NO.rand.zpe/vasprun-4.xml,1471,0,4265548
/Volumes/LaCie/postdoc_PhLAM/NO_HOPG/data/aimd_nspin_irene_0625_100traj/continue.vaspdata.Ei.0.1.Ts.100.NO.rand.zpe/vasprun-4.xml,1472,0,4265646
/Volumes/LaCie/postdoc_PhLAM/NO_HOPG/data/aimd_nspin_irene_0625_100traj/continue.vaspdata.Ei.0.1.Ts.100.NO.rand.zpe/vasprun-4.xml,1473,0,4265744
/Volumes/LaCie/postdoc_PhLAM/NO_HOPG/data/aimd_nspin_irene_0625_100traj/continue.vaspdata.Ei.0.1.Ts.100.NO.rand.zpe/vasprun-4.xml,1474,0,4265842
/Volumes/LaCie/postdoc_PhLAM/NO_HOPG/data/aimd_nspin_irene_0625_100traj/continue.vaspdata.Ei.0.1.Ts.100.NO.rand.zpe/vasprun-4.xml,1475,0,4265940
/Volumes/LaCie/postdoc_PhLAM/NO_HOPG/data/aimd_nspin_irene_0625_100traj/continue.vaspdata.Ei.0.1.Ts.100.NO.rand.zpe/vasprun-4.xml,1476,0,4266038
/Volumes/LaCie/postdoc_PhLAM/NO_HOPG/data/aimd_nspin_irene_0625_100traj/continue.vaspdata.Ei.0.1.Ts.100.NO.rand.zpe/vasprun-4.xml,1477,0,4266136
/Volumes/LaCie/postdoc_PhLAM/NO_HOPG/data/aimd_nspin_irene_0625_100traj/continue.vaspdata.Ei.0.1.Ts.100.NO.rand.zpe/vasprun-4.xml,1478,0,4266234
/Volumes/LaCie/postdoc_PhLAM/NO_HOPG/data/aimd_nspin_irene_0625_100traj/continue.vaspdata.Ei.0.1.Ts.100.NO.rand.zpe/vasprun-4.xml,1479,0,4266332
/Volumes/LaCie/postdoc_PhLAM/NO_HOPG/data/aimd_nspin_irene_0625_100traj/continue.vaspdata.Ei.0.1.Ts.100.NO.rand.zpe/vasprun-5.xml,1343,1,5036417
/Volumes/LaCie/postdoc_PhLAM/NO_HOPG/data/aimd_nspin_irene_0625_100traj/continue.vaspdata.Ei.0.1.Ts.100.NO.rand.zpe/vasprun-5.xml,1344,1,5036515
/Volumes/LaCie/postdoc_PhLAM/NO_HOPG/data/aimd_nspin_irene_0625_100traj/continue.vaspdata.Ei.0.1.Ts.100.NO.rand.zpe/vasprun-5.xml,1345,1,5036613
/Volumes/LaCie/postdoc_PhLAM/NO_HOPG/data/aimd_nspin_irene_0625_100traj/continue.vaspdata.Ei.0.1.Ts.100.NO.rand.zpe/vasprun-5.xml,1346,1,5036711
/Volumes/LaCie/postdoc_PhLAM/NO_HOPG/data/aimd_nspin_irene_0625_100traj/continue.vaspdata.Ei.0.1.Ts.100.NO.rand.zpe/vasprun-5.xml,1347,1,5036809
/Volumes/LaCie/postdoc_PhLAM/NO_HOPG/data/aimd_nspin_irene_0625_100traj/continue.vaspdata.Ei.0.1.Ts.100.NO.rand.zpe/vasprun-5.xml,1348,1,5036907
/Volumes/LaCie/postdoc_PhLAM/NO_HOPG/data/aimd_nspin_irene_0625_100traj/continue.vaspdata.Ei.0.1.Ts.100.NO.rand.zpe/vasprun-5.xml,1349,1,5037005
/Volumes/LaCie/postdoc_PhLAM/NO_HOPG/data/aimd_nspin_irene_0625_100traj/continue.vaspdata.Ei.0.1.Ts.100.NO.rand.zpe/vasprun-5.xml,1350,1,5037103
/Volumes/LaCie/postdoc_PhLAM/NO_HOPG/data/aimd_nspin_irene_0625_100traj/continue.vaspdata.Ei.0.1.Ts.100.NO.rand.zpe/vasprun-5.xml,1351,1,5037201
/Volumes/LaCie/postdoc_PhLAM/NO_HOPG/data/aimd_nspin_irene_0625_100traj/continue.vaspdata.Ei.0.1.Ts.100.NO.rand.zpe/vasprun-5.xml,1352,1,5037299
/Volumes/LaCie/postdoc_PhLAM/NO_HOPG/data/aimd_nspin_irene_0625_100traj/continue.vaspdata.Ei.0.1.Ts.100.NO.rand.zpe/vasprun-5.xml,1353,1,5037397
/Volumes/LaCie/postdoc_PhLAM/NO_HOPG/data/aimd_nspin_irene_0625_100traj/continue.vaspdata.Ei.0.1.Ts.100.NO.rand.zpe/vasprun-5.xml,1354,1,5037495
/Volumes/LaCie/postdoc_PhLAM/NO_HOPG/data/aimd_nspin_irene_0625_100traj/continue.vaspdata.Ei.0.1.Ts.100.NO.rand.zpe/vasprun-5.xml,1355,1,5037593
/Volumes/LaCie/postdoc_PhLAM/NO_HOPG/data/aimd_nspin_irene_0625_100traj/continue.vaspdata.Ei.0.1.Ts.100.NO.rand.zpe/vasprun-5.xml,1356,1,5037691
/Volumes/LaCie/postdoc_PhLAM/NO_HOPG/data/aimd_nspin_irene_0625_100traj/continue.vaspdata.Ei.0.1.Ts.100.NO.rand.zpe/vasprun-5.xml,1357,1,5037789
/Volumes/LaCie/postdoc_PhLAM/NO_HOPG/data/aimd_nspin_irene_0625_100traj/continue.vaspdata.Ei.0.1.Ts.100.NO.rand.zpe/vasprun-5.xml,1358,1,5037887
/Volumes/LaCie/postdoc_PhLAM/NO_HOPG/data/aimd_nspin_irene_0625_100traj/continue.vaspdata.Ei.0.1.Ts.100.NO.rand.zpe/vasprun-5.xml,1359,1,5037985
/Volumes/LaCie/postdoc_PhLAM/NO_HOPG/data/aimd_nspin_irene_0625_100traj/continue.vaspdata.Ei.0.1.Ts.100.NO.rand.zpe/vasprun-5.xml,1360,1,5038083
/Volumes/LaCie/postdoc_PhLAM/NO_HOPG/data/aimd_nspin_irene_0625_100traj/continue.vaspdata.Ei.0.1.Ts.100.NO.rand.zpe/vasprun-5.xml,1361,1,5038181
/Volumes/LaCie/postdoc_PhLAM/NO_HOPG/data/aimd_nspin_irene_0625_100traj/continue.vaspdata.Ei.0.1.Ts.100.NO.rand.zpe/vasprun-5.xml,1362,1,5038279
/Volumes/LaCie/postdoc_PhLAM/NO_HOPG/data/aimd_nspin_irene_0625_100traj/continue.vaspdata.Ei.0.1.Ts.100.NO.rand.zpe/vasprun-5.xml,1363,1,5038377
/Volumes/LaCie/postdoc_PhLAM/NO_HOPG/data/aimd_nspin_irene_0625_100traj/continue.vaspdata.Ei.0.1.Ts.100.NO.rand.zpe/vasprun-5.xml,1364,1,5038475
/Volumes/LaCie/postdoc_PhLAM/NO_HOPG/data/aimd_nspin_irene_0625_100traj/continue.vaspdata.Ei.0.1.Ts.100.NO.rand.zpe/vasprun-5.xml,1365,1,5038573
/Volumes/LaCie/postdoc_PhLAM/NO_HOPG/data/aimd_nspin_irene_0625_100traj/continue.vaspdata.Ei.0.1.Ts.100.NO.rand.zpe/vasprun-5.xml,1366,1,5038671
/Volumes/LaCie/postdoc_PhLAM/NO_HOPG/data/aimd_nspin_irene_0625_100traj/continue.vaspdata.Ei.0.1.Ts.100.NO.rand.zpe/vasprun-5.xml,1367,1,5038769
/Volumes/LaCie/postdoc_PhLAM/NO_HOPG/data/aimd_nspin_irene_0625_100traj/continue.vaspdata.Ei.0.1.Ts.100.NO.rand.zpe/vasprun-5.xml,1368,1,5038867
/Volumes/LaCie/postdoc_PhLAM/NO_HOPG/data/aimd_nspin_irene_0625_100traj/continue.vaspdata.Ei.0.1.Ts.100.NO.rand.zpe/vasprun-5.xml,1369,1,5038965
/Volumes/LaCie/postdoc_PhLAM/NO_HOPG/data/aimd_nspin_irene_0625_100traj/continue.vaspdata.Ei.0.1.Ts.100.NO.rand.zpe/vasprun-5.xml,1370,1,5039063
/Volumes/LaCie/postdoc_PhLAM/NO_HOPG/data/aimd_nspin_irene_0625_100traj/continue.vaspdata.Ei.0.1.Ts.100.NO.rand.zpe/vasprun-5.xml,1371,1,5039161
/Volumes/LaCie/postdoc_PhLAM/NO_HOPG/data/aimd_nspin_irene_0625_100traj/continue.vaspdata.Ei.0.1.Ts.100.NO.rand.zpe/vasprun-5.xml,1372,1,5039259
/Volumes/LaCie/postdoc_PhLAM/NO_HOPG/data/aimd_nspin_irene_0625_100traj/continue.vaspdata.Ei.0.1.Ts.100.NO.rand.zpe/vasprun-5.xml,1373,1,5039357
/Volumes/LaCie/postdoc_PhLAM/NO_HOPG/data/aimd_nspin_irene_0625_100traj/continue.vaspdata.Ei.0.1.Ts.100.NO.rand.zpe/vasprun-5.xml,1374,1,5039455
/Volumes/LaCie/postdoc_PhLAM/NO_HOPG/data/aimd_nspin_irene_0625_100traj/continue.vaspdata.Ei.0.1.Ts.100.NO.rand.zpe/vasprun-5.xml,1375,1,5039553
/Volumes/LaCie/postdoc_PhLAM/NO_HOPG/data/aimd_nspin_irene_0625_100traj/continue.vaspdata.Ei.0.1.Ts.100.NO.rand.zpe/vasprun-5.xml,1376,1,5039651
/Volumes/LaCie/postdoc_PhLAM/NO_HOPG/data/aimd_nspin_irene_0625_100traj/continue.vaspdata.Ei.0.1.Ts.100.NO.rand.zpe/vasprun-5.xml,1377,1,5039749
/Volumes/LaCie/postdoc_PhLAM/NO_HOPG/data/aimd_nspin_irene_0625_100traj/continue.vaspdata.Ei.0.1.Ts.100.NO.rand.zpe/vasprun-5.xml,1378,1,5039847
/Volumes/LaCie/postdoc_PhLAM/NO_HOPG/data/aimd_nspin_irene_0625_100traj/continue.vaspdata.Ei.0.1.Ts.100.NO.rand.zpe/vasprun-5.xml,1379,1,5039945
/Volumes/LaCie/postdoc_PhLAM/NO_HOPG/data/aimd_nspin_irene_0625_100traj/continue.vaspdata.Ei.0.1.Ts.100.NO.rand.zpe/vasprun-5.xml,1380,1,5040043
/Volumes/LaCie/postdoc_PhLAM/NO_HOPG/data/aimd_nspin_irene_0625_100traj/continue.vaspdata.Ei.0.1.Ts.100.NO.rand.zpe/vasprun-5.xml,1381,1,5040141
/Volumes/LaCie/postdoc_PhLAM/NO_HOPG/data/aimd_nspin_irene_0625_100traj/continue.vaspdata.Ei.0.1.Ts.100.NO.rand.zpe/vasprun-5.xml,1382,1,5040239
/Volumes/LaCie/postdoc_PhLAM/NO_HOPG/data/aimd_nspin_irene_0625_100traj/continue.vaspdata.Ei.0.1.Ts.100.NO.rand.zpe/vasprun-5.xml,1383,1,5040337
/Volumes/LaCie/postdoc_PhLAM/NO_HOPG/data/aimd_nspin_irene_0625_100traj/continue.vaspdata.Ei.0.1.Ts.100.NO.rand.zpe/vasprun-5.xml,1384,1,5040435
/Volumes/LaCie/postdoc_PhLAM/NO_HOPG/data/aimd_nspin_irene_0625_100traj/continue.vaspdata.Ei.0.1.Ts.100.NO.rand.zpe/vasprun-5.xml,1385,1,5040533
/Volumes/LaCie/postdoc_PhLAM/NO_HOPG/data/aimd_nspin_irene_0625_100traj/continue.vaspdata.Ei.0.1.Ts.100.NO.rand.zpe/vasprun-5.xml,1386,1,5040631
/Volumes/LaCie/postdoc_PhLAM/NO_HOPG/data/aimd_nspin_irene_0625_100traj/continue.vaspdata.Ei.0.1.Ts.100.NO.rand.zpe/vasprun-5.xml,1387,1,5040729
/Volumes/LaCie/postdoc_PhLAM/NO_HOPG/data/aimd_nspin_irene_0625_100traj/continue.vaspdata.Ei.0.1.Ts.100.NO.rand.zpe/vasprun-5.xml,1388,1,5040827
/Volumes/LaCie/postdoc_PhLAM/NO_HOPG/data/aimd_nspin_irene_0625_100traj/continue.vaspdata.Ei.0.1.Ts.100.NO.rand.zpe/vasprun-5.xml,1389,1,5040925
/Volumes/LaCie/postdoc_PhLAM/NO_HOPG/data/aimd_nspin_irene_0625_100traj/continue.vaspdata.Ei.0.1.Ts.100.NO.rand.zpe/vasprun-5.xml,1390,1,5041023
/Volumes/LaCie/postdoc_PhLAM/NO_HOPG/data/aimd_nspin_irene_0625_100traj/continue.vaspdata.Ei.0.1.Ts.100.NO.rand.zpe/vasprun-50.xml,1514,0,5205858
/Volumes/LaCie/postdoc_PhLAM/NO_HOPG/data/aimd_nspin_irene_0625_100traj/continue.vaspdata.Ei.0.1.Ts.100.NO.rand.zpe/vasprun-50.xml,1515,0,5205956
/Volumes/LaCie/postdoc_PhLAM/NO_HOPG/data/aimd_nspin_irene_0625_100traj/continue.vaspdata.Ei.0.1.Ts.100.NO.rand.zpe/vasprun-50.xml,1516,0,5206054
/Volumes/LaCie/postdoc_PhLAM/NO_HOPG/data/aimd_nspin_irene_0625_100traj/continue.vaspdata.Ei.0.1.Ts.100.NO.rand.zpe/vasprun-50.xml,1517,0,5206152
/Volumes/LaCie/postdoc_PhLAM/NO_HOPG/data/aimd_nspin_irene_0625_100traj/continue.vaspdata.Ei.0.1.Ts.100.NO.rand.zpe/vasprun-50.xml,1518,0,5206250
/Volumes/LaCie/postdoc_PhLAM/NO_HOPG/data/aimd_nspin_irene_0625_100traj/continue.vaspdata.Ei.0.1.Ts.100.NO.rand.zpe/vasprun-50.xml,1519,0,5206348
/Volumes/LaCie/postdoc_PhLAM/NO_HOPG/data/aimd_nspin_irene_0625_100traj/continue.vaspdata.Ei.0.1.Ts.100.NO.rand.zpe/vasprun-50.xml,1520,0,5206446
/Volumes/LaCie/postdoc_PhLAM/NO_HOPG/data/aimd_nspin_irene_0625_100traj/continue.vaspdata.Ei.0.1.Ts.100.NO.rand.zpe/vasprun-50.xml,1521,0,5206544
/Volumes/LaCie/postdoc_PhLAM/NO_HOPG/data/aimd_nspin_irene_0625_100traj/continue.vaspdata.Ei.0.1.Ts.100.NO.rand.zpe/vasprun-50.xml,1522,0,5206642
/Volumes/LaCie/postdoc_PhLAM/NO_HOPG/data/aimd_nspin_irene_0625_100traj/continue.vaspdata.Ei.0.1.Ts.100.NO.rand.zpe/vasprun-50.xml,1523,0,5206740
/Volumes/LaCie/postdoc_PhLAM/NO_HOPG/data/aimd_nspin_irene_0625_100traj/continue.vaspdata.Ei.0.1.Ts.100.NO.rand.zpe/vasprun-50.xml,1524,0,5206838
/Volumes/LaCie/postdoc_PhLAM/NO_HOPG/data/aimd_nspin_irene_0625_100traj/continue.vaspdata.Ei.0.1.Ts.100.NO.rand.zpe/vasprun-50.xml,1525,0,5206936
/Volumes/LaCie/postdoc_PhLAM/NO_HOPG/data/aimd_nspin_irene_0625_100traj/continue.vaspdata.Ei.0.1.Ts.100.NO.rand.zpe/vasprun-50.xml,1526,0,5207034
/Volumes/LaCie/postdoc_PhLAM/NO_HOPG/data/aimd_nspin_irene_0625_100traj/continue.vaspdata.Ei.0.1.Ts.100.NO.rand.zpe/vasprun-50.xml,1527,0,5207132
/Volumes/LaCie/postdoc_PhLAM/NO_HOPG/data/aimd_nspin_irene_0625_100traj/continue.vaspdata.Ei.0.1.Ts.100.NO.rand.zpe/vasprun-50.xml,1528,0,5207230
/Volumes/LaCie/postdoc_PhLAM/NO_HOPG/data/aimd_nspin_irene_0625_100traj/continue.vaspdata.Ei.0.1.Ts.100.NO.rand.zpe/vasprun-50.xml,1529,0,5207328
/Volumes/LaCie/postdoc_PhLAM/NO_HOPG/data/aimd_nspin_irene_0625_100traj/continue.vaspdata.Ei.0.1.Ts.100.NO.rand.zpe/vasprun-50.xml,1530,0,5207426
/Volumes/LaCie/postdoc_PhLAM/NO_HOPG/data/aimd_nspin_irene_0625_100traj/continue.vaspdata.Ei.0.1.Ts.100.NO.rand.zpe/vasprun-50.xml,1531,0,5207524
/Volumes/LaCie/postdoc_PhLAM/NO_HOPG/data/aimd_nspin_irene_0625_100traj/continue.vaspdata.Ei.0.1.Ts.100.NO.rand.zpe/vasprun-50.xml,1532,0,5207622
/Volumes/LaCie/postdoc_PhLAM/NO_HOPG/data/aimd_nspin_irene_0625_100traj/continue.vaspdata.Ei.0.1.Ts.100.NO.rand.zpe/vasprun-50.xml,1533,0,5207720
/Volumes/LaCie/postdoc_PhLAM/NO_HOPG/data/aimd_nspin_irene_0625_100traj/continue.vaspdata.Ei.0.1.Ts.100.NO.rand.zpe/vasprun-50.xml,1534,0,5207818
/Volumes/LaCie/postdoc_PhLAM/NO_HOPG/data/aimd_nspin_irene_0625_100traj/continue.vaspdata.Ei.0.1.Ts.100.NO.rand.zpe/vasprun-50.xml,1535,0,5207916
/Volumes/LaCie/postdoc_PhLAM/NO_HOPG/data/aimd_nspin_irene_0625_100traj/continue.vaspdata.Ei.0.1.Ts.100.NO.rand.zpe/vasprun-50.xml,1536,0,5208014
/Volumes/LaCie/postdoc_PhLAM/NO_HOPG/data/aimd_nspin_irene_0625_100traj/continue.vaspdata.Ei.0.1.Ts.100.NO.rand.zpe/vasprun-50.xml,1537,0,5208112
/Volumes/LaCie/postdoc_PhLAM/NO_HOPG/data/aimd_nspin_irene_0625_100traj/continue.vaspdata.Ei.0.1.Ts.100.NO.rand.zpe/vasprun-50.xml,1538,0,5208210
/Volumes/LaCie/postdoc_PhLAM/NO_HOPG/data/aimd_nspin_irene_0625_100traj/continue.vaspdata.Ei.0.1.Ts.100.NO.rand.zpe/vasprun-50.xml,1539,0,5208308
/Volumes/LaCie/postdoc_PhLAM/NO_HOPG/data/aimd_nspin_irene_0625_100traj/continue.vaspdata.Ei.0.1.Ts.100.NO.rand.zpe/vasprun-50.xml,1540,0,5208406
/Volumes/LaCie/postdoc_PhLAM/NO_HOPG/data/aimd_nspin_irene_0625_100traj/continue.vaspdata.Ei.0.1.Ts.100.NO.rand.zpe/vasprun-50.xml,1541,0,5208504
/Volumes/LaCie/postdoc_PhLAM/NO_HOPG/data/aimd_nspin_irene_0625_100traj/continue.vaspdata.Ei.0.1.Ts.100.NO.rand.zpe/vasprun-50.xml,1542,0,5208602
/Volumes/LaCie/postdoc_PhLAM/NO_HOPG/data/aimd_nspin_irene_0625_100traj/continue.vaspdata.Ei.0.1.Ts.100.NO.rand.zpe/vasprun-50.xml,1543,0,5208700
/Volumes/LaCie/postdoc_PhLAM/NO_HOPG/data/aimd_nspin_irene_0625_100traj/continue.vaspdata.Ei.0.1.Ts.100.NO.rand.zpe/vasprun-50.xml,1544,0,5208798
/Volumes/LaCie/postdoc_PhLAM/NO_HOPG/data/aimd_nspin_irene_0625_100traj/continue.vaspdata.Ei.0.1.Ts.100.NO.rand.zpe/vasprun-50.xml,1545,0,5208896
/Volumes/LaCie/postdoc_PhLAM/NO_HOPG/data/aimd_nspin_irene_0625_100traj/continue.vaspdata.Ei.0.1.Ts.100.NO.rand.zpe/vasprun-50.xml,1546,0,5208994
/Volumes/LaCie/postdoc_PhLAM/NO_HOPG/data/aimd_nspin_irene_0625_100traj/continue.vaspdata.Ei.0.1.Ts.100.NO.rand.zpe/vasprun-50.xml,1547,0,5209092
/Volumes/LaCie/postdoc_PhLAM/NO_HOPG/data/aimd_nspin_irene_0625_100traj/continue.vaspdata.Ei.0.1.Ts.100.NO.rand.zpe/vasprun-50.xml,1548,0,5209190
/Volumes/LaCie/postdoc_PhLAM/NO_HOPG/data/aimd_nspin_irene_0625_100traj/continue.vaspdata.Ei.0.1.Ts.100.NO.rand.zpe/vasprun-50.xml,1549,0,5209288
/Volumes/LaCie/postdoc_PhLAM/NO_HOPG/data/aimd_nspin_irene_0625_100traj/continue.vaspdata.Ei.0.1.Ts.100.NO.rand.zpe/vasprun-50.xml,1550,0,5209386
/Volumes/LaCie/postdoc_PhLAM/NO_HOPG/data/aimd_nspin_irene_0625_100traj/continue.vaspdata.Ei.0.1.Ts.100.NO.rand.zpe/vasprun-50.xml,1551,0,5209484
/Volumes/LaCie/postdoc_PhLAM/NO_HOPG/data/aimd_nspin_irene_0625_100traj/continue.vaspdata.Ei.0.1.Ts.100.NO.rand.zpe/vasprun-50.xml,1552,0,5209582
/Volumes/LaCie/postdoc_PhLAM/NO_HOPG/data/aimd_nspin_irene_0625_100traj/continue.vaspdata.Ei.0.1.Ts.100.NO.rand.zpe/vasprun-50.xml,1553,0,5209680
/Volumes/LaCie/postdoc_PhLAM/NO_HOPG/data/aimd_nspin_irene_0625_100traj/continue.vaspdata.Ei.0.1.Ts.100.NO.rand.zpe/vasprun-50.xml,1554,0,5209778
/Volumes/LaCie/postdoc_PhLAM/NO_HOPG/data/aimd_nspin_irene_0625_100traj/continue.vaspdata.Ei.0.1.Ts.100.NO.rand.zpe/vasprun-50.xml,1555,0,5209876
/Volumes/LaCie/postdoc_PhLAM/NO_HOPG/data/aimd_nspin_irene_0625_100traj/continue.vaspdata.Ei.0.1.Ts.100.NO.rand.zpe/vasprun-50.xml,1556,0,5209974
/Volumes/LaCie/postdoc_PhLAM/NO_HOPG/data/aimd_nspin_irene_0625_100traj/continue.vaspdata.Ei.0.1.Ts.100.NO.rand.zpe/vasprun-50.xml,1557,0,5210072
/Volumes/LaCie/postdoc_PhLAM/NO_HOPG/data/aimd_nspin_irene_0625_100traj/continue.vaspdata.Ei.0.1.Ts.100.NO.rand.zpe/vasprun-50.xml,1558,0,5210170
/Volumes/LaCie/postdoc_PhLAM/NO_HOPG/data/aimd_nspin_irene_0625_100traj/continue.vaspdata.Ei.0.1.Ts.100.NO.rand.zpe/vasprun-50.xml,1559,0,5210268
/Volumes/LaCie/postdoc_PhLAM/NO_HOPG/data/aimd_nspin_irene_0625_100traj/continue.vaspdata.Ei.0.1.Ts.100.NO.rand.zpe/vasprun-50.xml,1560,0,5210366
/Volumes/LaCie/postdoc_PhLAM/NO_HOPG/data/aimd_nspin_irene_0625_100traj/continue.vaspdata.Ei.0.1.Ts.100.NO.rand.zpe/vasprun-50.xml,1561,0,5210464
/Volumes/LaCie/postdoc_PhLAM/NO_HOPG/data/aimd_nspin_irene_0625_100traj/continue.vaspdata.Ei.0.1.Ts.100.NO.rand.zpe/vasprun-50.xml,1562,0,5210562
/Volumes/LaCie/postdoc_PhLAM/NO_HOPG/data/aimd_nspin_irene_0625_100traj/continue.vaspdata.Ei.0.1.Ts.100.NO.rand.zpe/vasprun-50.xml,1563,0,5210660
/Volumes/LaCie/postdoc_PhLAM/NO_HOPG/data/aimd_nspin_irene_0625_100traj/continue.vaspdata.Ei.0.1.Ts.100.NO.rand.zpe/vasprun-50.xml,1564,0,5210758
/Volumes/LaCie/postdoc_PhLAM/NO_HOPG/data/aimd_nspin_irene_0625_100traj/continue.vaspdata.Ei.0.1.Ts.100.NO.rand.zpe/vasprun-50.xml,1565,0,5210856
/Volumes/LaCie/postdoc_PhLAM/NO_HOPG/data/aimd_nspin_irene_0625_100traj/continue.vaspdata.Ei.0.1.Ts.100.NO.rand.zpe/vasprun-50.xml,1566,0,5210954
/Volumes/LaCie/postdoc_PhLAM/NO_HOPG/data/aimd_nspin_irene_0625_100traj/continue.vaspdata.Ei.0.1.Ts.100.NO.rand.zpe/vasprun-50.xml,1567,0,5211052
/Volumes/LaCie/postdoc_PhLAM/NO_HOPG/data/aimd_nspin_irene_0625_100traj/continue.vaspdata.Ei.0.1.Ts.100.NO.rand.zpe/vasprun-50.xml,1568,0,5211150
/Volumes/LaCie/postdoc_PhLAM/NO_HOPG/data/aimd_nspin_irene_0625_100traj/continue.vaspdata.Ei.0.1.Ts.100.NO.rand.zpe/vasprun-50.xml,1569,0,5211248
/Volumes/LaCie/postdoc_PhLAM/NO_HOPG/data/aimd_nspin_irene_0625_100traj/continue.vaspdata.Ei.0.1.Ts.100.NO.rand.zpe/vasprun-50.xml,1570,0,5211346
/Volumes/LaCie/postdoc_PhLAM/NO_HOPG/data/aimd_nspin_irene_0625_100traj/continue.vaspdata.Ei.0.1.Ts.100.NO.rand.zpe/vasprun-50.xml,1571,0,5211444
/Volumes/LaCie/postdoc_PhLAM/NO_HOPG/data/aimd_nspin_irene_0625_100traj/continue.vaspdata.Ei.0.1.Ts.100.NO.rand.zpe/vasprun-50.xml,1572,0,5211542
/Volumes/LaCie/postdoc_PhLAM/NO_HOPG/data/aimd_nspin_irene_0625_100traj/continue.vaspdata.Ei.0.1.Ts.100.NO.rand.zpe/vasprun-50.xml,1573,0,5211640
/Volumes/LaCie/postdoc_PhLAM/NO_HOPG/data/aimd_nspin_irene_0625_100traj/continue.vaspdata.Ei.0.1.Ts.100.NO.rand.zpe/vasprun-50.xml,1574,0,5211738
/Volumes/LaCie/postdoc_PhLAM/NO_HOPG/data/aimd_nspin_irene_0625_100traj/continue.vaspdata.Ei.0.1.Ts.100.NO.rand.zpe/vasprun-50.xml,1575,0,5211836
/Volumes/LaCie/postdoc_PhLAM/NO_HOPG/data/aimd_nspin_irene_0625_100traj/continue.vaspdata.Ei.0.1.Ts.100.NO.rand.zpe/vasprun-50.xml,1576,0,5211934
/Volumes/LaCie/postdoc_PhLAM/NO_HOPG/data/aimd_nspin_irene_0625_100traj/continue.vaspdata.Ei.0.1.Ts.100.NO.rand.zpe/vasprun-50.xml,1577,0,5212032
/Volumes/LaCie/postdoc_PhLAM/NO_HOPG/data/aimd_nspin_irene_0625_100traj/continue.vaspdata.Ei.0.1.Ts.100.NO.rand.zpe/vasprun-50.xml,1578,0,5212130
/Volumes/LaCie/postdoc_PhLAM/NO_HOPG/data/aimd_nspin_irene_0625_100traj/continue.vaspdata.Ei.0.1.Ts.100.NO.rand.zpe/vasprun-50.xml,1579,0,5212228
/Volumes/LaCie/postdoc_PhLAM/NO_HOPG/data/aimd_nspin_irene_0625_100traj/continue.vaspdata.Ei.0.1.Ts.100.NO.rand.zpe/vasprun-50.xml,1580,0,5212326
/Volumes/LaCie/postdoc_PhLAM/NO_HOPG/data/aimd_nspin_irene_0625_100traj/continue.vaspdata.Ei.0.1.Ts.100.NO.rand.zpe/vasprun-50.xml,1581,0,5212424
/Volumes/LaCie/postdoc_PhLAM/NO_HOPG/data/aimd_nspin_irene_0625_100traj/continue.vaspdata.Ei.0.1.Ts.100.NO.rand.zpe/vasprun-50.xml,1582,0,5212522
/Volumes/LaCie/postdoc_PhLAM/NO_HOPG/data/aimd_nspin_irene_0625_100traj/continue.vaspdata.Ei.0.1.Ts.100.NO.rand.zpe/vasprun-50.xml,1583,0,5212620
/Volumes/LaCie/postdoc_PhLAM/NO_HOPG/data/aimd_nspin_irene_0625_100traj/continue.vaspdata.Ei.0.1.Ts.100.NO.rand.zpe/vasprun-50.xml,1584,0,5212718
/Volumes/LaCie/postdoc_PhLAM/NO_HOPG/data/aimd_nspin_irene_0625_100traj/continue.vaspdata.Ei.0.1.Ts.100.NO.rand.zpe/vasprun-50.xml,1585,0,5212816
/Volumes/LaCie/postdoc_PhLAM/NO_HOPG/data/aimd_nspin_irene_0625_100traj/continue.vaspdata.Ei.0.1.Ts.100.NO.rand.zpe/vasprun-51.xml,485,1,5265933
/Volumes/LaCie/postdoc_PhLAM/NO_HOPG/data/aimd_nspin_irene_0625_100traj/continue.vaspdata.Ei.0.1.Ts.100.NO.rand.zpe/vasprun-51.xml,486,1,5266031
/Volumes/LaCie/postdoc_PhLAM/NO_HOPG/data/aimd_nspin_irene_0625_100traj/continue.vaspdata.Ei.0.1.Ts.100.NO.rand.zpe/vasprun-51.xml,487,1,5266129
/Volumes/LaCie/postdoc_PhLAM/NO_HOPG/data/aimd_nspin_irene_0625_100traj/continue.vaspdata.Ei.0.1.Ts.100.NO.rand.zpe/vasprun-51.xml,488,1,5266227
/Volumes/LaCie/postdoc_PhLAM/NO_HOPG/data/aimd_nspin_irene_0625_100traj/continue.vaspdata.Ei.0.1.Ts.100.NO.rand.zpe/vasprun-51.xml,489,1,5266325
/Volumes/LaCie/postdoc_PhLAM/NO_HOPG/data/aimd_nspin_irene_0625_100traj/continue.vaspdata.Ei.0.1.Ts.100.NO.rand.zpe/vasprun-51.xml,490,1,5266423
/Volumes/LaCie/postdoc_PhLAM/NO_HOPG/data/aimd_nspin_irene_0625_100traj/continue.vaspdata.Ei.0.1.Ts.100.NO.rand.zpe/vasprun-51.xml,491,1,5266521
/Volumes/LaCie/postdoc_PhLAM/NO_HOPG/data/aimd_nspin_irene_0625_100traj/continue.vaspdata.Ei.0.1.Ts.100.NO.rand.zpe/vasprun-51.xml,492,1,5266619
/Volumes/LaCie/postdoc_PhLAM/NO_HOPG/data/aimd_nspin_irene_0625_100traj/continue.vaspdata.Ei.0.1.Ts.100.NO.rand.zpe/vasprun-51.xml,493,1,5266717
/Volumes/LaCie/postdoc_PhLAM/NO_HOPG/data/aimd_nspin_irene_0625_100traj/continue.vaspdata.Ei.0.1.Ts.100.NO.rand.zpe/vasprun-51.xml,494,1,5266815
/Volumes/LaCie/postdoc_PhLAM/NO_HOPG/data/aimd_nspin_irene_0625_100traj/continue.vaspdata.Ei.0.1.Ts.100.NO.rand.zpe/vasprun-51.xml,495,1,5266913
/Volumes/LaCie/postdoc_PhLAM/NO_HOPG/data/aimd_nspin_irene_0625_100traj/continue.vaspdata.Ei.0.1.Ts.100.NO.rand.zpe/vasprun-51.xml,496,1,5267011
/Volumes/LaCie/postdoc_PhLAM/NO_HOPG/data/aimd_nspin_irene_0625_100traj/continue.vaspdata.Ei.0.1.Ts.100.NO.rand.zpe/vasprun-51.xml,497,1,5267109
/Volumes/LaCie/postdoc_PhLAM/NO_HOPG/data/aimd_nspin_irene_0625_100traj/continue.vaspdata.Ei.0.1.Ts.100.NO.rand.zpe/vasprun-51.xml,498,1,5267207
/Volumes/LaCie/postdoc_PhLAM/NO_HOPG/data/aimd_nspin_irene_0625_100traj/continue.vaspdata.Ei.0.1.Ts.100.NO.rand.zpe/vasprun-51.xml,501,1,5267501
/Volumes/LaCie/postdoc_PhLAM/NO_HOPG/data/aimd_nspin_irene_0625_100traj/continue.vaspdata.Ei.0.1.Ts.100.NO.rand.zpe/vasprun-51.xml,502,1,5267599
/Volumes/LaCie/postdoc_PhLAM/NO_HOPG/data/aimd_nspin_irene_0625_100traj/continue.vaspdata.Ei.0.1.Ts.100.NO.rand.zpe/vasprun-51.xml,503,1,5267697
/Volumes/LaCie/postdoc_PhLAM/NO_HOPG/data/aimd_nspin_irene_0625_100traj/continue.vaspdata.Ei.0.1.Ts.100.NO.rand.zpe/vasprun-51.xml,504,1,5267795
/Volumes/LaCie/postdoc_PhLAM/NO_HOPG/data/aimd_nspin_irene_0625_100traj/continue.vaspdata.Ei.0.1.Ts.100.NO.rand.zpe/vasprun-51.xml,505,1,5267893
/Volumes/LaCie/postdoc_PhLAM/NO_HOPG/data/aimd_nspin_irene_0625_100traj/continue.vaspdata.Ei.0.1.Ts.100.NO.rand.zpe/vasprun-51.xml,506,1,5267991
/Volumes/LaCie/postdoc_PhLAM/NO_HOPG/data/aimd_nspin_irene_0625_100traj/continue.vaspdata.Ei.0.1.Ts.100.NO.rand.zpe/vasprun-56.xml,539,0,5846680
/Volumes/LaCie/postdoc_PhLAM/NO_HOPG/data/aimd_nspin_irene_0625_100traj/continue.vaspdata.Ei.0.1.Ts.100.NO.rand.zpe/vasprun-56.xml,540,0,5846778
/Volumes/LaCie/postdoc_PhLAM/NO_HOPG/data/aimd_nspin_irene_0625_100traj/continue.vaspdata.Ei.0.1.Ts.100.NO.rand.zpe/vasprun-56.xml,541,0,5846876
/Volumes/LaCie/postdoc_PhLAM/NO_HOPG/data/aimd_nspin_irene_0625_100traj/continue.vaspdata.Ei.0.1.Ts.100.NO.rand.zpe/vasprun-56.xml,542,0,5846974
/Volumes/LaCie/postdoc_PhLAM/NO_HOPG/data/aimd_nspin_irene_0625_100traj/continue.vaspdata.Ei.0.1.Ts.100.NO.rand.zpe/vasprun-56.xml,543,0,5847072
/Volumes/LaCie/postdoc_PhLAM/NO_HOPG/data/aimd_nspin_irene_0625_100traj/continue.vaspdata.Ei.0.1.Ts.100.NO.rand.zpe/vasprun-56.xml,544,0,5847170
/Volumes/LaCie/postdoc_PhLAM/NO_HOPG/data/aimd_nspin_irene_0625_100traj/continue.vaspdata.Ei.0.1.Ts.100.NO.rand.zpe/vasprun-56.xml,545,0,5847268
/Volumes/LaCie/postdoc_PhLAM/NO_HOPG/data/aimd_nspin_irene_0625_100traj/continue.vaspdata.Ei.0.1.Ts.100.NO.rand.zpe/vasprun-56.xml,546,0,5847366
/Volumes/LaCie/postdoc_PhLAM/NO_HOPG/data/aimd_nspin_irene_0625_100traj/continue.vaspdata.Ei.0.1.Ts.100.NO.rand.zpe/vasprun-56.xml,547,0,5847464
/Volumes/LaCie/postdoc_PhLAM/NO_HOPG/data/aimd_nspin_irene_0625_100traj/continue.vaspdata.Ei.0.1.Ts.100.NO.rand.zpe/vasprun-56.xml,548,0,5847562
/Volumes/LaCie/postdoc_PhLAM/NO_HOPG/data/aimd_nspin_irene_0625_100traj/continue.vaspdata.Ei.0.1.Ts.100.NO.rand.zpe/vasprun-56.xml,548,1,5847563
/Volumes/LaCie/postdoc_PhLAM/NO_HOPG/data/aimd_nspin_irene_0625_100traj/continue.vaspdata.Ei.0.1.Ts.100.NO.rand.zpe/vasprun-56.xml,549,0,5847660
/Volumes/LaCie/postdoc_PhLAM/NO_HOPG/data/aimd_nspin_irene_0625_100traj/continue.vaspdata.Ei.0.1.Ts.100.NO.rand.zpe/vasprun-56.xml,549,1,5847661
/Volumes/LaCie/postdoc_PhLAM/NO_HOPG/data/aimd_nspin_irene_0625_100traj/continue.vaspdata.Ei.0.1.Ts.100.NO.rand.zpe/vasprun-56.xml,550,0,5847758
/Volumes/LaCie/postdoc_PhLAM/NO_HOPG/data/aimd_nspin_irene_0625_100traj/continue.vaspdata.Ei.0.1.Ts.100.NO.rand.zpe/vasprun-56.xml,550,1,5847759
/Volumes/LaCie/postdoc_PhLAM/NO_HOPG/data/aimd_nspin_irene_0625_100traj/continue.vaspdata.Ei.0.1.Ts.100.NO.rand.zpe/vasprun-56.xml,551,0,5847856
/Volumes/LaCie/postdoc_PhLAM/NO_HOPG/data/aimd_nspin_irene_0625_100traj/continue.vaspdata.Ei.0.1.Ts.100.NO.rand.zpe/vasprun-56.xml,551,1,5847857
/Volumes/LaCie/postdoc_PhLAM/NO_HOPG/data/aimd_nspin_irene_0625_100traj/continue.vaspdata.Ei.0.1.Ts.100.NO.rand.zpe/vasprun-56.xml,552,0,5847954
/Volumes/LaCie/postdoc_PhLAM/NO_HOPG/data/aimd_nspin_irene_0625_100traj/continue.vaspdata.Ei.0.1.Ts.100.NO.rand.zpe/vasprun-56.xml,552,1,5847955
/Volumes/LaCie/postdoc_PhLAM/NO_HOPG/data/aimd_nspin_irene_0625_100traj/continue.vaspdata.Ei.0.1.Ts.100.NO.rand.zpe/vasprun-56.xml,553,0,5848052
/Volumes/LaCie/postdoc_PhLAM/NO_HOPG/data/aimd_nspin_irene_0625_100traj/continue.vaspdata.Ei.0.1.Ts.100.NO.rand.zpe/vasprun-56.xml,553,1,5848053
/Volumes/LaCie/postdoc_PhLAM/NO_HOPG/data/aimd_nspin_irene_0625_100traj/continue.vaspdata.Ei.0.1.Ts.100.NO.rand.zpe/vasprun-56.xml,554,0,5848150
/Volumes/LaCie/postdoc_PhLAM/NO_HOPG/data/aimd_nspin_irene_0625_100traj/continue.vaspdata.Ei.0.1.Ts.100.NO.rand.zpe/vasprun-56.xml,554,1,5848151
/Volumes/LaCie/postdoc_PhLAM/NO_HOPG/data/aimd_nspin_irene_0625_100traj/continue.vaspdata.Ei.0.1.Ts.100.NO.rand.zpe/vasprun-56.xml,555,0,5848248
/Volumes/LaCie/postdoc_PhLAM/NO_HOPG/data/aimd_nspin_irene_0625_100traj/continue.vaspdata.Ei.0.1.Ts.100.NO.rand.zpe/vasprun-56.xml,555,1,5848249
/Volumes/LaCie/postdoc_PhLAM/NO_HOPG/data/aimd_nspin_irene_0625_100traj/continue.vaspdata.Ei.0.1.Ts.100.NO.rand.zpe/vasprun-56.xml,556,0,5848346
/Volumes/LaCie/postdoc_PhLAM/NO_HOPG/data/aimd_nspin_irene_0625_100traj/continue.vaspdata.Ei.0.1.Ts.100.NO.rand.zpe/vasprun-56.xml,556,1,5848347
/Volumes/LaCie/postdoc_PhLAM/NO_HOPG/data/aimd_nspin_irene_0625_100traj/continue.vaspdata.Ei.0.1.Ts.100.NO.rand.zpe/vasprun-56.xml,557,0,5848444
/Volumes/LaCie/postdoc_PhLAM/NO_HOPG/data/aimd_nspin_irene_0625_100traj/continue.vaspdata.Ei.0.1.Ts.100.NO.rand.zpe/vasprun-56.xml,557,1,5848445
/Volumes/LaCie/postdoc_PhLAM/NO_HOPG/data/aimd_nspin_irene_0625_100traj/continue.vaspdata.Ei.0.1.Ts.100.NO.rand.zpe/vasprun-56.xml,558,0,5848542
/Volumes/LaCie/postdoc_PhLAM/NO_HOPG/data/aimd_nspin_irene_0625_100traj/continue.vaspdata.Ei.0.1.Ts.100.NO.rand.zpe/vasprun-56.xml,558,1,5848543
/Volumes/LaCie/postdoc_PhLAM/NO_HOPG/data/aimd_nspin_irene_0625_100traj/continue.vaspdata.Ei.0.1.Ts.100.NO.rand.zpe/vasprun-56.xml,559,0,5848640
/Volumes/LaCie/postdoc_PhLAM/NO_HOPG/data/aimd_nspin_irene_0625_100traj/continue.vaspdata.Ei.0.1.Ts.100.NO.rand.zpe/vasprun-56.xml,559,1,5848641
/Volumes/LaCie/postdoc_PhLAM/NO_HOPG/data/aimd_nspin_irene_0625_100traj/continue.vaspdata.Ei.0.1.Ts.100.NO.rand.zpe/vasprun-56.xml,560,0,5848738
/Volumes/LaCie/postdoc_PhLAM/NO_HOPG/data/aimd_nspin_irene_0625_100traj/continue.vaspdata.Ei.0.1.Ts.100.NO.rand.zpe/vasprun-56.xml,560,1,5848739
/Volumes/LaCie/postdoc_PhLAM/NO_HOPG/data/aimd_nspin_irene_0625_100traj/continue.vaspdata.Ei.0.1.Ts.100.NO.rand.zpe/vasprun-56.xml,561,0,5848836
/Volumes/LaCie/postdoc_PhLAM/NO_HOPG/data/aimd_nspin_irene_0625_100traj/continue.vaspdata.Ei.0.1.Ts.100.NO.rand.zpe/vasprun-56.xml,561,1,5848837
/Volumes/LaCie/postdoc_PhLAM/NO_HOPG/data/aimd_nspin_irene_0625_100traj/continue.vaspdata.Ei.0.1.Ts.100.NO.rand.zpe/vasprun-56.xml,562,0,5848934
/Volumes/LaCie/postdoc_PhLAM/NO_HOPG/data/aimd_nspin_irene_0625_100traj/continue.vaspdata.Ei.0.1.Ts.100.NO.rand.zpe/vasprun-56.xml,562,1,5848935
/Volumes/LaCie/postdoc_PhLAM/NO_HOPG/data/aimd_nspin_irene_0625_100traj/continue.vaspdata.Ei.0.1.Ts.100.NO.rand.zpe/vasprun-56.xml,563,0,5849032
/Volumes/LaCie/postdoc_PhLAM/NO_HOPG/data/aimd_nspin_irene_0625_100traj/continue.vaspdata.Ei.0.1.Ts.100.NO.rand.zpe/vasprun-56.xml,563,1,5849033
/Volumes/LaCie/postdoc_PhLAM/NO_HOPG/data/aimd_nspin_irene_0625_100traj/continue.vaspdata.Ei.0.1.Ts.100.NO.rand.zpe/vasprun-56.xml,564,0,5849130
/Volumes/LaCie/postdoc_PhLAM/NO_HOPG/data/aimd_nspin_irene_0625_100traj/continue.vaspdata.Ei.0.1.Ts.100.NO.rand.zpe/vasprun-56.xml,564,1,5849131
/Volumes/LaCie/postdoc_PhLAM/NO_HOPG/data/aimd_nspin_irene_0625_100traj/continue.vaspdata.Ei.0.1.Ts.100.NO.rand.zpe/vasprun-56.xml,565,0,5849228
/Volumes/LaCie/postdoc_PhLAM/NO_HOPG/data/aimd_nspin_irene_0625_100traj/continue.vaspdata.Ei.0.1.Ts.100.NO.rand.zpe/vasprun-56.xml,565,1,5849229
/Volumes/LaCie/postdoc_PhLAM/NO_HOPG/data/aimd_nspin_irene_0625_100traj/continue.vaspdata.Ei.0.1.Ts.100.NO.rand.zpe/vasprun-56.xml,566,0,5849326
/Volumes/LaCie/postdoc_PhLAM/NO_HOPG/data/aimd_nspin_irene_0625_100traj/continue.vaspdata.Ei.0.1.Ts.100.NO.rand.zpe/vasprun-56.xml,566,1,5849327
/Volumes/LaCie/postdoc_PhLAM/NO_HOPG/data/aimd_nspin_irene_0625_100traj/continue.vaspdata.Ei.0.1.Ts.100.NO.rand.zpe/vasprun-56.xml,567,0,5849424
/Volumes/LaCie/postdoc_PhLAM/NO_HOPG/data/aimd_nspin_irene_0625_100traj/continue.vaspdata.Ei.0.1.Ts.100.NO.rand.zpe/vasprun-56.xml,567,1,5849425
/Volumes/LaCie/postdoc_PhLAM/NO_HOPG/data/aimd_nspin_irene_0625_100traj/continue.vaspdata.Ei.0.1.Ts.100.NO.rand.zpe/vasprun-56.xml,568,0,5849522
/Volumes/LaCie/postdoc_PhLAM/NO_HOPG/data/aimd_nspin_irene_0625_100traj/continue.vaspdata.Ei.0.1.Ts.100.NO.rand.zpe/vasprun-56.xml,568,1,5849523
/Volumes/LaCie/postdoc_PhLAM/NO_HOPG/data/aimd_nspin_irene_0625_100traj/continue.vaspdata.Ei.0.1.Ts.100.NO.rand.zpe/vasprun-56.xml,569,0,5849620
/Volumes/LaCie/postdoc_PhLAM/NO_HOPG/data/aimd_nspin_irene_0625_100traj/continue.vaspdata.Ei.0.1.Ts.100.NO.rand.zpe/vasprun-56.xml,569,1,5849621
/Volumes/LaCie/postdoc_PhLAM/NO_HOPG/data/aimd_nspin_irene_0625_100traj/continue.vaspdata.Ei.0.1.Ts.100.NO.rand.zpe/vasprun-56.xml,570,0,5849718
/Volumes/LaCie/postdoc_PhLAM/NO_HOPG/data/aimd_nspin_irene_0625_100traj/continue.vaspdata.Ei.0.1.Ts.100.NO.rand.zpe/vasprun-56.xml,570,1,5849719
/Volumes/LaCie/postdoc_PhLAM/NO_HOPG/data/aimd_nspin_irene_0625_100traj/continue.vaspdata.Ei.0.1.Ts.100.NO.rand.zpe/vasprun-56.xml,571,0,5849816
/Volumes/LaCie/postdoc_PhLAM/NO_HOPG/data/aimd_nspin_irene_0625_100traj/continue.vaspdata.Ei.0.1.Ts.100.NO.rand.zpe/vasprun-56.xml,571,1,5849817
/Volumes/LaCie/postdoc_PhLAM/NO_HOPG/data/aimd_nspin_irene_0625_100traj/continue.vaspdata.Ei.0.1.Ts.100.NO.rand.zpe/vasprun-56.xml,572,0,5849914
/Volumes/LaCie/postdoc_PhLAM/NO_HOPG/data/aimd_nspin_irene_0625_100traj/continue.vaspdata.Ei.0.1.Ts.100.NO.rand.zpe/vasprun-56.xml,572,1,5849915
/Volumes/LaCie/postdoc_PhLAM/NO_HOPG/data/aimd_nspin_irene_0625_100traj/continue.vaspdata.Ei.0.1.Ts.100.NO.rand.zpe/vasprun-56.xml,573,0,5850012
/Volumes/LaCie/postdoc_PhLAM/NO_HOPG/data/aimd_nspin_irene_0625_100traj/continue.vaspdata.Ei.0.1.Ts.100.NO.rand.zpe/vasprun-56.xml,573,1,5850013
/Volumes/LaCie/postdoc_PhLAM/NO_HOPG/data/aimd_nspin_irene_0625_100traj/continue.vaspdata.Ei.0.1.Ts.100.NO.rand.zpe/vasprun-56.xml,574,0,5850110
/Volumes/LaCie/postdoc_PhLAM/NO_HOPG/data/aimd_nspin_irene_0625_100traj/continue.vaspdata.Ei.0.1.Ts.100.NO.rand.zpe/vasprun-56.xml,574,1,5850111
/Volumes/LaCie/postdoc_PhLAM/NO_HOPG/data/aimd_nspin_irene_0625_100traj/continue.vaspdata.Ei.0.1.Ts.100.NO.rand.zpe/vasprun-56.xml,575,0,5850208
/Volumes/LaCie/postdoc_PhLAM/NO_HOPG/data/aimd_nspin_irene_0625_100traj/continue.vaspdata.Ei.0.1.Ts.100.NO.rand.zpe/vasprun-56.xml,575,1,5850209
/Volumes/LaCie/postdoc_PhLAM/NO_HOPG/data/aimd_nspin_irene_0625_100traj/continue.vaspdata.Ei.0.1.Ts.100.NO.rand.zpe/vasprun-56.xml,576,0,5850306
/Volumes/LaCie/postdoc_PhLAM/NO_HOPG/data/aimd_nspin_irene_0625_100traj/continue.vaspdata.Ei.0.1.Ts.100.NO.rand.zpe/vasprun-56.xml,576,1,5850307
/Volumes/LaCie/postdoc_PhLAM/NO_HOPG/data/aimd_nspin_irene_0625_100traj/continue.vaspdata.Ei.0.1.Ts.100.NO.rand.zpe/vasprun-56.xml,577,0,5850404
/Volumes/LaCie/postdoc_PhLAM/NO_HOPG/data/aimd_nspin_irene_0625_100traj/continue.vaspdata.Ei.0.1.Ts.100.NO.rand.zpe/vasprun-56.xml,577,1,5850405
/Volumes/LaCie/postdoc_PhLAM/NO_HOPG/data/aimd_nspin_irene_0625_100traj/continue.vaspdata.Ei.0.1.Ts.100.NO.rand.zpe/vasprun-56.xml,578,0,5850502
/Volumes/LaCie/postdoc_PhLAM/NO_HOPG/data/aimd_nspin_irene_0625_100traj/continue.vaspdata.Ei.0.1.Ts.100.NO.rand.zpe/vasprun-56.xml,578,1,5850503
/Volumes/LaCie/postdoc_PhLAM/NO_HOPG/data/aimd_nspin_irene_0625_100traj/continue.vaspdata.Ei.0.1.Ts.100.NO.rand.zpe/vasprun-56.xml,579,0,5850600
/Volumes/LaCie/postdoc_PhLAM/NO_HOPG/data/aimd_nspin_irene_0625_100traj/continue.vaspdata.Ei.0.1.Ts.100.NO.rand.zpe/vasprun-56.xml,579,1,5850601
/Volumes/LaCie/postdoc_PhLAM/NO_HOPG/data/aimd_nspin_irene_0625_100traj/continue.vaspdata.Ei.0.1.Ts.100.NO.rand.zpe/vasprun-56.xml,580,0,5850698
/Volumes/LaCie/postdoc_PhLAM/NO_HOPG/data/aimd_nspin_irene_0625_100traj/continue.vaspdata.Ei.0.1.Ts.100.NO.rand.zpe/vasprun-56.xml,580,1,5850699
/Volumes/LaCie/postdoc_PhLAM/NO_HOPG/data/aimd_nspin_irene_0625_100traj/continue.vaspdata.Ei.0.1.Ts.100.NO.rand.zpe/vasprun-56.xml,581,0,5850796
/Volumes/LaCie/postdoc_PhLAM/NO_HOPG/data/aimd_nspin_irene_0625_100traj/continue.vaspdata.Ei.0.1.Ts.100.NO.rand.zpe/vasprun-56.xml,581,1,5850797
/Volumes/LaCie/postdoc_PhLAM/NO_HOPG/data/aimd_nspin_irene_0625_100traj/continue.vaspdata.Ei.0.1.Ts.100.NO.rand.zpe/vasprun-56.xml,582,0,5850894
/Volumes/LaCie/postdoc_PhLAM/NO_HOPG/data/aimd_nspin_irene_0625_100traj/continue.vaspdata.Ei.0.1.Ts.100.NO.rand.zpe/vasprun-56.xml,582,1,5850895
/Volumes/LaCie/postdoc_PhLAM/NO_HOPG/data/aimd_nspin_irene_0625_100traj/continue.vaspdata.Ei.0.1.Ts.100.NO.rand.zpe/vasprun-56.xml,583,0,5850992
/Volumes/LaCie/postdoc_PhLAM/NO_HOPG/data/aimd_nspin_irene_0625_100traj/continue.vaspdata.Ei.0.1.Ts.100.NO.rand.zpe/vasprun-56.xml,583,1,5850993
/Volumes/LaCie/postdoc_PhLAM/NO_HOPG/data/aimd_nspin_irene_0625_100traj/continue.vaspdata.Ei.0.1.Ts.100.NO.rand.zpe/vasprun-56.xml,584,0,5851090
/Volumes/LaCie/postdoc_PhLAM/NO_HOPG/data/aimd_nspin_irene_0625_100traj/continue.vaspdata.Ei.0.1.Ts.100.NO.rand.zpe/vasprun-56.xml,585,0,5851188
/Volumes/LaCie/postdoc_PhLAM/NO_HOPG/data/aimd_nspin_irene_0625_100traj/continue.vaspdata.Ei.0.1.Ts.100.NO.rand.zpe/vasprun-56.xml,586,0,5851286
/Volumes/LaCie/postdoc_PhLAM/NO_HOPG/data/aimd_nspin_irene_0625_100traj/continue.vaspdata.Ei.0.1.Ts.100.NO.rand.zpe/vasprun-56.xml,587,0,5851384
/Volumes/LaCie/postdoc_PhLAM/NO_HOPG/data/aimd_nspin_irene_0625_100traj/continue.vaspdata.Ei.0.1.Ts.100.NO.rand.zpe/vasprun-56.xml,588,0,5851482
/Volumes/LaCie/postdoc_PhLAM/NO_HOPG/data/aimd_nspin_irene_0625_100traj/continue.vaspdata.Ei.0.1.Ts.100.NO.rand.zpe/vasprun-56.xml,589,0,5851580
/Volumes/LaCie/postdoc_PhLAM/NO_HOPG/data/aimd_nspin_irene_0625_100traj/continue.vaspdata.Ei.0.1.Ts.100.NO.rand.zpe/vasprun-56.xml,590,0,5851678
/Volumes/LaCie/postdoc_PhLAM/NO_HOPG/data/aimd_nspin_irene_0625_100traj/continue.vaspdata.Ei.0.1.Ts.100.NO.rand.zpe/vasprun-56.xml,591,0,5851776
/Volumes/LaCie/postdoc_PhLAM/NO_HOPG/data/aimd_nspin_irene_0625_100traj/continue.vaspdata.Ei.0.1.Ts.100.NO.rand.zpe/vasprun-56.xml,592,0,5851874
/Volumes/LaCie/postdoc_PhLAM/NO_HOPG/data/aimd_nspin_irene_0625_100traj/continue.vaspdata.Ei.0.1.Ts.100.NO.rand.zpe/vasprun-56.xml,593,0,5851972
/Volumes/LaCie/postdoc_PhLAM/NO_HOPG/data/aimd_nspin_irene_0625_100traj/continue.vaspdata.Ei.0.1.Ts.100.NO.rand.zpe/vasprun-56.xml,594,0,5852070
/Volumes/LaCie/postdoc_PhLAM/NO_HOPG/data/aimd_nspin_irene_0625_100traj/continue.vaspdata.Ei.0.1.Ts.100.NO.rand.zpe/vasprun-56.xml,595,0,5852168
/Volumes/LaCie/postdoc_PhLAM/NO_HOPG/data/aimd_nspin_irene_0625_100traj/continue.vaspdata.Ei.0.1.Ts.100.NO.rand.zpe/vasprun-56.xml,596,0,5852266
/Volumes/LaCie/postdoc_PhLAM/NO_HOPG/data/aimd_nspin_irene_0625_100traj/continue.vaspdata.Ei.0.1.Ts.100.NO.rand.zpe/vasprun-56.xml,597,0,5852364
/Volumes/LaCie/postdoc_PhLAM/NO_HOPG/data/aimd_nspin_irene_0625_100traj/continue.vaspdata.Ei.0.1.Ts.100.NO.rand.zpe/vasprun-56.xml,598,0,5852462
/Volumes/LaCie/postdoc_PhLAM/NO_HOPG/data/aimd_nspin_irene_0625_100traj/continue.vaspdata.Ei.0.1.Ts.100.NO.rand.zpe/vasprun-56.xml,599,0,5852560
/Volumes/LaCie/postdoc_PhLAM/NO_HOPG/data/aimd_nspin_irene_0625_100traj/continue.vaspdata.Ei.0.1.Ts.100.NO.rand.zpe/vasprun-56.xml,600,0,5852658
/Volumes/LaCie/postdoc_PhLAM/NO_HOPG/data/aimd_nspin_irene_0625_100traj/continue.vaspdata.Ei.0.1.Ts.100.NO.rand.zpe/vasprun-56.xml,601,0,5852756
/Volumes/LaCie/postdoc_PhLAM/NO_HOPG/data/aimd_nspin_irene_0625_100traj/continue.vaspdata.Ei.0.1.Ts.100.NO.rand.zpe/vasprun-56.xml,602,0,5852854
/Volumes/LaCie/postdoc_PhLAM/NO_HOPG/data/aimd_nspin_irene_0625_100traj/continue.vaspdata.Ei.0.1.Ts.100.NO.rand.zpe/vasprun-56.xml,603,0,5852952
/Volumes/LaCie/postdoc_PhLAM/NO_HOPG/data/aimd_nspin_irene_0625_100traj/continue.vaspdata.Ei.0.1.Ts.100.NO.rand.zpe/vasprun-56.xml,604,0,5853050
/Volumes/LaCie/postdoc_PhLAM/NO_HOPG/data/aimd_nspin_irene_0625_100traj/continue.vaspdata.Ei.0.1.Ts.100.NO.rand.zpe/vasprun-56.xml,605,0,5853148
/Volumes/LaCie/postdoc_PhLAM/NO_HOPG/data/aimd_nspin_irene_0625_100traj/continue.vaspdata.Ei.0.1.Ts.100.NO.rand.zpe/vasprun-56.xml,606,0,5853246
/Volumes/LaCie/postdoc_PhLAM/NO_HOPG/data/aimd_nspin_irene_0625_100traj/continue.vaspdata.Ei.0.1.Ts.100.NO.rand.zpe/vasprun-56.xml,607,0,5853344
/Volumes/LaCie/postdoc_PhLAM/NO_HOPG/data/aimd_nspin_irene_0625_100traj/continue.vaspdata.Ei.0.1.Ts.100.NO.rand.zpe/vasprun-56.xml,608,0,5853442
/Volumes/LaCie/postdoc_PhLAM/NO_HOPG/data/aimd_nspin_irene_0625_100traj/continue.vaspdata.Ei.0.1.Ts.100.NO.rand.zpe/vasprun-56.xml,609,0,5853540
/Volumes/LaCie/postdoc_PhLAM/NO_HOPG/data/aimd_nspin_irene_0625_100traj/continue.vaspdata.Ei.0.1.Ts.100.NO.rand.zpe/vasprun-56.xml,610,0,5853638
/Volumes/LaCie/postdoc_PhLAM/NO_HOPG/data/aimd_nspin_irene_0625_100traj/continue.vaspdata.Ei.0.1.Ts.100.NO.rand.zpe/vasprun-56.xml,611,0,5853736
/Volumes/LaCie/postdoc_PhLAM/NO_HOPG/data/aimd_nspin_irene_0625_100traj/continue.vaspdata.Ei.0.1.Ts.100.NO.rand.zpe/vasprun-56.xml,612,0,5853834
/Volumes/LaCie/postdoc_PhLAM/NO_HOPG/data/aimd_nspin_irene_0625_100traj/continue.vaspdata.Ei.0.1.Ts.100.NO.rand.zpe/vasprun-56.xml,613,0,5853932
/Volumes/LaCie/postdoc_PhLAM/NO_HOPG/data/aimd_nspin_irene_0625_100traj/continue.vaspdata.Ei.0.1.Ts.100.NO.rand.zpe/vasprun-56.xml,614,0,5854030
/Volumes/LaCie/postdoc_PhLAM/NO_HOPG/data/aimd_nspin_irene_0625_100traj/continue.vaspdata.Ei.0.1.Ts.100.NO.rand.zpe/vasprun-56.xml,615,0,5854128
/Volumes/LaCie/postdoc_PhLAM/NO_HOPG/data/aimd_nspin_irene_0625_100traj/continue.vaspdata.Ei.0.1.Ts.100.NO.rand.zpe/vasprun-56.xml,616,0,5854226
/Volumes/LaCie/postdoc_PhLAM/NO_HOPG/data/aimd_nspin_irene_0625_100traj/continue.vaspdata.Ei.0.1.Ts.100.NO.rand.zpe/vasprun-56.xml,617,0,5854324
/Volumes/LaCie/postdoc_PhLAM/NO_HOPG/data/aimd_nspin_irene_0625_100traj/continue.vaspdata.Ei.0.1.Ts.100.NO.rand.zpe/vasprun-56.xml,618,0,5854422
/Volumes/LaCie/postdoc_PhLAM/NO_HOPG/data/aimd_nspin_irene_0625_100traj/continue.vaspdata.Ei.0.1.Ts.100.NO.rand.zpe/vasprun-56.xml,619,0,5854520
/Volumes/LaCie/postdoc_PhLAM/NO_HOPG/data/aimd_nspin_irene_0625_100traj/continue.vaspdata.Ei.0.1.Ts.100.NO.rand.zpe/vasprun-56.xml,620,0,5854618
/Volumes/LaCie/postdoc_PhLAM/NO_HOPG/data/aimd_nspin_irene_0625_100traj/continue.vaspdata.Ei.0.1.Ts.100.NO.rand.zpe/vasprun-56.xml,621,0,5854716
/Volumes/LaCie/postdoc_PhLAM/NO_HOPG/data/aimd_nspin_irene_0625_100traj/continue.vaspdata.Ei.0.1.Ts.100.NO.rand.zpe/vasprun-56.xml,622,0,5854814
/Volumes/LaCie/postdoc_PhLAM/NO_HOPG/data/aimd_nspin_irene_0625_100traj/continue.vaspdata.Ei.0.1.Ts.100.NO.rand.zpe/vasprun-56.xml,623,0,5854912
/Volumes/LaCie/postdoc_PhLAM/NO_HOPG/data/aimd_nspin_irene_0625_100traj/continue.vaspdata.Ei.0.1.Ts.100.NO.rand.zpe/vasprun-56.xml,624,0,5855010
/Volumes/LaCie/postdoc_PhLAM/NO_HOPG/data/aimd_nspin_irene_0625_100traj/continue.vaspdata.Ei.0.1.Ts.100.NO.rand.zpe/vasprun-56.xml,625,0,5855108
/Volumes/LaCie/postdoc_PhLAM/NO_HOPG/data/aimd_nspin_irene_0625_100traj/continue.vaspdata.Ei.0.1.Ts.100.NO.rand.zpe/vasprun-56.xml,626,0,5855206
/Volumes/LaCie/postdoc_PhLAM/NO_HOPG/data/aimd_nspin_irene_0625_100traj/continue.vaspdata.Ei.0.1.Ts.100.NO.rand.zpe/vasprun-56.xml,627,0,5855304
/Volumes/LaCie/postdoc_PhLAM/NO_HOPG/data/aimd_nspin_irene_0625_100traj/continue.vaspdata.Ei.0.1.Ts.100.NO.rand.zpe/vasprun-56.xml,628,0,5855402
/Volumes/LaCie/postdoc_PhLAM/NO_HOPG/data/aimd_nspin_irene_0625_100traj/continue.vaspdata.Ei.0.1.Ts.100.NO.rand.zpe/vasprun-56.xml,629,0,5855500
/Volumes/LaCie/postdoc_PhLAM/NO_HOPG/data/aimd_nspin_irene_0625_100traj/continue.vaspdata.Ei.0.1.Ts.100.NO.rand.zpe/vasprun-56.xml,630,0,5855598
/Volumes/LaCie/postdoc_PhLAM/NO_HOPG/data/aimd_nspin_irene_0625_100traj/continue.vaspdata.Ei.0.1.Ts.100.NO.rand.zpe/vasprun-56.xml,631,0,5855696
/Volumes/LaCie/postdoc_PhLAM/NO_HOPG/data/aimd_nspin_irene_0625_100traj/continue.vaspdata.Ei.0.1.Ts.100.NO.rand.zpe/vasprun-56.xml,632,0,5855794
/Volumes/LaCie/postdoc_PhLAM/NO_HOPG/data/aimd_nspin_irene_0625_100traj/continue.vaspdata.Ei.0.1.Ts.100.NO.rand.zpe/vasprun-56.xml,633,0,5855892
/Volumes/LaCie/postdoc_PhLAM/NO_HOPG/data/aimd_nspin_irene_0625_100traj/continue.vaspdata.Ei.0.1.Ts.100.NO.rand.zpe/vasprun-56.xml,634,0,5855990
/Volumes/LaCie/postdoc_PhLAM/NO_HOPG/data/aimd_nspin_irene_0625_100traj/continue.vaspdata.Ei.0.1.Ts.100.NO.rand.zpe/vasprun-56.xml,635,0,5856088
/Volumes/LaCie/postdoc_PhLAM/NO_HOPG/data/aimd_nspin_irene_0625_100traj/continue.vaspdata.Ei.0.1.Ts.100.NO.rand.zpe/vasprun-56.xml,636,0,5856186
/Volumes/LaCie/postdoc_PhLAM/NO_HOPG/data/aimd_nspin_irene_0625_100traj/continue.vaspdata.Ei.0.1.Ts.100.NO.rand.zpe/vasprun-56.xml,637,0,5856284
/Volumes/LaCie/postdoc_PhLAM/NO_HOPG/data/aimd_nspin_irene_0625_100traj/continue.vaspdata.Ei.0.1.Ts.100.NO.rand.zpe/vasprun-56.xml,638,0,5856382
/Volumes/LaCie/postdoc_PhLAM/NO_HOPG/data/aimd_nspin_irene_0625_100traj/continue.vaspdata.Ei.0.1.Ts.100.NO.rand.zpe/vasprun-56.xml,639,0,5856480
/Volumes/LaCie/postdoc_PhLAM/NO_HOPG/data/aimd_nspin_irene_0625_100traj/continue.vaspdata.Ei.0.1.Ts.100.NO.rand.zpe/vasprun-56.xml,640,0,5856578
/Volumes/LaCie/postdoc_PhLAM/NO_HOPG/data/aimd_nspin_irene_0625_100traj/continue.vaspdata.Ei.0.1.Ts.100.NO.rand.zpe/vasprun-56.xml,641,0,5856676
/Volumes/LaCie/postdoc_PhLAM/NO_HOPG/data/aimd_nspin_irene_0625_100traj/continue.vaspdata.Ei.0.1.Ts.100.NO.rand.zpe/vasprun-57.xml,551,1,5995151
/Volumes/LaCie/postdoc_PhLAM/NO_HOPG/data/aimd_nspin_irene_0625_100traj/continue.vaspdata.Ei.0.1.Ts.100.NO.rand.zpe/vasprun-57.xml,552,1,5995249
/Volumes/LaCie/postdoc_PhLAM/NO_HOPG/data/aimd_nspin_irene_0625_100traj/continue.vaspdata.Ei.0.1.Ts.100.NO.rand.zpe/vasprun-57.xml,553,1,5995347
/Volumes/LaCie/postdoc_PhLAM/NO_HOPG/data/aimd_nspin_irene_0625_100traj/continue.vaspdata.Ei.0.1.Ts.100.NO.rand.zpe/vasprun-57.xml,554,1,5995445
/Volumes/LaCie/postdoc_PhLAM/NO_HOPG/data/aimd_nspin_irene_0625_100traj/continue.vaspdata.Ei.0.1.Ts.100.NO.rand.zpe/vasprun-57.xml,566,1,5996621
/Volumes/LaCie/postdoc_PhLAM/NO_HOPG/data/aimd_nspin_irene_0625_100traj/continue.vaspdata.Ei.0.1.Ts.100.NO.rand.zpe/vasprun-57.xml,567,1,5996719
/Volumes/LaCie/postdoc_PhLAM/NO_HOPG/data/aimd_nspin_irene_0625_100traj/continue.vaspdata.Ei.0.1.Ts.100.NO.rand.zpe/vasprun-57.xml,568,1,5996817
/Volumes/LaCie/postdoc_PhLAM/NO_HOPG/data/aimd_nspin_irene_0625_100traj/continue.vaspdata.Ei.0.1.Ts.100.NO.rand.zpe/vasprun-57.xml,569,1,5996915
/Volumes/LaCie/postdoc_PhLAM/NO_HOPG/data/aimd_nspin_irene_0625_100traj/continue.vaspdata.Ei.0.1.Ts.100.NO.rand.zpe/vasprun-57.xml,570,1,5997013
/Volumes/LaCie/postdoc_PhLAM/NO_HOPG/data/aimd_nspin_irene_0625_100traj/continue.vaspdata.Ei.0.1.Ts.100.NO.rand.zpe/vasprun-57.xml,571,1,5997111
/Volumes/LaCie/postdoc_PhLAM/NO_HOPG/data/aimd_nspin_irene_0625_100traj/continue.vaspdata.Ei.0.1.Ts.100.NO.rand.zpe/vasprun-57.xml,572,1,5997209
/Volumes/LaCie/postdoc_PhLAM/NO_HOPG/data/aimd_nspin_irene_0625_100traj/continue.vaspdata.Ei.0.1.Ts.100.NO.rand.zpe/vasprun-57.xml,573,1,5997307
/Volumes/LaCie/postdoc_PhLAM/NO_HOPG/data/aimd_nspin_irene_0625_100traj/continue.vaspdata.Ei.0.1.Ts.100.NO.rand.zpe/vasprun-6.xml,479,1,6244757
/Volumes/LaCie/postdoc_PhLAM/NO_HOPG/data/aimd_nspin_irene_0625_100traj/continue.vaspdata.Ei.0.1.Ts.100.NO.rand.zpe/vasprun-6.xml,480,1,6244855
/Volumes/LaCie/postdoc_PhLAM/NO_HOPG/data/aimd_nspin_irene_0625_100traj/continue.vaspdata.Ei.0.1.Ts.100.NO.rand.zpe/vasprun-6.xml,481,1,6244953
/Volumes/LaCie/postdoc_PhLAM/NO_HOPG/data/aimd_nspin_irene_0625_100traj/continue.vaspdata.Ei.0.1.Ts.100.NO.rand.zpe/vasprun-6.xml,482,1,6245051
/Volumes/LaCie/postdoc_PhLAM/NO_HOPG/data/aimd_nspin_irene_0625_100traj/continue.vaspdata.Ei.0.1.Ts.100.NO.rand.zpe/vasprun-6.xml,483,1,6245149
/Volumes/LaCie/postdoc_PhLAM/NO_HOPG/data/aimd_nspin_irene_0625_100traj/continue.vaspdata.Ei.0.1.Ts.100.NO.rand.zpe/vasprun-6.xml,484,1,6245247
/Volumes/LaCie/postdoc_PhLAM/NO_HOPG/data/aimd_nspin_irene_0625_100traj/continue.vaspdata.Ei.0.1.Ts.100.NO.rand.zpe/vasprun-6.xml,485,1,6245345
/Volumes/LaCie/postdoc_PhLAM/NO_HOPG/data/aimd_nspin_irene_0625_100traj/continue.vaspdata.Ei.0.1.Ts.100.NO.rand.zpe/vasprun-6.xml,486,1,6245443
/Volumes/LaCie/postdoc_PhLAM/NO_HOPG/data/aimd_nspin_irene_0625_100traj/continue.vaspdata.Ei.0.1.Ts.100.NO.rand.zpe/vasprun-6.xml,487,1,6245541
/Volumes/LaCie/postdoc_PhLAM/NO_HOPG/data/aimd_nspin_irene_0625_100traj/continue.vaspdata.Ei.0.1.Ts.100.NO.rand.zpe/vasprun-6.xml,488,1,6245639
/Volumes/LaCie/postdoc_PhLAM/NO_HOPG/data/aimd_nspin_irene_0625_100traj/continue.vaspdata.Ei.0.1.Ts.100.NO.rand.zpe/vasprun-6.xml,489,1,6245737
/Volumes/LaCie/postdoc_PhLAM/NO_HOPG/data/aimd_nspin_irene_0625_100traj/continue.vaspdata.Ei.0.1.Ts.100.NO.rand.zpe/vasprun-6.xml,490,1,6245835
/Volumes/LaCie/postdoc_PhLAM/NO_HOPG/data/aimd_nspin_irene_0625_100traj/continue.vaspdata.Ei.0.1.Ts.100.NO.rand.zpe/vasprun-6.xml,491,1,6245933
/Volumes/LaCie/postdoc_PhLAM/NO_HOPG/data/aimd_nspin_irene_0625_100traj/continue.vaspdata.Ei.0.1.Ts.100.NO.rand.zpe/vasprun-6.xml,492,1,6246031
/Volumes/LaCie/postdoc_PhLAM/NO_HOPG/data/aimd_nspin_irene_0625_100traj/continue.vaspdata.Ei.0.1.Ts.100.NO.rand.zpe/vasprun-6.xml,493,1,6246129
/Volumes/LaCie/postdoc_PhLAM/NO_HOPG/data/aimd_nspin_irene_0625_100traj/continue.vaspdata.Ei.0.1.Ts.100.NO.rand.zpe/vasprun-6.xml,494,1,6246227
/Volumes/LaCie/postdoc_PhLAM/NO_HOPG/data/aimd_nspin_irene_0625_100traj/continue.vaspdata.Ei.0.1.Ts.100.NO.rand.zpe/vasprun-6.xml,495,1,6246325
/Volumes/LaCie/postdoc_PhLAM/NO_HOPG/data/aimd_nspin_irene_0625_100traj/continue.vaspdata.Ei.0.1.Ts.100.NO.rand.zpe/vasprun-6.xml,496,1,6246423
/Volumes/LaCie/postdoc_PhLAM/NO_HOPG/data/aimd_nspin_irene_0625_100traj/continue.vaspdata.Ei.0.1.Ts.100.NO.rand.zpe/vasprun-6.xml,497,1,6246521
/Volumes/LaCie/postdoc_PhLAM/NO_HOPG/data/aimd_nspin_irene_0625_100traj/continue.vaspdata.Ei.0.1.Ts.100.NO.rand.zpe/vasprun-6.xml,498,1,6246619
/Volumes/LaCie/postdoc_PhLAM/NO_HOPG/data/aimd_nspin_irene_0625_100traj/continue.vaspdata.Ei.0.1.Ts.100.NO.rand.zpe/vasprun-6.xml,499,1,6246717
/Volumes/LaCie/postdoc_PhLAM/NO_HOPG/data/aimd_nspin_irene_0625_100traj/continue.vaspdata.Ei.0.1.Ts.100.NO.rand.zpe/vasprun-6.xml,500,1,6246815
/Volumes/LaCie/postdoc_PhLAM/NO_HOPG/data/aimd_nspin_irene_0625_100traj/continue.vaspdata.Ei.0.1.Ts.100.NO.rand.zpe/vasprun-6.xml,504,1,6247207
/Volumes/LaCie/postdoc_PhLAM/NO_HOPG/data/aimd_nspin_irene_0625_100traj/continue.vaspdata.Ei.0.1.Ts.100.NO.rand.zpe/vasprun-6.xml,505,1,6247305
/Volumes/LaCie/postdoc_PhLAM/NO_HOPG/data/aimd_nspin_irene_0625_100traj/continue.vaspdata.Ei.0.1.Ts.100.NO.rand.zpe/vasprun-6.xml,506,1,6247403
/Volumes/LaCie/postdoc_PhLAM/NO_HOPG/data/aimd_nspin_irene_0625_100traj/continue.vaspdata.Ei.0.1.Ts.100.NO.rand.zpe/vasprun-6.xml,507,1,6247501
/Volumes/LaCie/postdoc_PhLAM/NO_HOPG/data/aimd_nspin_irene_0625_100traj/continue.vaspdata.Ei.0.1.Ts.100.NO.rand.zpe/vasprun-6.xml,508,1,6247599
/Volumes/LaCie/postdoc_PhLAM/NO_HOPG/data/aimd_nspin_irene_0625_100traj/continue.vaspdata.Ei.0.1.Ts.100.NO.rand.zpe/vasprun-6.xml,509,1,6247697
/Volumes/LaCie/postdoc_PhLAM/NO_HOPG/data/aimd_nspin_irene_0625_100traj/continue.vaspdata.Ei.0.1.Ts.100.NO.rand.zpe/vasprun-6.xml,542,1,6250931
/Volumes/LaCie/postdoc_PhLAM/NO_HOPG/data/aimd_nspin_irene_0625_100traj/continue.vaspdata.Ei.0.1.Ts.100.NO.rand.zpe/vasprun-6.xml,543,1,6251029
/Volumes/LaCie/postdoc_PhLAM/NO_HOPG/data/aimd_nspin_irene_0625_100traj/continue.vaspdata.Ei.0.1.Ts.100.NO.rand.zpe/vasprun-6.xml,544,1,6251127
/Volumes/LaCie/postdoc_PhLAM/NO_HOPG/data/aimd_nspin_irene_0625_100traj/continue.vaspdata.Ei.0.1.Ts.100.NO.rand.zpe/vasprun-6.xml,545,1,6251225
/Volumes/LaCie/postdoc_PhLAM/NO_HOPG/data/aimd_nspin_irene_0625_100traj/continue.vaspdata.Ei.0.1.Ts.100.NO.rand.zpe/vasprun-6.xml,546,1,6251323
/Volumes/LaCie/postdoc_PhLAM/NO_HOPG/data/aimd_nspin_irene_0625_100traj/continue.vaspdata.Ei.0.1.Ts.100.NO.rand.zpe/vasprun-6.xml,547,1,6251421
/Volumes/LaCie/postdoc_PhLAM/NO_HOPG/data/aimd_nspin_irene_0625_100traj/continue.vaspdata.Ei.0.1.Ts.100.NO.rand.zpe/vasprun-6.xml,548,1,6251519
/Volumes/LaCie/postdoc_PhLAM/NO_HOPG/data/aimd_nspin_irene_0625_100traj/continue.vaspdata.Ei.0.1.Ts.100.NO.rand.zpe/vasprun-6.xml,549,1,6251617
/Volumes/LaCie/postdoc_PhLAM/NO_HOPG/data/aimd_nspin_irene_0625_100traj/continue.vaspdata.Ei.0.1.Ts.100.NO.rand.zpe/vasprun-6.xml,550,1,6251715
/Volumes/LaCie/postdoc_PhLAM/NO_HOPG/data/aimd_nspin_irene_0625_100traj/continue.vaspdata.Ei.0.1.Ts.100.NO.rand.zpe/vasprun-6.xml,551,1,6251813
/Volumes/LaCie/postdoc_PhLAM/NO_HOPG/data/aimd_nspin_irene_0625_100traj/continue.vaspdata.Ei.0.1.Ts.100.NO.rand.zpe/vasprun-6.xml,552,1,6251911
/Volumes/LaCie/postdoc_PhLAM/NO_HOPG/data/aimd_nspin_irene_0625_100traj/continue.vaspdata.Ei.0.1.Ts.100.NO.rand.zpe/vasprun-6.xml,553,1,6252009
/Volumes/LaCie/postdoc_PhLAM/NO_HOPG/data/aimd_nspin_irene_0625_100traj/continue.vaspdata.Ei.0.1.Ts.100.NO.rand.zpe/vasprun-6.xml,554,1,6252107
/Volumes/LaCie/postdoc_PhLAM/NO_HOPG/data/aimd_nspin_irene_0625_100traj/continue.vaspdata.Ei.0.1.Ts.100.NO.rand.zpe/vasprun-6.xml,555,1,6252205
/Volumes/LaCie/postdoc_PhLAM/NO_HOPG/data/aimd_nspin_irene_0625_100traj/continue.vaspdata.Ei.0.1.Ts.100.NO.rand.zpe/vasprun-6.xml,556,1,6252303
/Volumes/LaCie/postdoc_PhLAM/NO_HOPG/data/aimd_nspin_irene_0625_100traj/continue.vaspdata.Ei.0.1.Ts.100.NO.rand.zpe/vasprun-6.xml,557,1,6252401
/Volumes/LaCie/postdoc_PhLAM/NO_HOPG/data/aimd_nspin_irene_0625_100traj/continue.vaspdata.Ei.0.1.Ts.100.NO.rand.zpe/vasprun-6.xml,558,1,6252499
/Volumes/LaCie/postdoc_PhLAM/NO_HOPG/data/aimd_nspin_irene_0625_100traj/continue.vaspdata.Ei.0.1.Ts.100.NO.rand.zpe/vasprun-6.xml,559,1,6252597
/Volumes/LaCie/postdoc_PhLAM/NO_HOPG/data/aimd_nspin_irene_0625_100traj/continue.vaspdata.Ei.0.1.Ts.100.NO.rand.zpe/vasprun-6.xml,560,1,6252695
/Volumes/LaCie/postdoc_PhLAM/NO_HOPG/data/aimd_nspin_irene_0625_100traj/continue.vaspdata.Ei.0.1.Ts.100.NO.rand.zpe/vasprun-6.xml,561,1,6252793
/Volumes/LaCie/postdoc_PhLAM/NO_HOPG/data/aimd_nspin_irene_0625_100traj/continue.vaspdata.Ei.0.1.Ts.100.NO.rand.zpe/vasprun-6.xml,562,1,6252891
/Volumes/LaCie/postdoc_PhLAM/NO_HOPG/data/aimd_nspin_irene_0625_100traj/continue.vaspdata.Ei.0.1.Ts.100.NO.rand.zpe/vasprun-6.xml,563,1,6252989
/Volumes/LaCie/postdoc_PhLAM/NO_HOPG/data/aimd_nspin_irene_0625_100traj/continue.vaspdata.Ei.0.1.Ts.100.NO.rand.zpe/vasprun-6.xml,564,1,6253087
/Volumes/LaCie/postdoc_PhLAM/NO_HOPG/data/aimd_nspin_irene_0625_100traj/continue.vaspdata.Ei.0.1.Ts.100.NO.rand.zpe/vasprun-6.xml,565,1,6253185
/Volumes/LaCie/postdoc_PhLAM/NO_HOPG/data/aimd_nspin_irene_0625_100traj/continue.vaspdata.Ei.0.1.Ts.100.NO.rand.zpe/vasprun-6.xml,566,1,6253283
/Volumes/LaCie/postdoc_PhLAM/NO_HOPG/data/aimd_nspin_irene_0625_100traj/continue.vaspdata.Ei.0.1.Ts.100.NO.rand.zpe/vasprun-6.xml,567,1,6253381
/Volumes/LaCie/postdoc_PhLAM/NO_HOPG/data/aimd_nspin_irene_0625_100traj/continue.vaspdata.Ei.0.1.Ts.100.NO.rand.zpe/vasprun-6.xml,568,1,6253479
/Volumes/LaCie/postdoc_PhLAM/NO_HOPG/data/aimd_nspin_irene_0625_100traj/continue.vaspdata.Ei.0.1.Ts.100.NO.rand.zpe/vasprun-6.xml,569,1,6253577
/Volumes/LaCie/postdoc_PhLAM/NO_HOPG/data/aimd_nspin_irene_0625_100traj/continue.vaspdata.Ei.0.1.Ts.100.NO.rand.zpe/vasprun-6.xml,570,1,6253675
/Volumes/LaCie/postdoc_PhLAM/NO_HOPG/data/aimd_nspin_irene_0625_100traj/continue.vaspdata.Ei.0.1.Ts.100.NO.rand.zpe/vasprun-6.xml,571,1,6253773
/Volumes/LaCie/postdoc_PhLAM/NO_HOPG/data/aimd_nspin_irene_0625_100traj/continue.vaspdata.Ei.0.1.Ts.100.NO.rand.zpe/vasprun-6.xml,572,1,6253871
/Volumes/LaCie/postdoc_PhLAM/NO_HOPG/data/aimd_nspin_irene_0625_100traj/continue.vaspdata.Ei.0.1.Ts.100.NO.rand.zpe/vasprun-6.xml,573,1,6253969
/Volumes/LaCie/postdoc_PhLAM/NO_HOPG/data/aimd_nspin_irene_0625_100traj/continue.vaspdata.Ei.0.1.Ts.100.NO.rand.zpe/vasprun-6.xml,574,1,6254067
/Volumes/LaCie/postdoc_PhLAM/NO_HOPG/data/aimd_nspin_irene_0625_100traj/continue.vaspdata.Ei.0.1.Ts.100.NO.rand.zpe/vasprun-6.xml,575,1,6254165
/Volumes/LaCie/postdoc_PhLAM/NO_HOPG/data/aimd_nspin_irene_0625_100traj/continue.vaspdata.Ei.0.1.Ts.100.NO.rand.zpe/vasprun-6.xml,576,1,6254263
/Volumes/LaCie/postdoc_PhLAM/NO_HOPG/data/aimd_nspin_irene_0625_100traj/continue.vaspdata.Ei.0.1.Ts.100.NO.rand.zpe/vasprun-60.xml,795,0,6415864
/Volumes/LaCie/postdoc_PhLAM/NO_HOPG/data/aimd_nspin_irene_0625_100traj/continue.vaspdata.Ei.0.1.Ts.100.NO.rand.zpe/vasprun-60.xml,796,0,6415962
/Volumes/LaCie/postdoc_PhLAM/NO_HOPG/data/aimd_nspin_irene_0625_100traj/continue.vaspdata.Ei.0.1.Ts.100.NO.rand.zpe/vasprun-60.xml,797,0,6416060
/Volumes/LaCie/postdoc_PhLAM/NO_HOPG/data/aimd_nspin_irene_0625_100traj/continue.vaspdata.Ei.0.1.Ts.100.NO.rand.zpe/vasprun-60.xml,798,0,6416158
/Volumes/LaCie/postdoc_PhLAM/NO_HOPG/data/aimd_nspin_irene_0625_100traj/continue.vaspdata.Ei.0.1.Ts.100.NO.rand.zpe/vasprun-60.xml,799,0,6416256
/Volumes/LaCie/postdoc_PhLAM/NO_HOPG/data/aimd_nspin_irene_0625_100traj/continue.vaspdata.Ei.0.1.Ts.100.NO.rand.zpe/vasprun-60.xml,800,0,6416354
/Volumes/LaCie/postdoc_PhLAM/NO_HOPG/data/aimd_nspin_irene_0625_100traj/continue.vaspdata.Ei.0.1.Ts.100.NO.rand.zpe/vasprun-60.xml,801,0,6416452
/Volumes/LaCie/postdoc_PhLAM/NO_HOPG/data/aimd_nspin_irene_0625_100traj/continue.vaspdata.Ei.0.1.Ts.100.NO.rand.zpe/vasprun-60.xml,802,0,6416550
/Volumes/LaCie/postdoc_PhLAM/NO_HOPG/data/aimd_nspin_irene_0625_100traj/continue.vaspdata.Ei.0.1.Ts.100.NO.rand.zpe/vasprun-60.xml,803,0,6416648
/Volumes/LaCie/postdoc_PhLAM/NO_HOPG/data/aimd_nspin_irene_0625_100traj/continue.vaspdata.Ei.0.1.Ts.100.NO.rand.zpe/vasprun-60.xml,804,0,6416746
/Volumes/LaCie/postdoc_PhLAM/NO_HOPG/data/aimd_nspin_irene_0625_100traj/continue.vaspdata.Ei.0.1.Ts.100.NO.rand.zpe/vasprun-60.xml,805,0,6416844
/Volumes/LaCie/postdoc_PhLAM/NO_HOPG/data/aimd_nspin_irene_0625_100traj/continue.vaspdata.Ei.0.1.Ts.100.NO.rand.zpe/vasprun-60.xml,806,0,6416942
/Volumes/LaCie/postdoc_PhLAM/NO_HOPG/data/aimd_nspin_irene_0625_100traj/continue.vaspdata.Ei.0.1.Ts.100.NO.rand.zpe/vasprun-60.xml,806,1,6416943
/Volumes/LaCie/postdoc_PhLAM/NO_HOPG/data/aimd_nspin_irene_0625_100traj/continue.vaspdata.Ei.0.1.Ts.100.NO.rand.zpe/vasprun-60.xml,807,0,6417040
/Volumes/LaCie/postdoc_PhLAM/NO_HOPG/data/aimd_nspin_irene_0625_100traj/continue.vaspdata.Ei.0.1.Ts.100.NO.rand.zpe/vasprun-60.xml,807,1,6417041
/Volumes/LaCie/postdoc_PhLAM/NO_HOPG/data/aimd_nspin_irene_0625_100traj/continue.vaspdata.Ei.0.1.Ts.100.NO.rand.zpe/vasprun-60.xml,808,0,6417138
/Volumes/LaCie/postdoc_PhLAM/NO_HOPG/data/aimd_nspin_irene_0625_100traj/continue.vaspdata.Ei.0.1.Ts.100.NO.rand.zpe/vasprun-60.xml,808,1,6417139
/Volumes/LaCie/postdoc_PhLAM/NO_HOPG/data/aimd_nspin_irene_0625_100traj/continue.vaspdata.Ei.0.1.Ts.100.NO.rand.zpe/vasprun-60.xml,809,0,6417236
/Volumes/LaCie/postdoc_PhLAM/NO_HOPG/data/aimd_nspin_irene_0625_100traj/continue.vaspdata.Ei.0.1.Ts.100.NO.rand.zpe/vasprun-60.xml,809,1,6417237
/Volumes/LaCie/postdoc_PhLAM/NO_HOPG/data/aimd_nspin_irene_0625_100traj/continue.vaspdata.Ei.0.1.Ts.100.NO.rand.zpe/vasprun-60.xml,810,0,6417334
/Volumes/LaCie/postdoc_PhLAM/NO_HOPG/data/aimd_nspin_irene_0625_100traj/continue.vaspdata.Ei.0.1.Ts.100.NO.rand.zpe/vasprun-60.xml,810,1,6417335
/Volumes/LaCie/postdoc_PhLAM/NO_HOPG/data/aimd_nspin_irene_0625_100traj/continue.vaspdata.Ei.0.1.Ts.100.NO.rand.zpe/vasprun-60.xml,811,0,6417432
/Volumes/LaCie/postdoc_PhLAM/NO_HOPG/data/aimd_nspin_irene_0625_100traj/continue.vaspdata.Ei.0.1.Ts.100.NO.rand.zpe/vasprun-60.xml,811,1,6417433
/Volumes/LaCie/postdoc_PhLAM/NO_HOPG/data/aimd_nspin_irene_0625_100traj/continue.vaspdata.Ei.0.1.Ts.100.NO.rand.zpe/vasprun-60.xml,812,0,6417530
/Volumes/LaCie/postdoc_PhLAM/NO_HOPG/data/aimd_nspin_irene_0625_100traj/continue.vaspdata.Ei.0.1.Ts.100.NO.rand.zpe/vasprun-60.xml,812,1,6417531
/Volumes/LaCie/postdoc_PhLAM/NO_HOPG/data/aimd_nspin_irene_0625_100traj/continue.vaspdata.Ei.0.1.Ts.100.NO.rand.zpe/vasprun-60.xml,813,0,6417628
/Volumes/LaCie/postdoc_PhLAM/NO_HOPG/data/aimd_nspin_irene_0625_100traj/continue.vaspdata.Ei.0.1.Ts.100.NO.rand.zpe/vasprun-60.xml,813,1,6417629
/Volumes/LaCie/postdoc_PhLAM/NO_HOPG/data/aimd_nspin_irene_0625_100traj/continue.vaspdata.Ei.0.1.Ts.100.NO.rand.zpe/vasprun-60.xml,814,0,6417726
/Volumes/LaCie/postdoc_PhLAM/NO_HOPG/data/aimd_nspin_irene_0625_100traj/continue.vaspdata.Ei.0.1.Ts.100.NO.rand.zpe/vasprun-60.xml,814,1,6417727
/Volumes/LaCie/postdoc_PhLAM/NO_HOPG/data/aimd_nspin_irene_0625_100traj/continue.vaspdata.Ei.0.1.Ts.100.NO.rand.zpe/vasprun-60.xml,815,0,6417824
/Volumes/LaCie/postdoc_PhLAM/NO_HOPG/data/aimd_nspin_irene_0625_100traj/continue.vaspdata.Ei.0.1.Ts.100.NO.rand.zpe/vasprun-60.xml,815,1,6417825
/Volumes/LaCie/postdoc_PhLAM/NO_HOPG/data/aimd_nspin_irene_0625_100traj/continue.vaspdata.Ei.0.1.Ts.100.NO.rand.zpe/vasprun-60.xml,816,0,6417922
/Volumes/LaCie/postdoc_PhLAM/NO_HOPG/data/aimd_nspin_irene_0625_100traj/continue.vaspdata.Ei.0.1.Ts.100.NO.rand.zpe/vasprun-60.xml,816,1,6417923
/Volumes/LaCie/postdoc_PhLAM/NO_HOPG/data/aimd_nspin_irene_0625_100traj/continue.vaspdata.Ei.0.1.Ts.100.NO.rand.zpe/vasprun-60.xml,817,0,6418020
/Volumes/LaCie/postdoc_PhLAM/NO_HOPG/data/aimd_nspin_irene_0625_100traj/continue.vaspdata.Ei.0.1.Ts.100.NO.rand.zpe/vasprun-60.xml,817,1,6418021
/Volumes/LaCie/postdoc_PhLAM/NO_HOPG/data/aimd_nspin_irene_0625_100traj/continue.vaspdata.Ei.0.1.Ts.100.NO.rand.zpe/vasprun-60.xml,818,0,6418118
/Volumes/LaCie/postdoc_PhLAM/NO_HOPG/data/aimd_nspin_irene_0625_100traj/continue.vaspdata.Ei.0.1.Ts.100.NO.rand.zpe/vasprun-60.xml,818,1,6418119
/Volumes/LaCie/postdoc_PhLAM/NO_HOPG/data/aimd_nspin_irene_0625_100traj/continue.vaspdata.Ei.0.1.Ts.100.NO.rand.zpe/vasprun-60.xml,819,0,6418216
/Volumes/LaCie/postdoc_PhLAM/NO_HOPG/data/aimd_nspin_irene_0625_100traj/continue.vaspdata.Ei.0.1.Ts.100.NO.rand.zpe/vasprun-60.xml,819,1,6418217
/Volumes/LaCie/postdoc_PhLAM/NO_HOPG/data/aimd_nspin_irene_0625_100traj/continue.vaspdata.Ei.0.1.Ts.100.NO.rand.zpe/vasprun-60.xml,820,0,6418314
/Volumes/LaCie/postdoc_PhLAM/NO_HOPG/data/aimd_nspin_irene_0625_100traj/continue.vaspdata.Ei.0.1.Ts.100.NO.rand.zpe/vasprun-60.xml,820,1,6418315
/Volumes/LaCie/postdoc_PhLAM/NO_HOPG/data/aimd_nspin_irene_0625_100traj/continue.vaspdata.Ei.0.1.Ts.100.NO.rand.zpe/vasprun-60.xml,821,0,6418412
/Volumes/LaCie/postdoc_PhLAM/NO_HOPG/data/aimd_nspin_irene_0625_100traj/continue.vaspdata.Ei.0.1.Ts.100.NO.rand.zpe/vasprun-60.xml,821,1,6418413
/Volumes/LaCie/postdoc_PhLAM/NO_HOPG/data/aimd_nspin_irene_0625_100traj/continue.vaspdata.Ei.0.1.Ts.100.NO.rand.zpe/vasprun-60.xml,822,0,6418510
/Volumes/LaCie/postdoc_PhLAM/NO_HOPG/data/aimd_nspin_irene_0625_100traj/continue.vaspdata.Ei.0.1.Ts.100.NO.rand.zpe/vasprun-60.xml,822,1,6418511
/Volumes/LaCie/postdoc_PhLAM/NO_HOPG/data/aimd_nspin_irene_0625_100traj/continue.vaspdata.Ei.0.1.Ts.100.NO.rand.zpe/vasprun-60.xml,823,0,6418608
/Volumes/LaCie/postdoc_PhLAM/NO_HOPG/data/aimd_nspin_irene_0625_100traj/continue.vaspdata.Ei.0.1.Ts.100.NO.rand.zpe/vasprun-60.xml,823,1,6418609
/Volumes/LaCie/postdoc_PhLAM/NO_HOPG/data/aimd_nspin_irene_0625_100traj/continue.vaspdata.Ei.0.1.Ts.100.NO.rand.zpe/vasprun-60.xml,824,0,6418706
/Volumes/LaCie/postdoc_PhLAM/NO_HOPG/data/aimd_nspin_irene_0625_100traj/continue.vaspdata.Ei.0.1.Ts.100.NO.rand.zpe/vasprun-60.xml,824,1,6418707
/Volumes/LaCie/postdoc_PhLAM/NO_HOPG/data/aimd_nspin_irene_0625_100traj/continue.vaspdata.Ei.0.1.Ts.100.NO.rand.zpe/vasprun-60.xml,825,0,6418804
/Volumes/LaCie/postdoc_PhLAM/NO_HOPG/data/aimd_nspin_irene_0625_100traj/continue.vaspdata.Ei.0.1.Ts.100.NO.rand.zpe/vasprun-60.xml,825,1,6418805
/Volumes/LaCie/postdoc_PhLAM/NO_HOPG/data/aimd_nspin_irene_0625_100traj/continue.vaspdata.Ei.0.1.Ts.100.NO.rand.zpe/vasprun-60.xml,826,0,6418902
/Volumes/LaCie/postdoc_PhLAM/NO_HOPG/data/aimd_nspin_irene_0625_100traj/continue.vaspdata.Ei.0.1.Ts.100.NO.rand.zpe/vasprun-60.xml,826,1,6418903
/Volumes/LaCie/postdoc_PhLAM/NO_HOPG/data/aimd_nspin_irene_0625_100traj/continue.vaspdata.Ei.0.1.Ts.100.NO.rand.zpe/vasprun-60.xml,827,0,6419000
/Volumes/LaCie/postdoc_PhLAM/NO_HOPG/data/aimd_nspin_irene_0625_100traj/continue.vaspdata.Ei.0.1.Ts.100.NO.rand.zpe/vasprun-60.xml,827,1,6419001
/Volumes/LaCie/postdoc_PhLAM/NO_HOPG/data/aimd_nspin_irene_0625_100traj/continue.vaspdata.Ei.0.1.Ts.100.NO.rand.zpe/vasprun-60.xml,828,0,6419098
/Volumes/LaCie/postdoc_PhLAM/NO_HOPG/data/aimd_nspin_irene_0625_100traj/continue.vaspdata.Ei.0.1.Ts.100.NO.rand.zpe/vasprun-60.xml,828,1,6419099
/Volumes/LaCie/postdoc_PhLAM/NO_HOPG/data/aimd_nspin_irene_0625_100traj/continue.vaspdata.Ei.0.1.Ts.100.NO.rand.zpe/vasprun-60.xml,829,0,6419196
/Volumes/LaCie/postdoc_PhLAM/NO_HOPG/data/aimd_nspin_irene_0625_100traj/continue.vaspdata.Ei.0.1.Ts.100.NO.rand.zpe/vasprun-60.xml,829,1,6419197
/Volumes/LaCie/postdoc_PhLAM/NO_HOPG/data/aimd_nspin_irene_0625_100traj/continue.vaspdata.Ei.0.1.Ts.100.NO.rand.zpe/vasprun-60.xml,830,0,6419294
/Volumes/LaCie/postdoc_PhLAM/NO_HOPG/data/aimd_nspin_irene_0625_100traj/continue.vaspdata.Ei.0.1.Ts.100.NO.rand.zpe/vasprun-60.xml,830,1,6419295
/Volumes/LaCie/postdoc_PhLAM/NO_HOPG/data/aimd_nspin_irene_0625_100traj/continue.vaspdata.Ei.0.1.Ts.100.NO.rand.zpe/vasprun-60.xml,831,0,6419392
/Volumes/LaCie/postdoc_PhLAM/NO_HOPG/data/aimd_nspin_irene_0625_100traj/continue.vaspdata.Ei.0.1.Ts.100.NO.rand.zpe/vasprun-60.xml,831,1,6419393
/Volumes/LaCie/postdoc_PhLAM/NO_HOPG/data/aimd_nspin_irene_0625_100traj/continue.vaspdata.Ei.0.1.Ts.100.NO.rand.zpe/vasprun-60.xml,832,0,6419490
/Volumes/LaCie/postdoc_PhLAM/NO_HOPG/data/aimd_nspin_irene_0625_100traj/continue.vaspdata.Ei.0.1.Ts.100.NO.rand.zpe/vasprun-60.xml,832,1,6419491
/Volumes/LaCie/postdoc_PhLAM/NO_HOPG/data/aimd_nspin_irene_0625_100traj/continue.vaspdata.Ei.0.1.Ts.100.NO.rand.zpe/vasprun-60.xml,833,0,6419588
/Volumes/LaCie/postdoc_PhLAM/NO_HOPG/data/aimd_nspin_irene_0625_100traj/continue.vaspdata.Ei.0.1.Ts.100.NO.rand.zpe/vasprun-60.xml,833,1,6419589
/Volumes/LaCie/postdoc_PhLAM/NO_HOPG/data/aimd_nspin_irene_0625_100traj/continue.vaspdata.Ei.0.1.Ts.100.NO.rand.zpe/vasprun-60.xml,834,0,6419686
/Volumes/LaCie/postdoc_PhLAM/NO_HOPG/data/aimd_nspin_irene_0625_100traj/continue.vaspdata.Ei.0.1.Ts.100.NO.rand.zpe/vasprun-60.xml,834,1,6419687
/Volumes/LaCie/postdoc_PhLAM/NO_HOPG/data/aimd_nspin_irene_0625_100traj/continue.vaspdata.Ei.0.1.Ts.100.NO.rand.zpe/vasprun-60.xml,835,0,6419784
/Volumes/LaCie/postdoc_PhLAM/NO_HOPG/data/aimd_nspin_irene_0625_100traj/continue.vaspdata.Ei.0.1.Ts.100.NO.rand.zpe/vasprun-60.xml,835,1,6419785
/Volumes/LaCie/postdoc_PhLAM/NO_HOPG/data/aimd_nspin_irene_0625_100traj/continue.vaspdata.Ei.0.1.Ts.100.NO.rand.zpe/vasprun-60.xml,836,0,6419882
/Volumes/LaCie/postdoc_PhLAM/NO_HOPG/data/aimd_nspin_irene_0625_100traj/continue.vaspdata.Ei.0.1.Ts.100.NO.rand.zpe/vasprun-60.xml,836,1,6419883
/Volumes/LaCie/postdoc_PhLAM/NO_HOPG/data/aimd_nspin_irene_0625_100traj/continue.vaspdata.Ei.0.1.Ts.100.NO.rand.zpe/vasprun-60.xml,837,0,6419980
/Volumes/LaCie/postdoc_PhLAM/NO_HOPG/data/aimd_nspin_irene_0625_100traj/continue.vaspdata.Ei.0.1.Ts.100.NO.rand.zpe/vasprun-60.xml,837,1,6419981
/Volumes/LaCie/postdoc_PhLAM/NO_HOPG/data/aimd_nspin_irene_0625_100traj/continue.vaspdata.Ei.0.1.Ts.100.NO.rand.zpe/vasprun-60.xml,838,0,6420078
/Volumes/LaCie/postdoc_PhLAM/NO_HOPG/data/aimd_nspin_irene_0625_100traj/continue.vaspdata.Ei.0.1.Ts.100.NO.rand.zpe/vasprun-60.xml,838,1,6420079
/Volumes/LaCie/postdoc_PhLAM/NO_HOPG/data/aimd_nspin_irene_0625_100traj/continue.vaspdata.Ei.0.1.Ts.100.NO.rand.zpe/vasprun-60.xml,839,0,6420176
/Volumes/LaCie/postdoc_PhLAM/NO_HOPG/data/aimd_nspin_irene_0625_100traj/continue.vaspdata.Ei.0.1.Ts.100.NO.rand.zpe/vasprun-60.xml,839,1,6420177
/Volumes/LaCie/postdoc_PhLAM/NO_HOPG/data/aimd_nspin_irene_0625_100traj/continue.vaspdata.Ei.0.1.Ts.100.NO.rand.zpe/vasprun-60.xml,840,0,6420274
/Volumes/LaCie/postdoc_PhLAM/NO_HOPG/data/aimd_nspin_irene_0625_100traj/continue.vaspdata.Ei.0.1.Ts.100.NO.rand.zpe/vasprun-60.xml,840,1,6420275
/Volumes/LaCie/postdoc_PhLAM/NO_HOPG/data/aimd_nspin_irene_0625_100traj/continue.vaspdata.Ei.0.1.Ts.100.NO.rand.zpe/vasprun-60.xml,841,0,6420372
/Volumes/LaCie/postdoc_PhLAM/NO_HOPG/data/aimd_nspin_irene_0625_100traj/continue.vaspdata.Ei.0.1.Ts.100.NO.rand.zpe/vasprun-60.xml,841,1,6420373
/Volumes/LaCie/postdoc_PhLAM/NO_HOPG/data/aimd_nspin_irene_0625_100traj/continue.vaspdata.Ei.0.1.Ts.100.NO.rand.zpe/vasprun-60.xml,842,0,6420470
/Volumes/LaCie/postdoc_PhLAM/NO_HOPG/data/aimd_nspin_irene_0625_100traj/continue.vaspdata.Ei.0.1.Ts.100.NO.rand.zpe/vasprun-60.xml,842,1,6420471
/Volumes/LaCie/postdoc_PhLAM/NO_HOPG/data/aimd_nspin_irene_0625_100traj/continue.vaspdata.Ei.0.1.Ts.100.NO.rand.zpe/vasprun-60.xml,843,0,6420568
/Volumes/LaCie/postdoc_PhLAM/NO_HOPG/data/aimd_nspin_irene_0625_100traj/continue.vaspdata.Ei.0.1.Ts.100.NO.rand.zpe/vasprun-60.xml,843,1,6420569
/Volumes/LaCie/postdoc_PhLAM/NO_HOPG/data/aimd_nspin_irene_0625_100traj/continue.vaspdata.Ei.0.1.Ts.100.NO.rand.zpe/vasprun-60.xml,844,0,6420666
/Volumes/LaCie/postdoc_PhLAM/NO_HOPG/data/aimd_nspin_irene_0625_100traj/continue.vaspdata.Ei.0.1.Ts.100.NO.rand.zpe/vasprun-60.xml,844,1,6420667
/Volumes/LaCie/postdoc_PhLAM/NO_HOPG/data/aimd_nspin_irene_0625_100traj/continue.vaspdata.Ei.0.1.Ts.100.NO.rand.zpe/vasprun-60.xml,845,0,6420764
/Volumes/LaCie/postdoc_PhLAM/NO_HOPG/data/aimd_nspin_irene_0625_100traj/continue.vaspdata.Ei.0.1.Ts.100.NO.rand.zpe/vasprun-60.xml,845,1,6420765
/Volumes/LaCie/postdoc_PhLAM/NO_HOPG/data/aimd_nspin_irene_0625_100traj/continue.vaspdata.Ei.0.1.Ts.100.NO.rand.zpe/vasprun-60.xml,846,0,6420862
/Volumes/LaCie/postdoc_PhLAM/NO_HOPG/data/aimd_nspin_irene_0625_100traj/continue.vaspdata.Ei.0.1.Ts.100.NO.rand.zpe/vasprun-60.xml,846,1,6420863
/Volumes/LaCie/postdoc_PhLAM/NO_HOPG/data/aimd_nspin_irene_0625_100traj/continue.vaspdata.Ei.0.1.Ts.100.NO.rand.zpe/vasprun-60.xml,847,1,6420961
/Volumes/LaCie/postdoc_PhLAM/NO_HOPG/data/aimd_nspin_irene_0625_100traj/continue.vaspdata.Ei.0.1.Ts.100.NO.rand.zpe/vasprun-60.xml,848,1,6421059
/Volumes/LaCie/postdoc_PhLAM/NO_HOPG/data/aimd_nspin_irene_0625_100traj/continue.vaspdata.Ei.0.1.Ts.100.NO.rand.zpe/vasprun-60.xml,849,1,6421157
/Volumes/LaCie/postdoc_PhLAM/NO_HOPG/data/aimd_nspin_irene_0625_100traj/continue.vaspdata.Ei.0.1.Ts.100.NO.rand.zpe/vasprun-60.xml,850,1,6421255
/Volumes/LaCie/postdoc_PhLAM/NO_HOPG/data/aimd_nspin_irene_0625_100traj/continue.vaspdata.Ei.0.1.Ts.100.NO.rand.zpe/vasprun-60.xml,851,1,6421353
/Volumes/LaCie/postdoc_PhLAM/NO_HOPG/data/aimd_nspin_irene_0625_100traj/continue.vaspdata.Ei.0.1.Ts.100.NO.rand.zpe/vasprun-60.xml,852,1,6421451
/Volumes/LaCie/postdoc_PhLAM/NO_HOPG/data/aimd_nspin_irene_0625_100traj/continue.vaspdata.Ei.0.1.Ts.100.NO.rand.zpe/vasprun-60.xml,853,1,6421549
/Volumes/LaCie/postdoc_PhLAM/NO_HOPG/data/aimd_nspin_irene_0625_100traj/continue.vaspdata.Ei.0.1.Ts.100.NO.rand.zpe/vasprun-60.xml,854,1,6421647
/Volumes/LaCie/postdoc_PhLAM/NO_HOPG/data/aimd_nspin_irene_0625_100traj/continue.vaspdata.Ei.0.1.Ts.100.NO.rand.zpe/vasprun-60.xml,855,1,6421745
/Volumes/LaCie/postdoc_PhLAM/NO_HOPG/data/aimd_nspin_irene_0625_100traj/continue.vaspdata.Ei.0.1.Ts.100.NO.rand.zpe/vasprun-60.xml,856,1,6421843
/Volumes/LaCie/postdoc_PhLAM/NO_HOPG/data/aimd_nspin_irene_0625_100traj/continue.vaspdata.Ei.0.1.Ts.100.NO.rand.zpe/vasprun-60.xml,857,1,6421941
/Volumes/LaCie/postdoc_PhLAM/NO_HOPG/data/aimd_nspin_irene_0625_100traj/continue.vaspdata.Ei.0.1.Ts.100.NO.rand.zpe/vasprun-60.xml,858,1,6422039
/Volumes/LaCie/postdoc_PhLAM/NO_HOPG/data/aimd_nspin_irene_0625_100traj/continue.vaspdata.Ei.0.1.Ts.100.NO.rand.zpe/vasprun-60.xml,859,1,6422137
/Volumes/LaCie/postdoc_PhLAM/NO_HOPG/data/aimd_nspin_irene_0625_100traj/continue.vaspdata.Ei.0.1.Ts.100.NO.rand.zpe/vasprun-60.xml,860,1,6422235
/Volumes/LaCie/postdoc_PhLAM/NO_HOPG/data/aimd_nspin_irene_0625_100traj/continue.vaspdata.Ei.0.1.Ts.100.NO.rand.zpe/vasprun-60.xml,861,1,6422333
/Volumes/LaCie/postdoc_PhLAM/NO_HOPG/data/aimd_nspin_irene_0625_100traj/continue.vaspdata.Ei.0.1.Ts.100.NO.rand.zpe/vasprun-60.xml,862,1,6422431
/Volumes/LaCie/postdoc_PhLAM/NO_HOPG/data/aimd_nspin_irene_0625_100traj/continue.vaspdata.Ei.0.1.Ts.100.NO.rand.zpe/vasprun-62.xml,1414,0,6785912
/Volumes/LaCie/postdoc_PhLAM/NO_HOPG/data/aimd_nspin_irene_0625_100traj/continue.vaspdata.Ei.0.1.Ts.100.NO.rand.zpe/vasprun-62.xml,1415,0,6786010
/Volumes/LaCie/postdoc_PhLAM/NO_HOPG/data/aimd_nspin_irene_0625_100traj/continue.vaspdata.Ei.0.1.Ts.100.NO.rand.zpe/vasprun-62.xml,1416,0,6786108
/Volumes/LaCie/postdoc_PhLAM/NO_HOPG/data/aimd_nspin_irene_0625_100traj/continue.vaspdata.Ei.0.1.Ts.100.NO.rand.zpe/vasprun-62.xml,1430,0,6787480
/Volumes/LaCie/postdoc_PhLAM/NO_HOPG/data/aimd_nspin_irene_0625_100traj/continue.vaspdata.Ei.0.1.Ts.100.NO.rand.zpe/vasprun-62.xml,1431,0,6787578
/Volumes/LaCie/postdoc_PhLAM/NO_HOPG/data/aimd_nspin_irene_0625_100traj/continue.vaspdata.Ei.0.1.Ts.100.NO.rand.zpe/vasprun-63.xml,467,0,6857648
/Volumes/LaCie/postdoc_PhLAM/NO_HOPG/data/aimd_nspin_irene_0625_100traj/continue.vaspdata.Ei.0.1.Ts.100.NO.rand.zpe/vasprun-63.xml,468,0,6857746
/Volumes/LaCie/postdoc_PhLAM/NO_HOPG/data/aimd_nspin_irene_0625_100traj/continue.vaspdata.Ei.0.1.Ts.100.NO.rand.zpe/vasprun-63.xml,469,0,6857844
/Volumes/LaCie/postdoc_PhLAM/NO_HOPG/data/aimd_nspin_irene_0625_100traj/continue.vaspdata.Ei.0.1.Ts.100.NO.rand.zpe/vasprun-63.xml,470,0,6857942
/Volumes/LaCie/postdoc_PhLAM/NO_HOPG/data/aimd_nspin_irene_0625_100traj/continue.vaspdata.Ei.0.1.Ts.100.NO.rand.zpe/vasprun-63.xml,471,0,6858040
/Volumes/LaCie/postdoc_PhLAM/NO_HOPG/data/aimd_nspin_irene_0625_100traj/continue.vaspdata.Ei.0.1.Ts.100.NO.rand.zpe/vasprun-63.xml,472,0,6858138
/Volumes/LaCie/postdoc_PhLAM/NO_HOPG/data/aimd_nspin_irene_0625_100traj/continue.vaspdata.Ei.0.1.Ts.100.NO.rand.zpe/vasprun-63.xml,473,0,6858236
/Volumes/LaCie/postdoc_PhLAM/NO_HOPG/data/aimd_nspin_irene_0625_100traj/continue.vaspdata.Ei.0.1.Ts.100.NO.rand.zpe/vasprun-63.xml,474,0,6858334
/Volumes/LaCie/postdoc_PhLAM/NO_HOPG/data/aimd_nspin_irene_0625_100traj/continue.vaspdata.Ei.0.1.Ts.100.NO.rand.zpe/vasprun-63.xml,475,0,6858432
/Volumes/LaCie/postdoc_PhLAM/NO_HOPG/data/aimd_nspin_irene_0625_100traj/continue.vaspdata.Ei.0.1.Ts.100.NO.rand.zpe/vasprun-63.xml,476,0,6858530
/Volumes/LaCie/postdoc_PhLAM/NO_HOPG/data/aimd_nspin_irene_0625_100traj/continue.vaspdata.Ei.0.1.Ts.100.NO.rand.zpe/vasprun-63.xml,477,0,6858628
/Volumes/LaCie/postdoc_PhLAM/NO_HOPG/data/aimd_nspin_irene_0625_100traj/continue.vaspdata.Ei.0.1.Ts.100.NO.rand.zpe/vasprun-63.xml,478,0,6858726
/Volumes/LaCie/postdoc_PhLAM/NO_HOPG/data/aimd_nspin_irene_0625_100traj/continue.vaspdata.Ei.0.1.Ts.100.NO.rand.zpe/vasprun-63.xml,479,0,6858824
/Volumes/LaCie/postdoc_PhLAM/NO_HOPG/data/aimd_nspin_irene_0625_100traj/continue.vaspdata.Ei.0.1.Ts.100.NO.rand.zpe/vasprun-63.xml,480,0,6858922
/Volumes/LaCie/postdoc_PhLAM/NO_HOPG/data/aimd_nspin_irene_0625_100traj/continue.vaspdata.Ei.0.1.Ts.100.NO.rand.zpe/vasprun-63.xml,481,0,6859020
/Volumes/LaCie/postdoc_PhLAM/NO_HOPG/data/aimd_nspin_irene_0625_100traj/continue.vaspdata.Ei.0.1.Ts.100.NO.rand.zpe/vasprun-63.xml,482,0,6859118
/Volumes/LaCie/postdoc_PhLAM/NO_HOPG/data/aimd_nspin_irene_0625_100traj/continue.vaspdata.Ei.0.1.Ts.100.NO.rand.zpe/vasprun-63.xml,483,0,6859216
/Volumes/LaCie/postdoc_PhLAM/NO_HOPG/data/aimd_nspin_irene_0625_100traj/continue.vaspdata.Ei.0.1.Ts.100.NO.rand.zpe/vasprun-63.xml,484,0,6859314
/Volumes/LaCie/postdoc_PhLAM/NO_HOPG/data/aimd_nspin_irene_0625_100traj/continue.vaspdata.Ei.0.1.Ts.100.NO.rand.zpe/vasprun-63.xml,485,0,6859412
/Volumes/LaCie/postdoc_PhLAM/NO_HOPG/data/aimd_nspin_irene_0625_100traj/continue.vaspdata.Ei.0.1.Ts.100.NO.rand.zpe/vasprun-63.xml,486,0,6859510
/Volumes/LaCie/postdoc_PhLAM/NO_HOPG/data/aimd_nspin_irene_0625_100traj/continue.vaspdata.Ei.0.1.Ts.100.NO.rand.zpe/vasprun-63.xml,487,0,6859608
/Volumes/LaCie/postdoc_PhLAM/NO_HOPG/data/aimd_nspin_irene_0625_100traj/continue.vaspdata.Ei.0.1.Ts.100.NO.rand.zpe/vasprun-63.xml,488,0,6859706
/Volumes/LaCie/postdoc_PhLAM/NO_HOPG/data/aimd_nspin_irene_0625_100traj/continue.vaspdata.Ei.0.1.Ts.100.NO.rand.zpe/vasprun-63.xml,489,0,6859804
/Volumes/LaCie/postdoc_PhLAM/NO_HOPG/data/aimd_nspin_irene_0625_100traj/continue.vaspdata.Ei.0.1.Ts.100.NO.rand.zpe/vasprun-63.xml,490,0,6859902
/Volumes/LaCie/postdoc_PhLAM/NO_HOPG/data/aimd_nspin_irene_0625_100traj/continue.vaspdata.Ei.0.1.Ts.100.NO.rand.zpe/vasprun-63.xml,491,0,6860000
/Volumes/LaCie/postdoc_PhLAM/NO_HOPG/data/aimd_nspin_irene_0625_100traj/continue.vaspdata.Ei.0.1.Ts.100.NO.rand.zpe/vasprun-63.xml,492,0,6860098
/Volumes/LaCie/postdoc_PhLAM/NO_HOPG/data/aimd_nspin_irene_0625_100traj/continue.vaspdata.Ei.0.1.Ts.100.NO.rand.zpe/vasprun-63.xml,493,0,6860196
/Volumes/LaCie/postdoc_PhLAM/NO_HOPG/data/aimd_nspin_irene_0625_100traj/continue.vaspdata.Ei.0.1.Ts.100.NO.rand.zpe/vasprun-63.xml,494,0,6860294
/Volumes/LaCie/postdoc_PhLAM/NO_HOPG/data/aimd_nspin_irene_0625_100traj/continue.vaspdata.Ei.0.1.Ts.100.NO.rand.zpe/vasprun-63.xml,495,0,6860392
/Volumes/LaCie/postdoc_PhLAM/NO_HOPG/data/aimd_nspin_irene_0625_100traj/continue.vaspdata.Ei.0.1.Ts.100.NO.rand.zpe/vasprun-63.xml,496,0,6860490
/Volumes/LaCie/postdoc_PhLAM/NO_HOPG/data/aimd_nspin_irene_0625_100traj/continue.vaspdata.Ei.0.1.Ts.100.NO.rand.zpe/vasprun-63.xml,497,0,6860588
/Volumes/LaCie/postdoc_PhLAM/NO_HOPG/data/aimd_nspin_irene_0625_100traj/continue.vaspdata.Ei.0.1.Ts.100.NO.rand.zpe/vasprun-63.xml,546,0,6865390
/Volumes/LaCie/postdoc_PhLAM/NO_HOPG/data/aimd_nspin_irene_0625_100traj/continue.vaspdata.Ei.0.1.Ts.100.NO.rand.zpe/vasprun-63.xml,547,0,6865488
/Volumes/LaCie/postdoc_PhLAM/NO_HOPG/data/aimd_nspin_irene_0625_100traj/continue.vaspdata.Ei.0.1.Ts.100.NO.rand.zpe/vasprun-63.xml,548,0,6865586
/Volumes/LaCie/postdoc_PhLAM/NO_HOPG/data/aimd_nspin_irene_0625_100traj/continue.vaspdata.Ei.0.1.Ts.100.NO.rand.zpe/vasprun-63.xml,549,0,6865684
/Volumes/LaCie/postdoc_PhLAM/NO_HOPG/data/aimd_nspin_irene_0625_100traj/continue.vaspdata.Ei.0.1.Ts.100.NO.rand.zpe/vasprun-63.xml,550,0,6865782
/Volumes/LaCie/postdoc_PhLAM/NO_HOPG/data/aimd_nspin_irene_0625_100traj/continue.vaspdata.Ei.0.1.Ts.100.NO.rand.zpe/vasprun-63.xml,551,0,6865880
/Volumes/LaCie/postdoc_PhLAM/NO_HOPG/data/aimd_nspin_irene_0625_100traj/continue.vaspdata.Ei.0.1.Ts.100.NO.rand.zpe/vasprun-63.xml,552,0,6865978
/Volumes/LaCie/postdoc_PhLAM/NO_HOPG/data/aimd_nspin_irene_0625_100traj/continue.vaspdata.Ei.0.1.Ts.100.NO.rand.zpe/vasprun-63.xml,553,0,6866076
/Volumes/LaCie/postdoc_PhLAM/NO_HOPG/data/aimd_nspin_irene_0625_100traj/continue.vaspdata.Ei.0.1.Ts.100.NO.rand.zpe/vasprun-63.xml,554,0,6866174
/Volumes/LaCie/postdoc_PhLAM/NO_HOPG/data/aimd_nspin_irene_0625_100traj/continue.vaspdata.Ei.0.1.Ts.100.NO.rand.zpe/vasprun-63.xml,555,0,6866272
/Volumes/LaCie/postdoc_PhLAM/NO_HOPG/data/aimd_nspin_irene_0625_100traj/continue.vaspdata.Ei.0.1.Ts.100.NO.rand.zpe/vasprun-63.xml,556,0,6866370
/Volumes/LaCie/postdoc_PhLAM/NO_HOPG/data/aimd_nspin_irene_0625_100traj/continue.vaspdata.Ei.0.1.Ts.100.NO.rand.zpe/vasprun-63.xml,557,0,6866468
/Volumes/LaCie/postdoc_PhLAM/NO_HOPG/data/aimd_nspin_irene_0625_100traj/continue.vaspdata.Ei.0.1.Ts.100.NO.rand.zpe/vasprun-63.xml,558,0,6866566
/Volumes/LaCie/postdoc_PhLAM/NO_HOPG/data/aimd_nspin_irene_0625_100traj/continue.vaspdata.Ei.0.1.Ts.100.NO.rand.zpe/vasprun-63.xml,559,0,6866664
/Volumes/LaCie/postdoc_PhLAM/NO_HOPG/data/aimd_nspin_irene_0625_100traj/continue.vaspdata.Ei.0.1.Ts.100.NO.rand.zpe/vasprun-63.xml,560,0,6866762
/Volumes/LaCie/postdoc_PhLAM/NO_HOPG/data/aimd_nspin_irene_0625_100traj/continue.vaspdata.Ei.0.1.Ts.100.NO.rand.zpe/vasprun-63.xml,561,0,6866860
/Volumes/LaCie/postdoc_PhLAM/NO_HOPG/data/aimd_nspin_irene_0625_100traj/continue.vaspdata.Ei.0.1.Ts.100.NO.rand.zpe/vasprun-63.xml,562,0,6866958
/Volumes/LaCie/postdoc_PhLAM/NO_HOPG/data/aimd_nspin_irene_0625_100traj/continue.vaspdata.Ei.0.1.Ts.100.NO.rand.zpe/vasprun-63.xml,563,0,6867056
/Volumes/LaCie/postdoc_PhLAM/NO_HOPG/data/aimd_nspin_irene_0625_100traj/continue.vaspdata.Ei.0.1.Ts.100.NO.rand.zpe/vasprun-63.xml,564,0,6867154
/Volumes/LaCie/postdoc_PhLAM/NO_HOPG/data/aimd_nspin_irene_0625_100traj/continue.vaspdata.Ei.0.1.Ts.100.NO.rand.zpe/vasprun-63.xml,565,0,6867252
/Volumes/LaCie/postdoc_PhLAM/NO_HOPG/data/aimd_nspin_irene_0625_100traj/continue.vaspdata.Ei.0.1.Ts.100.NO.rand.zpe/vasprun-63.xml,566,0,6867350
/Volumes/LaCie/postdoc_PhLAM/NO_HOPG/data/aimd_nspin_irene_0625_100traj/continue.vaspdata.Ei.0.1.Ts.100.NO.rand.zpe/vasprun-63.xml,567,0,6867448
/Volumes/LaCie/postdoc_PhLAM/NO_HOPG/data/aimd_nspin_irene_0625_100traj/continue.vaspdata.Ei.0.1.Ts.100.NO.rand.zpe/vasprun-63.xml,568,0,6867546
/Volumes/LaCie/postdoc_PhLAM/NO_HOPG/data/aimd_nspin_irene_0625_100traj/continue.vaspdata.Ei.0.1.Ts.100.NO.rand.zpe/vasprun-63.xml,569,0,6867644
/Volumes/LaCie/postdoc_PhLAM/NO_HOPG/data/aimd_nspin_irene_0625_100traj/continue.vaspdata.Ei.0.1.Ts.100.NO.rand.zpe/vasprun-63.xml,570,0,6867742
/Volumes/LaCie/postdoc_PhLAM/NO_HOPG/data/aimd_nspin_irene_0625_100traj/continue.vaspdata.Ei.0.1.Ts.100.NO.rand.zpe/vasprun-63.xml,571,0,6867840
/Volumes/LaCie/postdoc_PhLAM/NO_HOPG/data/aimd_nspin_irene_0625_100traj/continue.vaspdata.Ei.0.1.Ts.100.NO.rand.zpe/vasprun-63.xml,572,0,6867938
/Volumes/LaCie/postdoc_PhLAM/NO_HOPG/data/aimd_nspin_irene_0625_100traj/continue.vaspdata.Ei.0.1.Ts.100.NO.rand.zpe/vasprun-63.xml,573,0,6868036
/Volumes/LaCie/postdoc_PhLAM/NO_HOPG/data/aimd_nspin_irene_0625_100traj/continue.vaspdata.Ei.0.1.Ts.100.NO.rand.zpe/vasprun-63.xml,574,0,6868134
/Volumes/LaCie/postdoc_PhLAM/NO_HOPG/data/aimd_nspin_irene_0625_100traj/continue.vaspdata.Ei.0.1.Ts.100.NO.rand.zpe/vasprun-63.xml,575,0,6868232
/Volumes/LaCie/postdoc_PhLAM/NO_HOPG/data/aimd_nspin_irene_0625_100traj/continue.vaspdata.Ei.0.1.Ts.100.NO.rand.zpe/vasprun-63.xml,576,0,6868330
/Volumes/LaCie/postdoc_PhLAM/NO_HOPG/data/aimd_nspin_irene_0625_100traj/continue.vaspdata.Ei.0.1.Ts.100.NO.rand.zpe/vasprun-63.xml,577,0,6868428
/Volumes/LaCie/postdoc_PhLAM/NO_HOPG/data/aimd_nspin_irene_0625_100traj/continue.vaspdata.Ei.0.1.Ts.100.NO.rand.zpe/vasprun-63.xml,578,0,6868526
/Volumes/LaCie/postdoc_PhLAM/NO_HOPG/data/aimd_nspin_irene_0625_100traj/continue.vaspdata.Ei.0.1.Ts.100.NO.rand.zpe/vasprun-63.xml,579,0,6868624
/Volumes/LaCie/postdoc_PhLAM/NO_HOPG/data/aimd_nspin_irene_0625_100traj/continue.vaspdata.Ei.0.1.Ts.100.NO.rand.zpe/vasprun-63.xml,580,0,6868722
/Volumes/LaCie/postdoc_PhLAM/NO_HOPG/data/aimd_nspin_irene_0625_100traj/continue.vaspdata.Ei.0.1.Ts.100.NO.rand.zpe/vasprun-63.xml,581,0,6868820
/Volumes/LaCie/postdoc_PhLAM/NO_HOPG/data/aimd_nspin_irene_0625_100traj/continue.vaspdata.Ei.0.1.Ts.100.NO.rand.zpe/vasprun-63.xml,582,0,6868918
/Volumes/LaCie/postdoc_PhLAM/NO_HOPG/data/aimd_nspin_irene_0625_100traj/continue.vaspdata.Ei.0.1.Ts.100.NO.rand.zpe/vasprun-63.xml,583,0,6869016
/Volumes/LaCie/postdoc_PhLAM/NO_HOPG/data/aimd_nspin_irene_0625_100traj/continue.vaspdata.Ei.0.1.Ts.100.NO.rand.zpe/vasprun-63.xml,584,0,6869114
/Volumes/LaCie/postdoc_PhLAM/NO_HOPG/data/aimd_nspin_irene_0625_100traj/continue.vaspdata.Ei.0.1.Ts.100.NO.rand.zpe/vasprun-63.xml,585,0,6869212
/Volumes/LaCie/postdoc_PhLAM/NO_HOPG/data/aimd_nspin_irene_0625_100traj/continue.vaspdata.Ei.0.1.Ts.100.NO.rand.zpe/vasprun-63.xml,586,0,6869310
/Volumes/LaCie/postdoc_PhLAM/NO_HOPG/data/aimd_nspin_irene_0625_100traj/continue.vaspdata.Ei.0.1.Ts.100.NO.rand.zpe/vasprun-63.xml,587,0,6869408
/Volumes/LaCie/postdoc_PhLAM/NO_HOPG/data/aimd_nspin_irene_0625_100traj/continue.vaspdata.Ei.0.1.Ts.100.NO.rand.zpe/vasprun-63.xml,588,0,6869506
/Volumes/LaCie/postdoc_PhLAM/NO_HOPG/data/aimd_nspin_irene_0625_100traj/continue.vaspdata.Ei.0.1.Ts.100.NO.rand.zpe/vasprun-63.xml,589,0,6869604
/Volumes/LaCie/postdoc_PhLAM/NO_HOPG/data/aimd_nspin_irene_0625_100traj/continue.vaspdata.Ei.0.1.Ts.100.NO.rand.zpe/vasprun-63.xml,590,0,6869702
/Volumes/LaCie/postdoc_PhLAM/NO_HOPG/data/aimd_nspin_irene_0625_100traj/continue.vaspdata.Ei.0.1.Ts.100.NO.rand.zpe/vasprun-63.xml,591,0,6869800
/Volumes/LaCie/postdoc_PhLAM/NO_HOPG/data/aimd_nspin_irene_0625_100traj/continue.vaspdata.Ei.0.1.Ts.100.NO.rand.zpe/vasprun-64.xml,744,0,7032774
/Volumes/LaCie/postdoc_PhLAM/NO_HOPG/data/aimd_nspin_irene_0625_100traj/continue.vaspdata.Ei.0.1.Ts.100.NO.rand.zpe/vasprun-64.xml,745,0,7032872
/Volumes/LaCie/postdoc_PhLAM/NO_HOPG/data/aimd_nspin_irene_0625_100traj/continue.vaspdata.Ei.0.1.Ts.100.NO.rand.zpe/vasprun-64.xml,746,0,7032970
/Volumes/LaCie/postdoc_PhLAM/NO_HOPG/data/aimd_nspin_irene_0625_100traj/continue.vaspdata.Ei.0.1.Ts.100.NO.rand.zpe/vasprun-64.xml,747,0,7033068
/Volumes/LaCie/postdoc_PhLAM/NO_HOPG/data/aimd_nspin_irene_0625_100traj/continue.vaspdata.Ei.0.1.Ts.100.NO.rand.zpe/vasprun-64.xml,748,0,7033166
/Volumes/LaCie/postdoc_PhLAM/NO_HOPG/data/aimd_nspin_irene_0625_100traj/continue.vaspdata.Ei.0.1.Ts.100.NO.rand.zpe/vasprun-64.xml,749,0,7033264
/Volumes/LaCie/postdoc_PhLAM/NO_HOPG/data/aimd_nspin_irene_0625_100traj/continue.vaspdata.Ei.0.1.Ts.100.NO.rand.zpe/vasprun-64.xml,750,0,7033362
/Volumes/LaCie/postdoc_PhLAM/NO_HOPG/data/aimd_nspin_irene_0625_100traj/continue.vaspdata.Ei.0.1.Ts.100.NO.rand.zpe/vasprun-64.xml,751,0,7033460
/Volumes/LaCie/postdoc_PhLAM/NO_HOPG/data/aimd_nspin_irene_0625_100traj/continue.vaspdata.Ei.0.1.Ts.100.NO.rand.zpe/vasprun-64.xml,752,0,7033558
/Volumes/LaCie/postdoc_PhLAM/NO_HOPG/data/aimd_nspin_irene_0625_100traj/continue.vaspdata.Ei.0.1.Ts.100.NO.rand.zpe/vasprun-64.xml,753,0,7033656
/Volumes/LaCie/postdoc_PhLAM/NO_HOPG/data/aimd_nspin_irene_0625_100traj/continue.vaspdata.Ei.0.1.Ts.100.NO.rand.zpe/vasprun-64.xml,754,0,7033754
/Volumes/LaCie/postdoc_PhLAM/NO_HOPG/data/aimd_nspin_irene_0625_100traj/continue.vaspdata.Ei.0.1.Ts.100.NO.rand.zpe/vasprun-64.xml,755,0,7033852
/Volumes/LaCie/postdoc_PhLAM/NO_HOPG/data/aimd_nspin_irene_0625_100traj/continue.vaspdata.Ei.0.1.Ts.100.NO.rand.zpe/vasprun-64.xml,756,0,7033950
/Volumes/LaCie/postdoc_PhLAM/NO_HOPG/data/aimd_nspin_irene_0625_100traj/continue.vaspdata.Ei.0.1.Ts.100.NO.rand.zpe/vasprun-64.xml,757,0,7034048
/Volumes/LaCie/postdoc_PhLAM/NO_HOPG/data/aimd_nspin_irene_0625_100traj/continue.vaspdata.Ei.0.1.Ts.100.NO.rand.zpe/vasprun-64.xml,758,0,7034146
/Volumes/LaCie/postdoc_PhLAM/NO_HOPG/data/aimd_nspin_irene_0625_100traj/continue.vaspdata.Ei.0.1.Ts.100.NO.rand.zpe/vasprun-64.xml,759,0,7034244
/Volumes/LaCie/postdoc_PhLAM/NO_HOPG/data/aimd_nspin_irene_0625_100traj/continue.vaspdata.Ei.0.1.Ts.100.NO.rand.zpe/vasprun-64.xml,760,0,7034342
/Volumes/LaCie/postdoc_PhLAM/NO_HOPG/data/aimd_nspin_irene_0625_100traj/continue.vaspdata.Ei.0.1.Ts.100.NO.rand.zpe/vasprun-64.xml,785,0,7036792
/Volumes/LaCie/postdoc_PhLAM/NO_HOPG/data/aimd_nspin_irene_0625_100traj/continue.vaspdata.Ei.0.1.Ts.100.NO.rand.zpe/vasprun-64.xml,786,0,7036890
/Volumes/LaCie/postdoc_PhLAM/NO_HOPG/data/aimd_nspin_irene_0625_100traj/continue.vaspdata.Ei.0.1.Ts.100.NO.rand.zpe/vasprun-64.xml,787,0,7036988
/Volumes/LaCie/postdoc_PhLAM/NO_HOPG/data/aimd_nspin_irene_0625_100traj/continue.vaspdata.Ei.0.1.Ts.100.NO.rand.zpe/vasprun-64.xml,788,0,7037086
/Volumes/LaCie/postdoc_PhLAM/NO_HOPG/data/aimd_nspin_irene_0625_100traj/continue.vaspdata.Ei.0.1.Ts.100.NO.rand.zpe/vasprun-64.xml,789,0,7037184
/Volumes/LaCie/postdoc_PhLAM/NO_HOPG/data/aimd_nspin_irene_0625_100traj/continue.vaspdata.Ei.0.1.Ts.100.NO.rand.zpe/vasprun-64.xml,790,0,7037282
/Volumes/LaCie/postdoc_PhLAM/NO_HOPG/data/aimd_nspin_irene_0625_100traj/continue.vaspdata.Ei.0.1.Ts.100.NO.rand.zpe/vasprun-64.xml,791,0,7037380
/Volumes/LaCie/postdoc_PhLAM/NO_HOPG/data/aimd_nspin_irene_0625_100traj/continue.vaspdata.Ei.0.1.Ts.100.NO.rand.zpe/vasprun-64.xml,792,0,7037478
/Volumes/LaCie/postdoc_PhLAM/NO_HOPG/data/aimd_nspin_irene_0625_100traj/continue.vaspdata.Ei.0.1.Ts.100.NO.rand.zpe/vasprun-64.xml,793,0,7037576
/Volumes/LaCie/postdoc_PhLAM/NO_HOPG/data/aimd_nspin_irene_0625_100traj/continue.vaspdata.Ei.0.1.Ts.100.NO.rand.zpe/vasprun-64.xml,794,0,7037674
/Volumes/LaCie/postdoc_PhLAM/NO_HOPG/data/aimd_nspin_irene_0625_100traj/continue.vaspdata.Ei.0.1.Ts.100.NO.rand.zpe/vasprun-64.xml,795,0,7037772
/Volumes/LaCie/postdoc_PhLAM/NO_HOPG/data/aimd_nspin_irene_0625_100traj/continue.vaspdata.Ei.0.1.Ts.100.NO.rand.zpe/vasprun-64.xml,796,0,7037870
/Volumes/LaCie/postdoc_PhLAM/NO_HOPG/data/aimd_nspin_irene_0625_100traj/continue.vaspdata.Ei.0.1.Ts.100.NO.rand.zpe/vasprun-64.xml,797,0,7037968
/Volumes/LaCie/postdoc_PhLAM/NO_HOPG/data/aimd_nspin_irene_0625_100traj/continue.vaspdata.Ei.0.1.Ts.100.NO.rand.zpe/vasprun-64.xml,798,0,7038066
/Volumes/LaCie/postdoc_PhLAM/NO_HOPG/data/aimd_nspin_irene_0625_100traj/continue.vaspdata.Ei.0.1.Ts.100.NO.rand.zpe/vasprun-64.xml,799,0,7038164
/Volumes/LaCie/postdoc_PhLAM/NO_HOPG/data/aimd_nspin_irene_0625_100traj/continue.vaspdata.Ei.0.1.Ts.100.NO.rand.zpe/vasprun-64.xml,800,0,7038262
/Volumes/LaCie/postdoc_PhLAM/NO_HOPG/data/aimd_nspin_irene_0625_100traj/continue.vaspdata.Ei.0.1.Ts.100.NO.rand.zpe/vasprun-64.xml,801,0,7038360
/Volumes/LaCie/postdoc_PhLAM/NO_HOPG/data/aimd_nspin_irene_0625_100traj/continue.vaspdata.Ei.0.1.Ts.100.NO.rand.zpe/vasprun-64.xml,802,0,7038458
/Volumes/LaCie/postdoc_PhLAM/NO_HOPG/data/aimd_nspin_irene_0625_100traj/continue.vaspdata.Ei.0.1.Ts.100.NO.rand.zpe/vasprun-64.xml,803,0,7038556
/Volumes/LaCie/postdoc_PhLAM/NO_HOPG/data/aimd_nspin_irene_0625_100traj/continue.vaspdata.Ei.0.1.Ts.100.NO.rand.zpe/vasprun-64.xml,804,0,7038654
/Volumes/LaCie/postdoc_PhLAM/NO_HOPG/data/aimd_nspin_irene_0625_100traj/continue.vaspdata.Ei.0.1.Ts.100.NO.rand.zpe/vasprun-64.xml,805,0,7038752
/Volumes/LaCie/postdoc_PhLAM/NO_HOPG/data/aimd_nspin_irene_0625_100traj/continue.vaspdata.Ei.0.1.Ts.100.NO.rand.zpe/vasprun-64.xml,806,0,7038850
/Volumes/LaCie/postdoc_PhLAM/NO_HOPG/data/aimd_nspin_irene_0625_100traj/continue.vaspdata.Ei.0.1.Ts.100.NO.rand.zpe/vasprun-64.xml,807,0,7038948
/Volumes/LaCie/postdoc_PhLAM/NO_HOPG/data/aimd_nspin_irene_0625_100traj/continue.vaspdata.Ei.0.1.Ts.100.NO.rand.zpe/vasprun-64.xml,808,0,7039046
/Volumes/LaCie/postdoc_PhLAM/NO_HOPG/data/aimd_nspin_irene_0625_100traj/continue.vaspdata.Ei.0.1.Ts.100.NO.rand.zpe/vasprun-66.xml,496,0,7184870
/Volumes/LaCie/postdoc_PhLAM/NO_HOPG/data/aimd_nspin_irene_0625_100traj/continue.vaspdata.Ei.0.1.Ts.100.NO.rand.zpe/vasprun-66.xml,497,0,7184968
/Volumes/LaCie/postdoc_PhLAM/NO_HOPG/data/aimd_nspin_irene_0625_100traj/continue.vaspdata.Ei.0.1.Ts.100.NO.rand.zpe/vasprun-66.xml,498,0,7185066
/Volumes/LaCie/postdoc_PhLAM/NO_HOPG/data/aimd_nspin_irene_0625_100traj/continue.vaspdata.Ei.0.1.Ts.100.NO.rand.zpe/vasprun-66.xml,499,0,7185164
/Volumes/LaCie/postdoc_PhLAM/NO_HOPG/data/aimd_nspin_irene_0625_100traj/continue.vaspdata.Ei.0.1.Ts.100.NO.rand.zpe/vasprun-66.xml,500,0,7185262
/Volumes/LaCie/postdoc_PhLAM/NO_HOPG/data/aimd_nspin_irene_0625_100traj/continue.vaspdata.Ei.0.1.Ts.100.NO.rand.zpe/vasprun-66.xml,501,0,7185360
/Volumes/LaCie/postdoc_PhLAM/NO_HOPG/data/aimd_nspin_irene_0625_100traj/continue.vaspdata.Ei.0.1.Ts.100.NO.rand.zpe/vasprun-66.xml,502,0,7185458
/Volumes/LaCie/postdoc_PhLAM/NO_HOPG/data/aimd_nspin_irene_0625_100traj/continue.vaspdata.Ei.0.1.Ts.100.NO.rand.zpe/vasprun-66.xml,503,0,7185556
/Volumes/LaCie/postdoc_PhLAM/NO_HOPG/data/aimd_nspin_irene_0625_100traj/continue.vaspdata.Ei.0.1.Ts.100.NO.rand.zpe/vasprun-66.xml,504,0,7185654
/Volumes/LaCie/postdoc_PhLAM/NO_HOPG/data/aimd_nspin_irene_0625_100traj/continue.vaspdata.Ei.0.1.Ts.100.NO.rand.zpe/vasprun-66.xml,505,0,7185752
/Volumes/LaCie/postdoc_PhLAM/NO_HOPG/data/aimd_nspin_irene_0625_100traj/continue.vaspdata.Ei.0.1.Ts.100.NO.rand.zpe/vasprun-67.xml,434,0,7333144
/Volumes/LaCie/postdoc_PhLAM/NO_HOPG/data/aimd_nspin_irene_0625_100traj/continue.vaspdata.Ei.0.1.Ts.100.NO.rand.zpe/vasprun-67.xml,435,0,7333242
/Volumes/LaCie/postdoc_PhLAM/NO_HOPG/data/aimd_nspin_irene_0625_100traj/continue.vaspdata.Ei.0.1.Ts.100.NO.rand.zpe/vasprun-67.xml,436,0,7333340
/Volumes/LaCie/postdoc_PhLAM/NO_HOPG/data/aimd_nspin_irene_0625_100traj/continue.vaspdata.Ei.0.1.Ts.100.NO.rand.zpe/vasprun-67.xml,437,0,7333438
/Volumes/LaCie/postdoc_PhLAM/NO_HOPG/data/aimd_nspin_irene_0625_100traj/continue.vaspdata.Ei.0.1.Ts.100.NO.rand.zpe/vasprun-67.xml,438,0,7333536
/Volumes/LaCie/postdoc_PhLAM/NO_HOPG/data/aimd_nspin_irene_0625_100traj/continue.vaspdata.Ei.0.1.Ts.100.NO.rand.zpe/vasprun-67.xml,439,0,7333634
/Volumes/LaCie/postdoc_PhLAM/NO_HOPG/data/aimd_nspin_irene_0625_100traj/continue.vaspdata.Ei.0.1.Ts.100.NO.rand.zpe/vasprun-67.xml,440,0,7333732
/Volumes/LaCie/postdoc_PhLAM/NO_HOPG/data/aimd_nspin_irene_0625_100traj/continue.vaspdata.Ei.0.1.Ts.100.NO.rand.zpe/vasprun-67.xml,441,0,7333830
/Volumes/LaCie/postdoc_PhLAM/NO_HOPG/data/aimd_nspin_irene_0625_100traj/continue.vaspdata.Ei.0.1.Ts.100.NO.rand.zpe/vasprun-67.xml,442,0,7333928
/Volumes/LaCie/postdoc_PhLAM/NO_HOPG/data/aimd_nspin_irene_0625_100traj/continue.vaspdata.Ei.0.1.Ts.100.NO.rand.zpe/vasprun-67.xml,443,0,7334026
/Volumes/LaCie/postdoc_PhLAM/NO_HOPG/data/aimd_nspin_irene_0625_100traj/continue.vaspdata.Ei.0.1.Ts.100.NO.rand.zpe/vasprun-67.xml,444,0,7334124
/Volumes/LaCie/postdoc_PhLAM/NO_HOPG/data/aimd_nspin_irene_0625_100traj/continue.vaspdata.Ei.0.1.Ts.100.NO.rand.zpe/vasprun-67.xml,445,0,7334222
/Volumes/LaCie/postdoc_PhLAM/NO_HOPG/data/aimd_nspin_irene_0625_100traj/continue.vaspdata.Ei.0.1.Ts.100.NO.rand.zpe/vasprun-67.xml,446,0,7334320
/Volumes/LaCie/postdoc_PhLAM/NO_HOPG/data/aimd_nspin_irene_0625_100traj/continue.vaspdata.Ei.0.1.Ts.100.NO.rand.zpe/vasprun-67.xml,447,0,7334418
/Volumes/LaCie/postdoc_PhLAM/NO_HOPG/data/aimd_nspin_irene_0625_100traj/continue.vaspdata.Ei.0.1.Ts.100.NO.rand.zpe/vasprun-67.xml,448,0,7334516
/Volumes/LaCie/postdoc_PhLAM/NO_HOPG/data/aimd_nspin_irene_0625_100traj/continue.vaspdata.Ei.0.1.Ts.100.NO.rand.zpe/vasprun-67.xml,449,0,7334614
/Volumes/LaCie/postdoc_PhLAM/NO_HOPG/data/aimd_nspin_irene_0625_100traj/continue.vaspdata.Ei.0.1.Ts.100.NO.rand.zpe/vasprun-67.xml,450,0,7334712
/Volumes/LaCie/postdoc_PhLAM/NO_HOPG/data/aimd_nspin_irene_0625_100traj/continue.vaspdata.Ei.0.1.Ts.100.NO.rand.zpe/vasprun-67.xml,451,0,7334810
/Volumes/LaCie/postdoc_PhLAM/NO_HOPG/data/aimd_nspin_irene_0625_100traj/continue.vaspdata.Ei.0.1.Ts.100.NO.rand.zpe/vasprun-67.xml,452,0,7334908
/Volumes/LaCie/postdoc_PhLAM/NO_HOPG/data/aimd_nspin_irene_0625_100traj/continue.vaspdata.Ei.0.1.Ts.100.NO.rand.zpe/vasprun-67.xml,453,0,7335006
/Volumes/LaCie/postdoc_PhLAM/NO_HOPG/data/aimd_nspin_irene_0625_100traj/continue.vaspdata.Ei.0.1.Ts.100.NO.rand.zpe/vasprun-67.xml,454,0,7335104
/Volumes/LaCie/postdoc_PhLAM/NO_HOPG/data/aimd_nspin_irene_0625_100traj/continue.vaspdata.Ei.0.1.Ts.100.NO.rand.zpe/vasprun-67.xml,455,0,7335202
/Volumes/LaCie/postdoc_PhLAM/NO_HOPG/data/aimd_nspin_irene_0625_100traj/continue.vaspdata.Ei.0.1.Ts.100.NO.rand.zpe/vasprun-67.xml,456,0,7335300
/Volumes/LaCie/postdoc_PhLAM/NO_HOPG/data/aimd_nspin_irene_0625_100traj/continue.vaspdata.Ei.0.1.Ts.100.NO.rand.zpe/vasprun-67.xml,457,0,7335398
/Volumes/LaCie/postdoc_PhLAM/NO_HOPG/data/aimd_nspin_irene_0625_100traj/continue.vaspdata.Ei.0.1.Ts.100.NO.rand.zpe/vasprun-67.xml,458,0,7335496
/Volumes/LaCie/postdoc_PhLAM/NO_HOPG/data/aimd_nspin_irene_0625_100traj/continue.vaspdata.Ei.0.1.Ts.100.NO.rand.zpe/vasprun-67.xml,459,0,7335594
/Volumes/LaCie/postdoc_PhLAM/NO_HOPG/data/aimd_nspin_irene_0625_100traj/continue.vaspdata.Ei.0.1.Ts.100.NO.rand.zpe/vasprun-67.xml,460,0,7335692
/Volumes/LaCie/postdoc_PhLAM/NO_HOPG/data/aimd_nspin_irene_0625_100traj/continue.vaspdata.Ei.0.1.Ts.100.NO.rand.zpe/vasprun-67.xml,461,0,7335790
/Volumes/LaCie/postdoc_PhLAM/NO_HOPG/data/aimd_nspin_irene_0625_100traj/continue.vaspdata.Ei.0.1.Ts.100.NO.rand.zpe/vasprun-67.xml,462,0,7335888
/Volumes/LaCie/postdoc_PhLAM/NO_HOPG/data/aimd_nspin_irene_0625_100traj/continue.vaspdata.Ei.0.1.Ts.100.NO.rand.zpe/vasprun-67.xml,463,0,7335986
/Volumes/LaCie/postdoc_PhLAM/NO_HOPG/data/aimd_nspin_irene_0625_100traj/continue.vaspdata.Ei.0.1.Ts.100.NO.rand.zpe/vasprun-67.xml,464,0,7336084
/Volumes/LaCie/postdoc_PhLAM/NO_HOPG/data/aimd_nspin_irene_0625_100traj/continue.vaspdata.Ei.0.1.Ts.100.NO.rand.zpe/vasprun-67.xml,465,0,7336182
/Volumes/LaCie/postdoc_PhLAM/NO_HOPG/data/aimd_nspin_irene_0625_100traj/continue.vaspdata.Ei.0.1.Ts.100.NO.rand.zpe/vasprun-67.xml,466,0,7336280
/Volumes/LaCie/postdoc_PhLAM/NO_HOPG/data/aimd_nspin_irene_0625_100traj/continue.vaspdata.Ei.0.1.Ts.100.NO.rand.zpe/vasprun-67.xml,467,0,7336378
/Volumes/LaCie/postdoc_PhLAM/NO_HOPG/data/aimd_nspin_irene_0625_100traj/continue.vaspdata.Ei.0.1.Ts.100.NO.rand.zpe/vasprun-67.xml,468,0,7336476
/Volumes/LaCie/postdoc_PhLAM/NO_HOPG/data/aimd_nspin_irene_0625_100traj/continue.vaspdata.Ei.0.1.Ts.100.NO.rand.zpe/vasprun-67.xml,469,0,7336574
/Volumes/LaCie/postdoc_PhLAM/NO_HOPG/data/aimd_nspin_irene_0625_100traj/continue.vaspdata.Ei.0.1.Ts.100.NO.rand.zpe/vasprun-67.xml,470,0,7336672
/Volumes/LaCie/postdoc_PhLAM/NO_HOPG/data/aimd_nspin_irene_0625_100traj/continue.vaspdata.Ei.0.1.Ts.100.NO.rand.zpe/vasprun-67.xml,471,0,7336770
/Volumes/LaCie/postdoc_PhLAM/NO_HOPG/data/aimd_nspin_irene_0625_100traj/continue.vaspdata.Ei.0.1.Ts.100.NO.rand.zpe/vasprun-67.xml,472,0,7336868
/Volumes/LaCie/postdoc_PhLAM/NO_HOPG/data/aimd_nspin_irene_0625_100traj/continue.vaspdata.Ei.0.1.Ts.100.NO.rand.zpe/vasprun-67.xml,473,0,7336966
/Volumes/LaCie/postdoc_PhLAM/NO_HOPG/data/aimd_nspin_irene_0625_100traj/continue.vaspdata.Ei.0.1.Ts.100.NO.rand.zpe/vasprun-67.xml,474,0,7337064
/Volumes/LaCie/postdoc_PhLAM/NO_HOPG/data/aimd_nspin_irene_0625_100traj/continue.vaspdata.Ei.0.1.Ts.100.NO.rand.zpe/vasprun-67.xml,475,0,7337162
/Volumes/LaCie/postdoc_PhLAM/NO_HOPG/data/aimd_nspin_irene_0625_100traj/continue.vaspdata.Ei.0.1.Ts.100.NO.rand.zpe/vasprun-67.xml,476,0,7337260
/Volumes/LaCie/postdoc_PhLAM/NO_HOPG/data/aimd_nspin_irene_0625_100traj/continue.vaspdata.Ei.0.1.Ts.100.NO.rand.zpe/vasprun-67.xml,477,0,7337358
/Volumes/LaCie/postdoc_PhLAM/NO_HOPG/data/aimd_nspin_irene_0625_100traj/continue.vaspdata.Ei.0.1.Ts.100.NO.rand.zpe/vasprun-67.xml,478,0,7337456
/Volumes/LaCie/postdoc_PhLAM/NO_HOPG/data/aimd_nspin_irene_0625_100traj/continue.vaspdata.Ei.0.1.Ts.100.NO.rand.zpe/vasprun-67.xml,479,0,7337554
/Volumes/LaCie/postdoc_PhLAM/NO_HOPG/data/aimd_nspin_irene_0625_100traj/continue.vaspdata.Ei.0.1.Ts.100.NO.rand.zpe/vasprun-67.xml,480,0,7337652
/Volumes/LaCie/postdoc_PhLAM/NO_HOPG/data/aimd_nspin_irene_0625_100traj/continue.vaspdata.Ei.0.1.Ts.100.NO.rand.zpe/vasprun-67.xml,481,0,7337750
/Volumes/LaCie/postdoc_PhLAM/NO_HOPG/data/aimd_nspin_irene_0625_100traj/continue.vaspdata.Ei.0.1.Ts.100.NO.rand.zpe/vasprun-67.xml,482,0,7337848
/Volumes/LaCie/postdoc_PhLAM/NO_HOPG/data/aimd_nspin_irene_0625_100traj/continue.vaspdata.Ei.0.1.Ts.100.NO.rand.zpe/vasprun-67.xml,1274,0,7415464
/Volumes/LaCie/postdoc_PhLAM/NO_HOPG/data/aimd_nspin_irene_0625_100traj/continue.vaspdata.Ei.0.1.Ts.100.NO.rand.zpe/vasprun-67.xml,1275,0,7415562
/Volumes/LaCie/postdoc_PhLAM/NO_HOPG/data/aimd_nspin_irene_0625_100traj/continue.vaspdata.Ei.0.1.Ts.100.NO.rand.zpe/vasprun-67.xml,1276,0,7415660
/Volumes/LaCie/postdoc_PhLAM/NO_HOPG/data/aimd_nspin_irene_0625_100traj/continue.vaspdata.Ei.0.1.Ts.100.NO.rand.zpe/vasprun-67.xml,1277,0,7415758
/Volumes/LaCie/postdoc_PhLAM/NO_HOPG/data/aimd_nspin_irene_0625_100traj/continue.vaspdata.Ei.0.1.Ts.100.NO.rand.zpe/vasprun-67.xml,1278,0,7415856
/Volumes/LaCie/postdoc_PhLAM/NO_HOPG/data/aimd_nspin_irene_0625_100traj/continue.vaspdata.Ei.0.1.Ts.100.NO.rand.zpe/vasprun-67.xml,1279,0,7415954
/Volumes/LaCie/postdoc_PhLAM/NO_HOPG/data/aimd_nspin_irene_0625_100traj/continue.vaspdata.Ei.0.1.Ts.100.NO.rand.zpe/vasprun-67.xml,1280,0,7416052
/Volumes/LaCie/postdoc_PhLAM/NO_HOPG/data/aimd_nspin_irene_0625_100traj/continue.vaspdata.Ei.0.1.Ts.100.NO.rand.zpe/vasprun-67.xml,1281,0,7416150
/Volumes/LaCie/postdoc_PhLAM/NO_HOPG/data/aimd_nspin_irene_0625_100traj/continue.vaspdata.Ei.0.1.Ts.100.NO.rand.zpe/vasprun-67.xml,1282,0,7416248
/Volumes/LaCie/postdoc_PhLAM/NO_HOPG/data/aimd_nspin_irene_0625_100traj/continue.vaspdata.Ei.0.1.Ts.100.NO.rand.zpe/vasprun-67.xml,1283,0,7416346
/Volumes/LaCie/postdoc_PhLAM/NO_HOPG/data/aimd_nspin_irene_0625_100traj/continue.vaspdata.Ei.0.1.Ts.100.NO.rand.zpe/vasprun-67.xml,1284,0,7416444
/Volumes/LaCie/postdoc_PhLAM/NO_HOPG/data/aimd_nspin_irene_0625_100traj/continue.vaspdata.Ei.0.1.Ts.100.NO.rand.zpe/vasprun-67.xml,1285,0,7416542
/Volumes/LaCie/postdoc_PhLAM/NO_HOPG/data/aimd_nspin_irene_0625_100traj/continue.vaspdata.Ei.0.1.Ts.100.NO.rand.zpe/vasprun-67.xml,1286,0,7416640
/Volumes/LaCie/postdoc_PhLAM/NO_HOPG/data/aimd_nspin_irene_0625_100traj/continue.vaspdata.Ei.0.1.Ts.100.NO.rand.zpe/vasprun-67.xml,1287,0,7416738
/Volumes/LaCie/postdoc_PhLAM/NO_HOPG/data/aimd_nspin_irene_0625_100traj/continue.vaspdata.Ei.0.1.Ts.100.NO.rand.zpe/vasprun-67.xml,1288,0,7416836
/Volumes/LaCie/postdoc_PhLAM/NO_HOPG/data/aimd_nspin_irene_0625_100traj/continue.vaspdata.Ei.0.1.Ts.100.NO.rand.zpe/vasprun-67.xml,1289,0,7416934
/Volumes/LaCie/postdoc_PhLAM/NO_HOPG/data/aimd_nspin_irene_0625_100traj/continue.vaspdata.Ei.0.1.Ts.100.NO.rand.zpe/vasprun-67.xml,1290,0,7417032
/Volumes/LaCie/postdoc_PhLAM/NO_HOPG/data/aimd_nspin_irene_0625_100traj/continue.vaspdata.Ei.0.1.Ts.100.NO.rand.zpe/vasprun-67.xml,1291,0,7417130
/Volumes/LaCie/postdoc_PhLAM/NO_HOPG/data/aimd_nspin_irene_0625_100traj/continue.vaspdata.Ei.0.1.Ts.100.NO.rand.zpe/vasprun-67.xml,1292,0,7417228
/Volumes/LaCie/postdoc_PhLAM/NO_HOPG/data/aimd_nspin_irene_0625_100traj/continue.vaspdata.Ei.0.1.Ts.100.NO.rand.zpe/vasprun-67.xml,1293,0,7417326
/Volumes/LaCie/postdoc_PhLAM/NO_HOPG/data/aimd_nspin_irene_0625_100traj/continue.vaspdata.Ei.0.1.Ts.100.NO.rand.zpe/vasprun-67.xml,1294,0,7417424
/Volumes/LaCie/postdoc_PhLAM/NO_HOPG/data/aimd_nspin_irene_0625_100traj/continue.vaspdata.Ei.0.1.Ts.100.NO.rand.zpe/vasprun-67.xml,1295,0,7417522
/Volumes/LaCie/postdoc_PhLAM/NO_HOPG/data/aimd_nspin_irene_0625_100traj/continue.vaspdata.Ei.0.1.Ts.100.NO.rand.zpe/vasprun-67.xml,1296,0,7417620
/Volumes/LaCie/postdoc_PhLAM/NO_HOPG/data/aimd_nspin_irene_0625_100traj/continue.vaspdata.Ei.0.1.Ts.100.NO.rand.zpe/vasprun-67.xml,1297,0,7417718
/Volumes/LaCie/postdoc_PhLAM/NO_HOPG/data/aimd_nspin_irene_0625_100traj/continue.vaspdata.Ei.0.1.Ts.100.NO.rand.zpe/vasprun-67.xml,1298,0,7417816
/Volumes/LaCie/postdoc_PhLAM/NO_HOPG/data/aimd_nspin_irene_0625_100traj/continue.vaspdata.Ei.0.1.Ts.100.NO.rand.zpe/vasprun-67.xml,1299,0,7417914
/Volumes/LaCie/postdoc_PhLAM/NO_HOPG/data/aimd_nspin_irene_0625_100traj/continue.vaspdata.Ei.0.1.Ts.100.NO.rand.zpe/vasprun-67.xml,1300,0,7418012
/Volumes/LaCie/postdoc_PhLAM/NO_HOPG/data/aimd_nspin_irene_0625_100traj/continue.vaspdata.Ei.0.1.Ts.100.NO.rand.zpe/vasprun-67.xml,1301,0,7418110
/Volumes/LaCie/postdoc_PhLAM/NO_HOPG/data/aimd_nspin_irene_0625_100traj/continue.vaspdata.Ei.0.1.Ts.100.NO.rand.zpe/vasprun-67.xml,1302,0,7418208
/Volumes/LaCie/postdoc_PhLAM/NO_HOPG/data/aimd_nspin_irene_0625_100traj/continue.vaspdata.Ei.0.1.Ts.100.NO.rand.zpe/vasprun-67.xml,1303,0,7418306
/Volumes/LaCie/postdoc_PhLAM/NO_HOPG/data/aimd_nspin_irene_0625_100traj/continue.vaspdata.Ei.0.1.Ts.100.NO.rand.zpe/vasprun-67.xml,1304,0,7418404
/Volumes/LaCie/postdoc_PhLAM/NO_HOPG/data/aimd_nspin_irene_0625_100traj/continue.vaspdata.Ei.0.1.Ts.100.NO.rand.zpe/vasprun-67.xml,1305,0,7418502
/Volumes/LaCie/postdoc_PhLAM/NO_HOPG/data/aimd_nspin_irene_0625_100traj/continue.vaspdata.Ei.0.1.Ts.100.NO.rand.zpe/vasprun-67.xml,1306,0,7418600
/Volumes/LaCie/postdoc_PhLAM/NO_HOPG/data/aimd_nspin_irene_0625_100traj/continue.vaspdata.Ei.0.1.Ts.100.NO.rand.zpe/vasprun-67.xml,1307,0,7418698
/Volumes/LaCie/postdoc_PhLAM/NO_HOPG/data/aimd_nspin_irene_0625_100traj/continue.vaspdata.Ei.0.1.Ts.100.NO.rand.zpe/vasprun-67.xml,1308,0,7418796
/Volumes/LaCie/postdoc_PhLAM/NO_HOPG/data/aimd_nspin_irene_0625_100traj/continue.vaspdata.Ei.0.1.Ts.100.NO.rand.zpe/vasprun-67.xml,1309,0,7418894
/Volumes/LaCie/postdoc_PhLAM/NO_HOPG/data/aimd_nspin_irene_0625_100traj/continue.vaspdata.Ei.0.1.Ts.100.NO.rand.zpe/vasprun-67.xml,1310,0,7418992
/Volumes/LaCie/postdoc_PhLAM/NO_HOPG/data/aimd_nspin_irene_0625_100traj/continue.vaspdata.Ei.0.1.Ts.100.NO.rand.zpe/vasprun-67.xml,1311,0,7419090
/Volumes/LaCie/postdoc_PhLAM/NO_HOPG/data/aimd_nspin_irene_0625_100traj/continue.vaspdata.Ei.0.1.Ts.100.NO.rand.zpe/vasprun-67.xml,1312,0,7419188
/Volumes/LaCie/postdoc_PhLAM/NO_HOPG/data/aimd_nspin_irene_0625_100traj/continue.vaspdata.Ei.0.1.Ts.100.NO.rand.zpe/vasprun-67.xml,1313,0,7419286
/Volumes/LaCie/postdoc_PhLAM/NO_HOPG/data/aimd_nspin_irene_0625_100traj/continue.vaspdata.Ei.0.1.Ts.100.NO.rand.zpe/vasprun-67.xml,1314,0,7419384
/Volumes/LaCie/postdoc_PhLAM/NO_HOPG/data/aimd_nspin_irene_0625_100traj/continue.vaspdata.Ei.0.1.Ts.100.NO.rand.zpe/vasprun-67.xml,1315,0,7419482
/Volumes/LaCie/postdoc_PhLAM/NO_HOPG/data/aimd_nspin_irene_0625_100traj/continue.vaspdata.Ei.0.1.Ts.100.NO.rand.zpe/vasprun-67.xml,1316,0,7419580
/Volumes/LaCie/postdoc_PhLAM/NO_HOPG/data/aimd_nspin_irene_0625_100traj/continue.vaspdata.Ei.0.1.Ts.100.NO.rand.zpe/vasprun-67.xml,1317,0,7419678
/Volumes/LaCie/postdoc_PhLAM/NO_HOPG/data/aimd_nspin_irene_0625_100traj/continue.vaspdata.Ei.0.1.Ts.100.NO.rand.zpe/vasprun-67.xml,1318,0,7419776
/Volumes/LaCie/postdoc_PhLAM/NO_HOPG/data/aimd_nspin_irene_0625_100traj/continue.vaspdata.Ei.0.1.Ts.100.NO.rand.zpe/vasprun-67.xml,1319,0,7419874
/Volumes/LaCie/postdoc_PhLAM/NO_HOPG/data/aimd_nspin_irene_0625_100traj/continue.vaspdata.Ei.0.1.Ts.100.NO.rand.zpe/vasprun-67.xml,1320,0,7419972
/Volumes/LaCie/postdoc_PhLAM/NO_HOPG/data/aimd_nspin_irene_0625_100traj/continue.vaspdata.Ei.0.1.Ts.100.NO.rand.zpe/vasprun-67.xml,1321,0,7420070
/Volumes/LaCie/postdoc_PhLAM/NO_HOPG/data/aimd_nspin_irene_0625_100traj/continue.vaspdata.Ei.0.1.Ts.100.NO.rand.zpe/vasprun-67.xml,1322,0,7420168
/Volumes/LaCie/postdoc_PhLAM/NO_HOPG/data/aimd_nspin_irene_0625_100traj/continue.vaspdata.Ei.0.1.Ts.100.NO.rand.zpe/vasprun-67.xml,1328,0,7420756
/Volumes/LaCie/postdoc_PhLAM/NO_HOPG/data/aimd_nspin_irene_0625_100traj/continue.vaspdata.Ei.0.1.Ts.100.NO.rand.zpe/vasprun-67.xml,1329,0,7420854
/Volumes/LaCie/postdoc_PhLAM/NO_HOPG/data/aimd_nspin_irene_0625_100traj/continue.vaspdata.Ei.0.1.Ts.100.NO.rand.zpe/vasprun-67.xml,1330,0,7420952
/Volumes/LaCie/postdoc_PhLAM/NO_HOPG/data/aimd_nspin_irene_0625_100traj/continue.vaspdata.Ei.0.1.Ts.100.NO.rand.zpe/vasprun-67.xml,1331,0,7421050
/Volumes/LaCie/postdoc_PhLAM/NO_HOPG/data/aimd_nspin_irene_0625_100traj/continue.vaspdata.Ei.0.1.Ts.100.NO.rand.zpe/vasprun-67.xml,1332,0,7421148
/Volumes/LaCie/postdoc_PhLAM/NO_HOPG/data/aimd_nspin_irene_0625_100traj/continue.vaspdata.Ei.0.1.Ts.100.NO.rand.zpe/vasprun-67.xml,1333,0,7421246
/Volumes/LaCie/postdoc_PhLAM/NO_HOPG/data/aimd_nspin_irene_0625_100traj/continue.vaspdata.Ei.0.1.Ts.100.NO.rand.zpe/vasprun-67.xml,1334,0,7421344
/Volumes/LaCie/postdoc_PhLAM/NO_HOPG/data/aimd_nspin_irene_0625_100traj/continue.vaspdata.Ei.0.1.Ts.100.NO.rand.zpe/vasprun-68.xml,482,1,7496609
/Volumes/LaCie/postdoc_PhLAM/NO_HOPG/data/aimd_nspin_irene_0625_100traj/continue.vaspdata.Ei.0.1.Ts.100.NO.rand.zpe/vasprun-68.xml,483,1,7496707
/Volumes/LaCie/postdoc_PhLAM/NO_HOPG/data/aimd_nspin_irene_0625_100traj/continue.vaspdata.Ei.0.1.Ts.100.NO.rand.zpe/vasprun-68.xml,484,1,7496805
/Volumes/LaCie/postdoc_PhLAM/NO_HOPG/data/aimd_nspin_irene_0625_100traj/continue.vaspdata.Ei.0.1.Ts.100.NO.rand.zpe/vasprun-68.xml,485,1,7496903
/Volumes/LaCie/postdoc_PhLAM/NO_HOPG/data/aimd_nspin_irene_0625_100traj/continue.vaspdata.Ei.0.1.Ts.100.NO.rand.zpe/vasprun-68.xml,486,1,7497001
/Volumes/LaCie/postdoc_PhLAM/NO_HOPG/data/aimd_nspin_irene_0625_100traj/continue.vaspdata.Ei.0.1.Ts.100.NO.rand.zpe/vasprun-68.xml,487,1,7497099
/Volumes/LaCie/postdoc_PhLAM/NO_HOPG/data/aimd_nspin_irene_0625_100traj/continue.vaspdata.Ei.0.1.Ts.100.NO.rand.zpe/vasprun-68.xml,488,1,7497197
/Volumes/LaCie/postdoc_PhLAM/NO_HOPG/data/aimd_nspin_irene_0625_100traj/continue.vaspdata.Ei.0.1.Ts.100.NO.rand.zpe/vasprun-68.xml,1340,0,7580692
/Volumes/LaCie/postdoc_PhLAM/NO_HOPG/data/aimd_nspin_irene_0625_100traj/continue.vaspdata.Ei.0.1.Ts.100.NO.rand.zpe/vasprun-68.xml,1341,0,7580790
/Volumes/LaCie/postdoc_PhLAM/NO_HOPG/data/aimd_nspin_irene_0625_100traj/continue.vaspdata.Ei.0.1.Ts.100.NO.rand.zpe/vasprun-68.xml,1342,0,7580888
/Volumes/LaCie/postdoc_PhLAM/NO_HOPG/data/aimd_nspin_irene_0625_100traj/continue.vaspdata.Ei.0.1.Ts.100.NO.rand.zpe/vasprun-68.xml,1343,0,7580986
/Volumes/LaCie/postdoc_PhLAM/NO_HOPG/data/aimd_nspin_irene_0625_100traj/continue.vaspdata.Ei.0.1.Ts.100.NO.rand.zpe/vasprun-68.xml,1344,0,7581084
/Volumes/LaCie/postdoc_PhLAM/NO_HOPG/data/aimd_nspin_irene_0625_100traj/continue.vaspdata.Ei.0.1.Ts.100.NO.rand.zpe/vasprun-68.xml,1345,0,7581182
/Volumes/LaCie/postdoc_PhLAM/NO_HOPG/data/aimd_nspin_irene_0625_100traj/continue.vaspdata.Ei.0.1.Ts.100.NO.rand.zpe/vasprun-68.xml,1346,0,7581280
/Volumes/LaCie/postdoc_PhLAM/NO_HOPG/data/aimd_nspin_irene_0625_100traj/continue.vaspdata.Ei.0.1.Ts.100.NO.rand.zpe/vasprun-68.xml,1347,0,7581378
/Volumes/LaCie/postdoc_PhLAM/NO_HOPG/data/aimd_nspin_irene_0625_100traj/continue.vaspdata.Ei.0.1.Ts.100.NO.rand.zpe/vasprun-68.xml,1348,0,7581476
/Volumes/LaCie/postdoc_PhLAM/NO_HOPG/data/aimd_nspin_irene_0625_100traj/continue.vaspdata.Ei.0.1.Ts.100.NO.rand.zpe/vasprun-68.xml,1349,0,7581574
/Volumes/LaCie/postdoc_PhLAM/NO_HOPG/data/aimd_nspin_irene_0625_100traj/continue.vaspdata.Ei.0.1.Ts.100.NO.rand.zpe/vasprun-68.xml,1350,0,7581672
/Volumes/LaCie/postdoc_PhLAM/NO_HOPG/data/aimd_nspin_irene_0625_100traj/continue.vaspdata.Ei.0.1.Ts.100.NO.rand.zpe/vasprun-68.xml,1355,0,7582162
/Volumes/LaCie/postdoc_PhLAM/NO_HOPG/data/aimd_nspin_irene_0625_100traj/continue.vaspdata.Ei.0.1.Ts.100.NO.rand.zpe/vasprun-68.xml,1356,0,7582260
/Volumes/LaCie/postdoc_PhLAM/NO_HOPG/data/aimd_nspin_irene_0625_100traj/continue.vaspdata.Ei.0.1.Ts.100.NO.rand.zpe/vasprun-68.xml,1357,0,7582358
/Volumes/LaCie/postdoc_PhLAM/NO_HOPG/data/aimd_nspin_irene_0625_100traj/continue.vaspdata.Ei.0.1.Ts.100.NO.rand.zpe/vasprun-68.xml,1358,0,7582456
/Volumes/LaCie/postdoc_PhLAM/NO_HOPG/data/aimd_nspin_irene_0625_100traj/continue.vaspdata.Ei.0.1.Ts.100.NO.rand.zpe/vasprun-68.xml,1359,0,7582554
/Volumes/LaCie/postdoc_PhLAM/NO_HOPG/data/aimd_nspin_irene_0625_100traj/continue.vaspdata.Ei.0.1.Ts.100.NO.rand.zpe/vasprun-68.xml,1360,0,7582652
/Volumes/LaCie/postdoc_PhLAM/NO_HOPG/data/aimd_nspin_irene_0625_100traj/continue.vaspdata.Ei.0.1.Ts.100.NO.rand.zpe/vasprun-68.xml,1361,0,7582750
/Volumes/LaCie/postdoc_PhLAM/NO_HOPG/data/aimd_nspin_irene_0625_100traj/continue.vaspdata.Ei.0.1.Ts.100.NO.rand.zpe/vasprun-68.xml,1362,0,7582848
/Volumes/LaCie/postdoc_PhLAM/NO_HOPG/data/aimd_nspin_irene_0625_100traj/continue.vaspdata.Ei.0.1.Ts.100.NO.rand.zpe/vasprun-68.xml,1363,0,7582946
/Volumes/LaCie/postdoc_PhLAM/NO_HOPG/data/aimd_nspin_irene_0625_100traj/continue.vaspdata.Ei.0.1.Ts.100.NO.rand.zpe/vasprun-68.xml,1364,0,7583044
/Volumes/LaCie/postdoc_PhLAM/NO_HOPG/data/aimd_nspin_irene_0625_100traj/continue.vaspdata.Ei.0.1.Ts.100.NO.rand.zpe/vasprun-68.xml,1365,0,7583142
/Volumes/LaCie/postdoc_PhLAM/NO_HOPG/data/aimd_nspin_irene_0625_100traj/continue.vaspdata.Ei.0.1.Ts.100.NO.rand.zpe/vasprun-68.xml,1366,0,7583240
/Volumes/LaCie/postdoc_PhLAM/NO_HOPG/data/aimd_nspin_irene_0625_100traj/continue.vaspdata.Ei.0.1.Ts.100.NO.rand.zpe/vasprun-68.xml,1367,0,7583338
/Volumes/LaCie/postdoc_PhLAM/NO_HOPG/data/aimd_nspin_irene_0625_100traj/continue.vaspdata.Ei.0.1.Ts.100.NO.rand.zpe/vasprun-68.xml,1368,0,7583436
/Volumes/LaCie/postdoc_PhLAM/NO_HOPG/data/aimd_nspin_irene_0625_100traj/continue.vaspdata.Ei.0.1.Ts.100.NO.rand.zpe/vasprun-68.xml,1369,0,7583534
/Volumes/LaCie/postdoc_PhLAM/NO_HOPG/data/aimd_nspin_irene_0625_100traj/continue.vaspdata.Ei.0.1.Ts.100.NO.rand.zpe/vasprun-68.xml,1370,0,7583632
/Volumes/LaCie/postdoc_PhLAM/NO_HOPG/data/aimd_nspin_irene_0625_100traj/continue.vaspdata.Ei.0.1.Ts.100.NO.rand.zpe/vasprun-68.xml,1371,0,7583730
/Volumes/LaCie/postdoc_PhLAM/NO_HOPG/data/aimd_nspin_irene_0625_100traj/continue.vaspdata.Ei.0.1.Ts.100.NO.rand.zpe/vasprun-68.xml,1372,0,7583828
/Volumes/LaCie/postdoc_PhLAM/NO_HOPG/data/aimd_nspin_irene_0625_100traj/continue.vaspdata.Ei.0.1.Ts.100.NO.rand.zpe/vasprun-68.xml,1373,0,7583926
/Volumes/LaCie/postdoc_PhLAM/NO_HOPG/data/aimd_nspin_irene_0625_100traj/continue.vaspdata.Ei.0.1.Ts.100.NO.rand.zpe/vasprun-68.xml,1374,0,7584024
/Volumes/LaCie/postdoc_PhLAM/NO_HOPG/data/aimd_nspin_irene_0625_100traj/continue.vaspdata.Ei.0.1.Ts.100.NO.rand.zpe/vasprun-68.xml,1375,0,7584122
/Volumes/LaCie/postdoc_PhLAM/NO_HOPG/data/aimd_nspin_irene_0625_100traj/continue.vaspdata.Ei.0.1.Ts.100.NO.rand.zpe/vasprun-68.xml,1376,0,7584220
/Volumes/LaCie/postdoc_PhLAM/NO_HOPG/data/aimd_nspin_irene_0625_100traj/continue.vaspdata.Ei.0.1.Ts.100.NO.rand.zpe/vasprun-68.xml,1377,0,7584318
/Volumes/LaCie/postdoc_PhLAM/NO_HOPG/data/aimd_nspin_irene_0625_100traj/continue.vaspdata.Ei.0.1.Ts.100.NO.rand.zpe/vasprun-68.xml,1378,0,7584416
/Volumes/LaCie/postdoc_PhLAM/NO_HOPG/data/aimd_nspin_irene_0625_100traj/continue.vaspdata.Ei.0.1.Ts.100.NO.rand.zpe/vasprun-68.xml,1379,0,7584514
/Volumes/LaCie/postdoc_PhLAM/NO_HOPG/data/aimd_nspin_irene_0625_100traj/continue.vaspdata.Ei.0.1.Ts.100.NO.rand.zpe/vasprun-68.xml,1380,0,7584612
/Volumes/LaCie/postdoc_PhLAM/NO_HOPG/data/aimd_nspin_irene_0625_100traj/continue.vaspdata.Ei.0.1.Ts.100.NO.rand.zpe/vasprun-68.xml,1381,0,7584710
/Volumes/LaCie/postdoc_PhLAM/NO_HOPG/data/aimd_nspin_irene_0625_100traj/continue.vaspdata.Ei.0.1.Ts.100.NO.rand.zpe/vasprun-68.xml,1382,0,7584808
/Volumes/LaCie/postdoc_PhLAM/NO_HOPG/data/aimd_nspin_irene_0625_100traj/continue.vaspdata.Ei.0.1.Ts.100.NO.rand.zpe/vasprun-69.xml,837,0,7684082
/Volumes/LaCie/postdoc_PhLAM/NO_HOPG/data/aimd_nspin_irene_0625_100traj/continue.vaspdata.Ei.0.1.Ts.100.NO.rand.zpe/vasprun-69.xml,838,0,7684180
/Volumes/LaCie/postdoc_PhLAM/NO_HOPG/data/aimd_nspin_irene_0625_100traj/continue.vaspdata.Ei.0.1.Ts.100.NO.rand.zpe/vasprun-69.xml,839,0,7684278
/Volumes/LaCie/postdoc_PhLAM/NO_HOPG/data/aimd_nspin_irene_0625_100traj/continue.vaspdata.Ei.0.1.Ts.100.NO.rand.zpe/vasprun-69.xml,840,0,7684376
/Volumes/LaCie/postdoc_PhLAM/NO_HOPG/data/aimd_nspin_irene_0625_100traj/continue.vaspdata.Ei.0.1.Ts.100.NO.rand.zpe/vasprun-69.xml,841,0,7684474
/Volumes/LaCie/postdoc_PhLAM/NO_HOPG/data/aimd_nspin_irene_0625_100traj/continue.vaspdata.Ei.0.1.Ts.100.NO.rand.zpe/vasprun-69.xml,842,0,7684572
/Volumes/LaCie/postdoc_PhLAM/NO_HOPG/data/aimd_nspin_irene_0625_100traj/continue.vaspdata.Ei.0.1.Ts.100.NO.rand.zpe/vasprun-69.xml,843,0,7684670
/Volumes/LaCie/postdoc_PhLAM/NO_HOPG/data/aimd_nspin_irene_0625_100traj/continue.vaspdata.Ei.0.1.Ts.100.NO.rand.zpe/vasprun-69.xml,844,0,7684768
/Volumes/LaCie/postdoc_PhLAM/NO_HOPG/data/aimd_nspin_irene_0625_100traj/continue.vaspdata.Ei.0.1.Ts.100.NO.rand.zpe/vasprun-69.xml,845,0,7684866
/Volumes/LaCie/postdoc_PhLAM/NO_HOPG/data/aimd_nspin_irene_0625_100traj/continue.vaspdata.Ei.0.1.Ts.100.NO.rand.zpe/vasprun-69.xml,846,0,7684964
/Volumes/LaCie/postdoc_PhLAM/NO_HOPG/data/aimd_nspin_irene_0625_100traj/continue.vaspdata.Ei.0.1.Ts.100.NO.rand.zpe/vasprun-69.xml,847,0,7685062
/Volumes/LaCie/postdoc_PhLAM/NO_HOPG/data/aimd_nspin_irene_0625_100traj/continue.vaspdata.Ei.0.1.Ts.100.NO.rand.zpe/vasprun-69.xml,848,0,7685160
/Volumes/LaCie/postdoc_PhLAM/NO_HOPG/data/aimd_nspin_irene_0625_100traj/continue.vaspdata.Ei.0.1.Ts.100.NO.rand.zpe/vasprun-69.xml,849,0,7685258
/Volumes/LaCie/postdoc_PhLAM/NO_HOPG/data/aimd_nspin_irene_0625_100traj/continue.vaspdata.Ei.0.1.Ts.100.NO.rand.zpe/vasprun-69.xml,850,0,7685356
/Volumes/LaCie/postdoc_PhLAM/NO_HOPG/data/aimd_nspin_irene_0625_100traj/continue.vaspdata.Ei.0.1.Ts.100.NO.rand.zpe/vasprun-69.xml,851,0,7685454
/Volumes/LaCie/postdoc_PhLAM/NO_HOPG/data/aimd_nspin_irene_0625_100traj/continue.vaspdata.Ei.0.1.Ts.100.NO.rand.zpe/vasprun-69.xml,852,0,7685552
/Volumes/LaCie/postdoc_PhLAM/NO_HOPG/data/aimd_nspin_irene_0625_100traj/continue.vaspdata.Ei.0.1.Ts.100.NO.rand.zpe/vasprun-69.xml,853,0,7685650
/Volumes/LaCie/postdoc_PhLAM/NO_HOPG/data/aimd_nspin_irene_0625_100traj/continue.vaspdata.Ei.0.1.Ts.100.NO.rand.zpe/vasprun-69.xml,854,0,7685748
/Volumes/LaCie/postdoc_PhLAM/NO_HOPG/data/aimd_nspin_irene_0625_100traj/continue.vaspdata.Ei.0.1.Ts.100.NO.rand.zpe/vasprun-69.xml,855,0,7685846
/Volumes/LaCie/postdoc_PhLAM/NO_HOPG/data/aimd_nspin_irene_0625_100traj/continue.vaspdata.Ei.0.1.Ts.100.NO.rand.zpe/vasprun-69.xml,856,0,7685944
/Volumes/LaCie/postdoc_PhLAM/NO_HOPG/data/aimd_nspin_irene_0625_100traj/continue.vaspdata.Ei.0.1.Ts.100.NO.rand.zpe/vasprun-69.xml,857,0,7686042
/Volumes/LaCie/postdoc_PhLAM/NO_HOPG/data/aimd_nspin_irene_0625_100traj/continue.vaspdata.Ei.0.1.Ts.100.NO.rand.zpe/vasprun-69.xml,858,0,7686140
/Volumes/LaCie/postdoc_PhLAM/NO_HOPG/data/aimd_nspin_irene_0625_100traj/continue.vaspdata.Ei.0.1.Ts.100.NO.rand.zpe/vasprun-69.xml,859,0,7686238
/Volumes/LaCie/postdoc_PhLAM/NO_HOPG/data/aimd_nspin_irene_0625_100traj/continue.vaspdata.Ei.0.1.Ts.100.NO.rand.zpe/vasprun-69.xml,860,0,7686336
/Volumes/LaCie/postdoc_PhLAM/NO_HOPG/data/aimd_nspin_irene_0625_100traj/continue.vaspdata.Ei.0.1.Ts.100.NO.rand.zpe/vasprun-69.xml,861,0,7686434
/Volumes/LaCie/postdoc_PhLAM/NO_HOPG/data/aimd_nspin_irene_0625_100traj/continue.vaspdata.Ei.0.1.Ts.100.NO.rand.zpe/vasprun-69.xml,865,0,7686826
/Volumes/LaCie/postdoc_PhLAM/NO_HOPG/data/aimd_nspin_irene_0625_100traj/continue.vaspdata.Ei.0.1.Ts.100.NO.rand.zpe/vasprun-69.xml,866,0,7686924
/Volumes/LaCie/postdoc_PhLAM/NO_HOPG/data/aimd_nspin_irene_0625_100traj/continue.vaspdata.Ei.0.1.Ts.100.NO.rand.zpe/vasprun-69.xml,867,0,7687022
/Volumes/LaCie/postdoc_PhLAM/NO_HOPG/data/aimd_nspin_irene_0625_100traj/continue.vaspdata.Ei.0.1.Ts.100.NO.rand.zpe/vasprun-69.xml,868,0,7687120
/Volumes/LaCie/postdoc_PhLAM/NO_HOPG/data/aimd_nspin_irene_0625_100traj/continue.vaspdata.Ei.0.1.Ts.100.NO.rand.zpe/vasprun-69.xml,869,0,7687218
/Volumes/LaCie/postdoc_PhLAM/NO_HOPG/data/aimd_nspin_irene_0625_100traj/continue.vaspdata.Ei.0.1.Ts.100.NO.rand.zpe/vasprun-69.xml,870,0,7687316
/Volumes/LaCie/postdoc_PhLAM/NO_HOPG/data/aimd_nspin_irene_0625_100traj/continue.vaspdata.Ei.0.1.Ts.100.NO.rand.zpe/vasprun-69.xml,871,0,7687414
/Volumes/LaCie/postdoc_PhLAM/NO_HOPG/data/aimd_nspin_irene_0625_100traj/continue.vaspdata.Ei.0.1.Ts.100.NO.rand.zpe/vasprun-69.xml,872,0,7687512
/Volumes/LaCie/postdoc_PhLAM/NO_HOPG/data/aimd_nspin_irene_0625_100traj/continue.vaspdata.Ei.0.1.Ts.100.NO.rand.zpe/vasprun-69.xml,873,0,7687610
/Volumes/LaCie/postdoc_PhLAM/NO_HOPG/data/aimd_nspin_irene_0625_100traj/continue.vaspdata.Ei.0.1.Ts.100.NO.rand.zpe/vasprun-69.xml,874,0,7687708
/Volumes/LaCie/postdoc_PhLAM/NO_HOPG/data/aimd_nspin_irene_0625_100traj/continue.vaspdata.Ei.0.1.Ts.100.NO.rand.zpe/vasprun-69.xml,884,0,7688688
/Volumes/LaCie/postdoc_PhLAM/NO_HOPG/data/aimd_nspin_irene_0625_100traj/continue.vaspdata.Ei.0.1.Ts.100.NO.rand.zpe/vasprun-69.xml,885,0,7688786
/Volumes/LaCie/postdoc_PhLAM/NO_HOPG/data/aimd_nspin_irene_0625_100traj/continue.vaspdata.Ei.0.1.Ts.100.NO.rand.zpe/vasprun-69.xml,886,0,7688884
/Volumes/LaCie/postdoc_PhLAM/NO_HOPG/data/aimd_nspin_irene_0625_100traj/continue.vaspdata.Ei.0.1.Ts.100.NO.rand.zpe/vasprun-69.xml,887,0,7688982
/Volumes/LaCie/postdoc_PhLAM/NO_HOPG/data/aimd_nspin_irene_0625_100traj/continue.vaspdata.Ei.0.1.Ts.100.NO.rand.zpe/vasprun-69.xml,888,0,7689080
/Volumes/LaCie/postdoc_PhLAM/NO_HOPG/data/aimd_nspin_irene_0625_100traj/continue.vaspdata.Ei.0.1.Ts.100.NO.rand.zpe/vasprun-69.xml,889,0,7689178
/Volumes/LaCie/postdoc_PhLAM/NO_HOPG/data/aimd_nspin_irene_0625_100traj/continue.vaspdata.Ei.0.1.Ts.100.NO.rand.zpe/vasprun-69.xml,890,0,7689276
/Volumes/LaCie/postdoc_PhLAM/NO_HOPG/data/aimd_nspin_irene_0625_100traj/continue.vaspdata.Ei.0.1.Ts.100.NO.rand.zpe/vasprun-69.xml,891,0,7689374
/Volumes/LaCie/postdoc_PhLAM/NO_HOPG/data/aimd_nspin_irene_0625_100traj/continue.vaspdata.Ei.0.1.Ts.100.NO.rand.zpe/vasprun-69.xml,892,0,7689472
/Volumes/LaCie/postdoc_PhLAM/NO_HOPG/data/aimd_nspin_irene_0625_100traj/continue.vaspdata.Ei.0.1.Ts.100.NO.rand.zpe/vasprun-69.xml,893,0,7689570
/Volumes/LaCie/postdoc_PhLAM/NO_HOPG/data/aimd_nspin_irene_0625_100traj/continue.vaspdata.Ei.0.1.Ts.100.NO.rand.zpe/vasprun-69.xml,894,0,7689668
/Volumes/LaCie/postdoc_PhLAM/NO_HOPG/data/aimd_nspin_irene_0625_100traj/continue.vaspdata.Ei.0.1.Ts.100.NO.rand.zpe/vasprun-69.xml,895,0,7689766
/Volumes/LaCie/postdoc_PhLAM/NO_HOPG/data/aimd_nspin_irene_0625_100traj/continue.vaspdata.Ei.0.1.Ts.100.NO.rand.zpe/vasprun-69.xml,896,0,7689864
/Volumes/LaCie/postdoc_PhLAM/NO_HOPG/data/aimd_nspin_irene_0625_100traj/continue.vaspdata.Ei.0.1.Ts.100.NO.rand.zpe/vasprun-69.xml,897,0,7689962
/Volumes/LaCie/postdoc_PhLAM/NO_HOPG/data/aimd_nspin_irene_0625_100traj/continue.vaspdata.Ei.0.1.Ts.100.NO.rand.zpe/vasprun-69.xml,898,0,7690060
/Volumes/LaCie/postdoc_PhLAM/NO_HOPG/data/aimd_nspin_irene_0625_100traj/continue.vaspdata.Ei.0.1.Ts.100.NO.rand.zpe/vasprun-69.xml,899,0,7690158
/Volumes/LaCie/postdoc_PhLAM/NO_HOPG/data/aimd_nspin_irene_0625_100traj/continue.vaspdata.Ei.0.1.Ts.100.NO.rand.zpe/vasprun-69.xml,900,0,7690256
/Volumes/LaCie/postdoc_PhLAM/NO_HOPG/data/aimd_nspin_irene_0625_100traj/continue.vaspdata.Ei.0.1.Ts.100.NO.rand.zpe/vasprun-69.xml,901,0,7690354
/Volumes/LaCie/postdoc_PhLAM/NO_HOPG/data/aimd_nspin_irene_0625_100traj/continue.vaspdata.Ei.0.1.Ts.100.NO.rand.zpe/vasprun-69.xml,902,0,7690452
/Volumes/LaCie/postdoc_PhLAM/NO_HOPG/data/aimd_nspin_irene_0625_100traj/continue.vaspdata.Ei.0.1.Ts.100.NO.rand.zpe/vasprun-69.xml,903,0,7690550
/Volumes/LaCie/postdoc_PhLAM/NO_HOPG/data/aimd_nspin_irene_0625_100traj/continue.vaspdata.Ei.0.1.Ts.100.NO.rand.zpe/vasprun-69.xml,904,0,7690648
/Volumes/LaCie/postdoc_PhLAM/NO_HOPG/data/aimd_nspin_irene_0625_100traj/continue.vaspdata.Ei.0.1.Ts.100.NO.rand.zpe/vasprun-69.xml,905,0,7690746
/Volumes/LaCie/postdoc_PhLAM/NO_HOPG/data/aimd_nspin_irene_0625_100traj/continue.vaspdata.Ei.0.1.Ts.100.NO.rand.zpe/vasprun-69.xml,906,0,7690844
/Volumes/LaCie/postdoc_PhLAM/NO_HOPG/data/aimd_nspin_irene_0625_100traj/continue.vaspdata.Ei.0.1.Ts.100.NO.rand.zpe/vasprun-69.xml,907,0,7690942
/Volumes/LaCie/postdoc_PhLAM/NO_HOPG/data/aimd_nspin_irene_0625_100traj/continue.vaspdata.Ei.0.1.Ts.100.NO.rand.zpe/vasprun-69.xml,908,0,7691040
/Volumes/LaCie/postdoc_PhLAM/NO_HOPG/data/aimd_nspin_irene_0625_100traj/continue.vaspdata.Ei.0.1.Ts.100.NO.rand.zpe/vasprun-69.xml,909,0,7691138
/Volumes/LaCie/postdoc_PhLAM/NO_HOPG/data/aimd_nspin_irene_0625_100traj/continue.vaspdata.Ei.0.1.Ts.100.NO.rand.zpe/vasprun-69.xml,910,0,7691236
/Volumes/LaCie/postdoc_PhLAM/NO_HOPG/data/aimd_nspin_irene_0625_100traj/continue.vaspdata.Ei.0.1.Ts.100.NO.rand.zpe/vasprun-69.xml,911,0,7691334
/Volumes/LaCie/postdoc_PhLAM/NO_HOPG/data/aimd_nspin_irene_0625_100traj/continue.vaspdata.Ei.0.1.Ts.100.NO.rand.zpe/vasprun-69.xml,912,0,7691432
/Volumes/LaCie/postdoc_PhLAM/NO_HOPG/data/aimd_nspin_irene_0625_100traj/continue.vaspdata.Ei.0.1.Ts.100.NO.rand.zpe/vasprun-69.xml,913,0,7691530
/Volumes/LaCie/postdoc_PhLAM/NO_HOPG/data/aimd_nspin_irene_0625_100traj/continue.vaspdata.Ei.0.1.Ts.100.NO.rand.zpe/vasprun-69.xml,914,0,7691628
/Volumes/LaCie/postdoc_PhLAM/NO_HOPG/data/aimd_nspin_irene_0625_100traj/continue.vaspdata.Ei.0.1.Ts.100.NO.rand.zpe/vasprun-69.xml,915,0,7691726
/Volumes/LaCie/postdoc_PhLAM/NO_HOPG/data/aimd_nspin_irene_0625_100traj/continue.vaspdata.Ei.0.1.Ts.100.NO.rand.zpe/vasprun-69.xml,916,0,7691824
/Volumes/LaCie/postdoc_PhLAM/NO_HOPG/data/aimd_nspin_irene_0625_100traj/continue.vaspdata.Ei.0.1.Ts.100.NO.rand.zpe/vasprun-69.xml,917,0,7691922
/Volumes/LaCie/postdoc_PhLAM/NO_HOPG/data/aimd_nspin_irene_0625_100traj/continue.vaspdata.Ei.0.1.Ts.100.NO.rand.zpe/vasprun-70.xml,509,0,7824908
/Volumes/LaCie/postdoc_PhLAM/NO_HOPG/data/aimd_nspin_irene_0625_100traj/continue.vaspdata.Ei.0.1.Ts.100.NO.rand.zpe/vasprun-70.xml,510,0,7825006
/Volumes/LaCie/postdoc_PhLAM/NO_HOPG/data/aimd_nspin_irene_0625_100traj/continue.vaspdata.Ei.0.1.Ts.100.NO.rand.zpe/vasprun-70.xml,511,0,7825104
/Volumes/LaCie/postdoc_PhLAM/NO_HOPG/data/aimd_nspin_irene_0625_100traj/continue.vaspdata.Ei.0.1.Ts.100.NO.rand.zpe/vasprun-70.xml,512,0,7825202
/Volumes/LaCie/postdoc_PhLAM/NO_HOPG/data/aimd_nspin_irene_0625_100traj/continue.vaspdata.Ei.0.1.Ts.100.NO.rand.zpe/vasprun-70.xml,513,0,7825300
/Volumes/LaCie/postdoc_PhLAM/NO_HOPG/data/aimd_nspin_irene_0625_100traj/continue.vaspdata.Ei.0.1.Ts.100.NO.rand.zpe/vasprun-70.xml,514,0,7825398
/Volumes/LaCie/postdoc_PhLAM/NO_HOPG/data/aimd_nspin_irene_0625_100traj/continue.vaspdata.Ei.0.1.Ts.100.NO.rand.zpe/vasprun-70.xml,514,1,7825399
/Volumes/LaCie/postdoc_PhLAM/NO_HOPG/data/aimd_nspin_irene_0625_100traj/continue.vaspdata.Ei.0.1.Ts.100.NO.rand.zpe/vasprun-70.xml,515,0,7825496
/Volumes/LaCie/postdoc_PhLAM/NO_HOPG/data/aimd_nspin_irene_0625_100traj/continue.vaspdata.Ei.0.1.Ts.100.NO.rand.zpe/vasprun-70.xml,515,1,7825497
/Volumes/LaCie/postdoc_PhLAM/NO_HOPG/data/aimd_nspin_irene_0625_100traj/continue.vaspdata.Ei.0.1.Ts.100.NO.rand.zpe/vasprun-70.xml,516,0,7825594
/Volumes/LaCie/postdoc_PhLAM/NO_HOPG/data/aimd_nspin_irene_0625_100traj/continue.vaspdata.Ei.0.1.Ts.100.NO.rand.zpe/vasprun-70.xml,516,1,7825595
/Volumes/LaCie/postdoc_PhLAM/NO_HOPG/data/aimd_nspin_irene_0625_100traj/continue.vaspdata.Ei.0.1.Ts.100.NO.rand.zpe/vasprun-70.xml,517,0,7825692
/Volumes/LaCie/postdoc_PhLAM/NO_HOPG/data/aimd_nspin_irene_0625_100traj/continue.vaspdata.Ei.0.1.Ts.100.NO.rand.zpe/vasprun-70.xml,517,1,7825693
/Volumes/LaCie/postdoc_PhLAM/NO_HOPG/data/aimd_nspin_irene_0625_100traj/continue.vaspdata.Ei.0.1.Ts.100.NO.rand.zpe/vasprun-70.xml,518,0,7825790
/Volumes/LaCie/postdoc_PhLAM/NO_HOPG/data/aimd_nspin_irene_0625_100traj/continue.vaspdata.Ei.0.1.Ts.100.NO.rand.zpe/vasprun-70.xml,518,1,7825791
/Volumes/LaCie/postdoc_PhLAM/NO_HOPG/data/aimd_nspin_irene_0625_100traj/continue.vaspdata.Ei.0.1.Ts.100.NO.rand.zpe/vasprun-70.xml,519,0,7825888
/Volumes/LaCie/postdoc_PhLAM/NO_HOPG/data/aimd_nspin_irene_0625_100traj/continue.vaspdata.Ei.0.1.Ts.100.NO.rand.zpe/vasprun-70.xml,519,1,7825889
/Volumes/LaCie/postdoc_PhLAM/NO_HOPG/data/aimd_nspin_irene_0625_100traj/continue.vaspdata.Ei.0.1.Ts.100.NO.rand.zpe/vasprun-70.xml,520,0,7825986
/Volumes/LaCie/postdoc_PhLAM/NO_HOPG/data/aimd_nspin_irene_0625_100traj/continue.vaspdata.Ei.0.1.Ts.100.NO.rand.zpe/vasprun-70.xml,520,1,7825987
/Volumes/LaCie/postdoc_PhLAM/NO_HOPG/data/aimd_nspin_irene_0625_100traj/continue.vaspdata.Ei.0.1.Ts.100.NO.rand.zpe/vasprun-70.xml,521,0,7826084
/Volumes/LaCie/postdoc_PhLAM/NO_HOPG/data/aimd_nspin_irene_0625_100traj/continue.vaspdata.Ei.0.1.Ts.100.NO.rand.zpe/vasprun-70.xml,521,1,7826085
/Volumes/LaCie/postdoc_PhLAM/NO_HOPG/data/aimd_nspin_irene_0625_100traj/continue.vaspdata.Ei.0.1.Ts.100.NO.rand.zpe/vasprun-70.xml,522,0,7826182
/Volumes/LaCie/postdoc_PhLAM/NO_HOPG/data/aimd_nspin_irene_0625_100traj/continue.vaspdata.Ei.0.1.Ts.100.NO.rand.zpe/vasprun-70.xml,522,1,7826183
/Volumes/LaCie/postdoc_PhLAM/NO_HOPG/data/aimd_nspin_irene_0625_100traj/continue.vaspdata.Ei.0.1.Ts.100.NO.rand.zpe/vasprun-70.xml,523,0,7826280
/Volumes/LaCie/postdoc_PhLAM/NO_HOPG/data/aimd_nspin_irene_0625_100traj/continue.vaspdata.Ei.0.1.Ts.100.NO.rand.zpe/vasprun-70.xml,523,1,7826281
/Volumes/LaCie/postdoc_PhLAM/NO_HOPG/data/aimd_nspin_irene_0625_100traj/continue.vaspdata.Ei.0.1.Ts.100.NO.rand.zpe/vasprun-70.xml,524,0,7826378
/Volumes/LaCie/postdoc_PhLAM/NO_HOPG/data/aimd_nspin_irene_0625_100traj/continue.vaspdata.Ei.0.1.Ts.100.NO.rand.zpe/vasprun-70.xml,524,1,7826379
/Volumes/LaCie/postdoc_PhLAM/NO_HOPG/data/aimd_nspin_irene_0625_100traj/continue.vaspdata.Ei.0.1.Ts.100.NO.rand.zpe/vasprun-70.xml,525,0,7826476
/Volumes/LaCie/postdoc_PhLAM/NO_HOPG/data/aimd_nspin_irene_0625_100traj/continue.vaspdata.Ei.0.1.Ts.100.NO.rand.zpe/vasprun-70.xml,525,1,7826477
/Volumes/LaCie/postdoc_PhLAM/NO_HOPG/data/aimd_nspin_irene_0625_100traj/continue.vaspdata.Ei.0.1.Ts.100.NO.rand.zpe/vasprun-70.xml,526,0,7826574
/Volumes/LaCie/postdoc_PhLAM/NO_HOPG/data/aimd_nspin_irene_0625_100traj/continue.vaspdata.Ei.0.1.Ts.100.NO.rand.zpe/vasprun-70.xml,526,1,7826575
/Volumes/LaCie/postdoc_PhLAM/NO_HOPG/data/aimd_nspin_irene_0625_100traj/continue.vaspdata.Ei.0.1.Ts.100.NO.rand.zpe/vasprun-70.xml,527,0,7826672
/Volumes/LaCie/postdoc_PhLAM/NO_HOPG/data/aimd_nspin_irene_0625_100traj/continue.vaspdata.Ei.0.1.Ts.100.NO.rand.zpe/vasprun-70.xml,527,1,7826673
/Volumes/LaCie/postdoc_PhLAM/NO_HOPG/data/aimd_nspin_irene_0625_100traj/continue.vaspdata.Ei.0.1.Ts.100.NO.rand.zpe/vasprun-70.xml,528,0,7826770
/Volumes/LaCie/postdoc_PhLAM/NO_HOPG/data/aimd_nspin_irene_0625_100traj/continue.vaspdata.Ei.0.1.Ts.100.NO.rand.zpe/vasprun-70.xml,528,1,7826771
/Volumes/LaCie/postdoc_PhLAM/NO_HOPG/data/aimd_nspin_irene_0625_100traj/continue.vaspdata.Ei.0.1.Ts.100.NO.rand.zpe/vasprun-70.xml,529,0,7826868
/Volumes/LaCie/postdoc_PhLAM/NO_HOPG/data/aimd_nspin_irene_0625_100traj/continue.vaspdata.Ei.0.1.Ts.100.NO.rand.zpe/vasprun-70.xml,529,1,7826869
/Volumes/LaCie/postdoc_PhLAM/NO_HOPG/data/aimd_nspin_irene_0625_100traj/continue.vaspdata.Ei.0.1.Ts.100.NO.rand.zpe/vasprun-70.xml,530,0,7826966
/Volumes/LaCie/postdoc_PhLAM/NO_HOPG/data/aimd_nspin_irene_0625_100traj/continue.vaspdata.Ei.0.1.Ts.100.NO.rand.zpe/vasprun-70.xml,530,1,7826967
/Volumes/LaCie/postdoc_PhLAM/NO_HOPG/data/aimd_nspin_irene_0625_100traj/continue.vaspdata.Ei.0.1.Ts.100.NO.rand.zpe/vasprun-70.xml,531,0,7827064
/Volumes/LaCie/postdoc_PhLAM/NO_HOPG/data/aimd_nspin_irene_0625_100traj/continue.vaspdata.Ei.0.1.Ts.100.NO.rand.zpe/vasprun-70.xml,531,1,7827065
/Volumes/LaCie/postdoc_PhLAM/NO_HOPG/data/aimd_nspin_irene_0625_100traj/continue.vaspdata.Ei.0.1.Ts.100.NO.rand.zpe/vasprun-70.xml,532,0,7827162
/Volumes/LaCie/postdoc_PhLAM/NO_HOPG/data/aimd_nspin_irene_0625_100traj/continue.vaspdata.Ei.0.1.Ts.100.NO.rand.zpe/vasprun-70.xml,532,1,7827163
/Volumes/LaCie/postdoc_PhLAM/NO_HOPG/data/aimd_nspin_irene_0625_100traj/continue.vaspdata.Ei.0.1.Ts.100.NO.rand.zpe/vasprun-70.xml,533,0,7827260
/Volumes/LaCie/postdoc_PhLAM/NO_HOPG/data/aimd_nspin_irene_0625_100traj/continue.vaspdata.Ei.0.1.Ts.100.NO.rand.zpe/vasprun-70.xml,533,1,7827261
/Volumes/LaCie/postdoc_PhLAM/NO_HOPG/data/aimd_nspin_irene_0625_100traj/continue.vaspdata.Ei.0.1.Ts.100.NO.rand.zpe/vasprun-70.xml,534,1,7827359
/Volumes/LaCie/postdoc_PhLAM/NO_HOPG/data/aimd_nspin_irene_0625_100traj/continue.vaspdata.Ei.0.1.Ts.100.NO.rand.zpe/vasprun-70.xml,535,1,7827457
/Volumes/LaCie/postdoc_PhLAM/NO_HOPG/data/aimd_nspin_irene_0625_100traj/continue.vaspdata.Ei.0.1.Ts.100.NO.rand.zpe/vasprun-70.xml,536,1,7827555
/Volumes/LaCie/postdoc_PhLAM/NO_HOPG/data/aimd_nspin_irene_0625_100traj/continue.vaspdata.Ei.0.1.Ts.100.NO.rand.zpe/vasprun-70.xml,537,1,7827653
/Volumes/LaCie/postdoc_PhLAM/NO_HOPG/data/aimd_nspin_irene_0625_100traj/continue.vaspdata.Ei.0.1.Ts.100.NO.rand.zpe/vasprun-70.xml,538,1,7827751
/Volumes/LaCie/postdoc_PhLAM/NO_HOPG/data/aimd_nspin_irene_0625_100traj/continue.vaspdata.Ei.0.1.Ts.100.NO.rand.zpe/vasprun-70.xml,539,1,7827849
/Volumes/LaCie/postdoc_PhLAM/NO_HOPG/data/aimd_nspin_irene_0625_100traj/continue.vaspdata.Ei.0.1.Ts.100.NO.rand.zpe/vasprun-70.xml,540,1,7827947
/Volumes/LaCie/postdoc_PhLAM/NO_HOPG/data/aimd_nspin_irene_0625_100traj/continue.vaspdata.Ei.0.1.Ts.100.NO.rand.zpe/vasprun-70.xml,541,1,7828045
/Volumes/LaCie/postdoc_PhLAM/NO_HOPG/data/aimd_nspin_irene_0625_100traj/continue.vaspdata.Ei.0.1.Ts.100.NO.rand.zpe/vasprun-70.xml,542,1,7828143
/Volumes/LaCie/postdoc_PhLAM/NO_HOPG/data/aimd_nspin_irene_0625_100traj/continue.vaspdata.Ei.0.1.Ts.100.NO.rand.zpe/vasprun-70.xml,543,1,7828241
/Volumes/LaCie/postdoc_PhLAM/NO_HOPG/data/aimd_nspin_irene_0625_100traj/continue.vaspdata.Ei.0.1.Ts.100.NO.rand.zpe/vasprun-70.xml,544,1,7828339
/Volumes/LaCie/postdoc_PhLAM/NO_HOPG/data/aimd_nspin_irene_0625_100traj/continue.vaspdata.Ei.0.1.Ts.100.NO.rand.zpe/vasprun-70.xml,545,1,7828437
/Volumes/LaCie/postdoc_PhLAM/NO_HOPG/data/aimd_nspin_irene_0625_100traj/continue.vaspdata.Ei.0.1.Ts.100.NO.rand.zpe/vasprun-70.xml,546,1,7828535
/Volumes/LaCie/postdoc_PhLAM/NO_HOPG/data/aimd_nspin_irene_0625_100traj/continue.vaspdata.Ei.0.1.Ts.100.NO.rand.zpe/vasprun-70.xml,547,1,7828633
/Volumes/LaCie/postdoc_PhLAM/NO_HOPG/data/aimd_nspin_irene_0625_100traj/continue.vaspdata.Ei.0.1.Ts.100.NO.rand.zpe/vasprun-70.xml,548,1,7828731
/Volumes/LaCie/postdoc_PhLAM/NO_HOPG/data/aimd_nspin_irene_0625_100traj/continue.vaspdata.Ei.0.1.Ts.100.NO.rand.zpe/vasprun-70.xml,549,1,7828829
/Volumes/LaCie/postdoc_PhLAM/NO_HOPG/data/aimd_nspin_irene_0625_100traj/continue.vaspdata.Ei.0.1.Ts.100.NO.rand.zpe/vasprun-70.xml,550,1,7828927
/Volumes/LaCie/postdoc_PhLAM/NO_HOPG/data/aimd_nspin_irene_0625_100traj/continue.vaspdata.Ei.0.1.Ts.100.NO.rand.zpe/vasprun-70.xml,551,1,7829025
/Volumes/LaCie/postdoc_PhLAM/NO_HOPG/data/aimd_nspin_irene_0625_100traj/continue.vaspdata.Ei.0.1.Ts.100.NO.rand.zpe/vasprun-70.xml,552,1,7829123
/Volumes/LaCie/postdoc_PhLAM/NO_HOPG/data/aimd_nspin_irene_0625_100traj/continue.vaspdata.Ei.0.1.Ts.100.NO.rand.zpe/vasprun-70.xml,553,1,7829221
/Volumes/LaCie/postdoc_PhLAM/NO_HOPG/data/aimd_nspin_irene_0625_100traj/continue.vaspdata.Ei.0.1.Ts.100.NO.rand.zpe/vasprun-70.xml,554,1,7829319
/Volumes/LaCie/postdoc_PhLAM/NO_HOPG/data/aimd_nspin_irene_0625_100traj/continue.vaspdata.Ei.0.1.Ts.100.NO.rand.zpe/vasprun-70.xml,555,1,7829417
/Volumes/LaCie/postdoc_PhLAM/NO_HOPG/data/aimd_nspin_irene_0625_100traj/continue.vaspdata.Ei.0.1.Ts.100.NO.rand.zpe/vasprun-70.xml,556,1,7829515
/Volumes/LaCie/postdoc_PhLAM/NO_HOPG/data/aimd_nspin_irene_0625_100traj/continue.vaspdata.Ei.0.1.Ts.100.NO.rand.zpe/vasprun-70.xml,557,1,7829613
/Volumes/LaCie/postdoc_PhLAM/NO_HOPG/data/aimd_nspin_irene_0625_100traj/continue.vaspdata.Ei.0.1.Ts.100.NO.rand.zpe/vasprun-70.xml,558,1,7829711
/Volumes/LaCie/postdoc_PhLAM/NO_HOPG/data/aimd_nspin_irene_0625_100traj/continue.vaspdata.Ei.0.1.Ts.100.NO.rand.zpe/vasprun-70.xml,559,1,7829809
/Volumes/LaCie/postdoc_PhLAM/NO_HOPG/data/aimd_nspin_irene_0625_100traj/continue.vaspdata.Ei.0.1.Ts.100.NO.rand.zpe/vasprun-70.xml,560,1,7829907
/Volumes/LaCie/postdoc_PhLAM/NO_HOPG/data/aimd_nspin_irene_0625_100traj/continue.vaspdata.Ei.0.1.Ts.100.NO.rand.zpe/vasprun-70.xml,561,1,7830005
/Volumes/LaCie/postdoc_PhLAM/NO_HOPG/data/aimd_nspin_irene_0625_100traj/continue.vaspdata.Ei.0.1.Ts.100.NO.rand.zpe/vasprun-70.xml,562,1,7830103
/Volumes/LaCie/postdoc_PhLAM/NO_HOPG/data/aimd_nspin_irene_0625_100traj/continue.vaspdata.Ei.0.1.Ts.100.NO.rand.zpe/vasprun-70.xml,563,1,7830201
/Volumes/LaCie/postdoc_PhLAM/NO_HOPG/data/aimd_nspin_irene_0625_100traj/continue.vaspdata.Ei.0.1.Ts.100.NO.rand.zpe/vasprun-70.xml,564,1,7830299
/Volumes/LaCie/postdoc_PhLAM/NO_HOPG/data/aimd_nspin_irene_0625_100traj/continue.vaspdata.Ei.0.1.Ts.100.NO.rand.zpe/vasprun-70.xml,565,1,7830397
/Volumes/LaCie/postdoc_PhLAM/NO_HOPG/data/aimd_nspin_irene_0625_100traj/continue.vaspdata.Ei.0.1.Ts.100.NO.rand.zpe/vasprun-70.xml,566,1,7830495
/Volumes/LaCie/postdoc_PhLAM/NO_HOPG/data/aimd_nspin_irene_0625_100traj/continue.vaspdata.Ei.0.1.Ts.100.NO.rand.zpe/vasprun-70.xml,567,1,7830593
/Volumes/LaCie/postdoc_PhLAM/NO_HOPG/data/aimd_nspin_irene_0625_100traj/continue.vaspdata.Ei.0.1.Ts.100.NO.rand.zpe/vasprun-70.xml,568,1,7830691
/Volumes/LaCie/postdoc_PhLAM/NO_HOPG/data/aimd_nspin_irene_0625_100traj/continue.vaspdata.Ei.0.1.Ts.100.NO.rand.zpe/vasprun-71.xml,801,1,8013559
/Volumes/LaCie/postdoc_PhLAM/NO_HOPG/data/aimd_nspin_irene_0625_100traj/continue.vaspdata.Ei.0.1.Ts.100.NO.rand.zpe/vasprun-71.xml,802,1,8013657
/Volumes/LaCie/postdoc_PhLAM/NO_HOPG/data/aimd_nspin_irene_0625_100traj/continue.vaspdata.Ei.0.1.Ts.100.NO.rand.zpe/vasprun-71.xml,803,1,8013755
/Volumes/LaCie/postdoc_PhLAM/NO_HOPG/data/aimd_nspin_irene_0625_100traj/continue.vaspdata.Ei.0.1.Ts.100.NO.rand.zpe/vasprun-71.xml,804,1,8013853
/Volumes/LaCie/postdoc_PhLAM/NO_HOPG/data/aimd_nspin_irene_0625_100traj/continue.vaspdata.Ei.0.1.Ts.100.NO.rand.zpe/vasprun-71.xml,805,1,8013951
/Volumes/LaCie/postdoc_PhLAM/NO_HOPG/data/aimd_nspin_irene_0625_100traj/continue.vaspdata.Ei.0.1.Ts.100.NO.rand.zpe/vasprun-71.xml,806,1,8014049
/Volumes/LaCie/postdoc_PhLAM/NO_HOPG/data/aimd_nspin_irene_0625_100traj/continue.vaspdata.Ei.0.1.Ts.100.NO.rand.zpe/vasprun-71.xml,807,1,8014147
/Volumes/LaCie/postdoc_PhLAM/NO_HOPG/data/aimd_nspin_irene_0625_100traj/continue.vaspdata.Ei.0.1.Ts.100.NO.rand.zpe/vasprun-71.xml,808,1,8014245
/Volumes/LaCie/postdoc_PhLAM/NO_HOPG/data/aimd_nspin_irene_0625_100traj/continue.vaspdata.Ei.0.1.Ts.100.NO.rand.zpe/vasprun-71.xml,809,1,8014343
/Volumes/LaCie/postdoc_PhLAM/NO_HOPG/data/aimd_nspin_irene_0625_100traj/continue.vaspdata.Ei.0.1.Ts.100.NO.rand.zpe/vasprun-71.xml,810,1,8014441
/Volumes/LaCie/postdoc_PhLAM/NO_HOPG/data/aimd_nspin_irene_0625_100traj/continue.vaspdata.Ei.0.1.Ts.100.NO.rand.zpe/vasprun-71.xml,811,1,8014539
/Volumes/LaCie/postdoc_PhLAM/NO_HOPG/data/aimd_nspin_irene_0625_100traj/continue.vaspdata.Ei.0.1.Ts.100.NO.rand.zpe/vasprun-71.xml,812,1,8014637
/Volumes/LaCie/postdoc_PhLAM/NO_HOPG/data/aimd_nspin_irene_0625_100traj/continue.vaspdata.Ei.0.1.Ts.100.NO.rand.zpe/vasprun-71.xml,813,1,8014735
/Volumes/LaCie/postdoc_PhLAM/NO_HOPG/data/aimd_nspin_irene_0625_100traj/continue.vaspdata.Ei.0.1.Ts.100.NO.rand.zpe/vasprun-71.xml,814,1,8014833
/Volumes/LaCie/postdoc_PhLAM/NO_HOPG/data/aimd_nspin_irene_0625_100traj/continue.vaspdata.Ei.0.1.Ts.100.NO.rand.zpe/vasprun-71.xml,815,1,8014931
/Volumes/LaCie/postdoc_PhLAM/NO_HOPG/data/aimd_nspin_irene_0625_100traj/continue.vaspdata.Ei.0.1.Ts.100.NO.rand.zpe/vasprun-71.xml,816,1,8015029
/Volumes/LaCie/postdoc_PhLAM/NO_HOPG/data/aimd_nspin_irene_0625_100traj/continue.vaspdata.Ei.0.1.Ts.100.NO.rand.zpe/vasprun-71.xml,817,1,8015127
/Volumes/LaCie/postdoc_PhLAM/NO_HOPG/data/aimd_nspin_irene_0625_100traj/continue.vaspdata.Ei.0.1.Ts.100.NO.rand.zpe/vasprun-71.xml,818,1,8015225
/Volumes/LaCie/postdoc_PhLAM/NO_HOPG/data/aimd_nspin_irene_0625_100traj/continue.vaspdata.Ei.0.1.Ts.100.NO.rand.zpe/vasprun-71.xml,819,1,8015323
/Volumes/LaCie/postdoc_PhLAM/NO_HOPG/data/aimd_nspin_irene_0625_100traj/continue.vaspdata.Ei.0.1.Ts.100.NO.rand.zpe/vasprun-71.xml,820,1,8015421
/Volumes/LaCie/postdoc_PhLAM/NO_HOPG/data/aimd_nspin_irene_0625_100traj/continue.vaspdata.Ei.0.1.Ts.100.NO.rand.zpe/vasprun-71.xml,821,1,8015519
/Volumes/LaCie/postdoc_PhLAM/NO_HOPG/data/aimd_nspin_irene_0625_100traj/continue.vaspdata.Ei.0.1.Ts.100.NO.rand.zpe/vasprun-71.xml,822,1,8015617
/Volumes/LaCie/postdoc_PhLAM/NO_HOPG/data/aimd_nspin_irene_0625_100traj/continue.vaspdata.Ei.0.1.Ts.100.NO.rand.zpe/vasprun-71.xml,823,1,8015715
/Volumes/LaCie/postdoc_PhLAM/NO_HOPG/data/aimd_nspin_irene_0625_100traj/continue.vaspdata.Ei.0.1.Ts.100.NO.rand.zpe/vasprun-71.xml,824,1,8015813
/Volumes/LaCie/postdoc_PhLAM/NO_HOPG/data/aimd_nspin_irene_0625_100traj/continue.vaspdata.Ei.0.1.Ts.100.NO.rand.zpe/vasprun-71.xml,825,1,8015911
/Volumes/LaCie/postdoc_PhLAM/NO_HOPG/data/aimd_nspin_irene_0625_100traj/continue.vaspdata.Ei.0.1.Ts.100.NO.rand.zpe/vasprun-71.xml,826,1,8016009
/Volumes/LaCie/postdoc_PhLAM/NO_HOPG/data/aimd_nspin_irene_0625_100traj/continue.vaspdata.Ei.0.1.Ts.100.NO.rand.zpe/vasprun-71.xml,827,1,8016107
/Volumes/LaCie/postdoc_PhLAM/NO_HOPG/data/aimd_nspin_irene_0625_100traj/continue.vaspdata.Ei.0.1.Ts.100.NO.rand.zpe/vasprun-71.xml,828,1,8016205
/Volumes/LaCie/postdoc_PhLAM/NO_HOPG/data/aimd_nspin_irene_0625_100traj/continue.vaspdata.Ei.0.1.Ts.100.NO.rand.zpe/vasprun-71.xml,829,1,8016303
/Volumes/LaCie/postdoc_PhLAM/NO_HOPG/data/aimd_nspin_irene_0625_100traj/continue.vaspdata.Ei.0.1.Ts.100.NO.rand.zpe/vasprun-71.xml,830,1,8016401
/Volumes/LaCie/postdoc_PhLAM/NO_HOPG/data/aimd_nspin_irene_0625_100traj/continue.vaspdata.Ei.0.1.Ts.100.NO.rand.zpe/vasprun-71.xml,831,1,8016499
/Volumes/LaCie/postdoc_PhLAM/NO_HOPG/data/aimd_nspin_irene_0625_100traj/continue.vaspdata.Ei.0.1.Ts.100.NO.rand.zpe/vasprun-71.xml,832,1,8016597
/Volumes/LaCie/postdoc_PhLAM/NO_HOPG/data/aimd_nspin_irene_0625_100traj/continue.vaspdata.Ei.0.1.Ts.100.NO.rand.zpe/vasprun-71.xml,833,1,8016695
/Volumes/LaCie/postdoc_PhLAM/NO_HOPG/data/aimd_nspin_irene_0625_100traj/continue.vaspdata.Ei.0.1.Ts.100.NO.rand.zpe/vasprun-71.xml,834,1,8016793
/Volumes/LaCie/postdoc_PhLAM/NO_HOPG/data/aimd_nspin_irene_0625_100traj/continue.vaspdata.Ei.0.1.Ts.100.NO.rand.zpe/vasprun-71.xml,835,1,8016891
/Volumes/LaCie/postdoc_PhLAM/NO_HOPG/data/aimd_nspin_irene_0625_100traj/continue.vaspdata.Ei.0.1.Ts.100.NO.rand.zpe/vasprun-71.xml,836,1,8016989
/Volumes/LaCie/postdoc_PhLAM/NO_HOPG/data/aimd_nspin_irene_0625_100traj/continue.vaspdata.Ei.0.1.Ts.100.NO.rand.zpe/vasprun-71.xml,837,1,8017087
/Volumes/LaCie/postdoc_PhLAM/NO_HOPG/data/aimd_nspin_irene_0625_100traj/continue.vaspdata.Ei.0.1.Ts.100.NO.rand.zpe/vasprun-71.xml,838,1,8017185
/Volumes/LaCie/postdoc_PhLAM/NO_HOPG/data/aimd_nspin_irene_0625_100traj/continue.vaspdata.Ei.0.1.Ts.100.NO.rand.zpe/vasprun-71.xml,839,1,8017283
/Volumes/LaCie/postdoc_PhLAM/NO_HOPG/data/aimd_nspin_irene_0625_100traj/continue.vaspdata.Ei.0.1.Ts.100.NO.rand.zpe/vasprun-71.xml,840,1,8017381
/Volumes/LaCie/postdoc_PhLAM/NO_HOPG/data/aimd_nspin_irene_0625_100traj/continue.vaspdata.Ei.0.1.Ts.100.NO.rand.zpe/vasprun-71.xml,841,1,8017479
/Volumes/LaCie/postdoc_PhLAM/NO_HOPG/data/aimd_nspin_irene_0625_100traj/continue.vaspdata.Ei.0.1.Ts.100.NO.rand.zpe/vasprun-71.xml,842,1,8017577
/Volumes/LaCie/postdoc_PhLAM/NO_HOPG/data/aimd_nspin_irene_0625_100traj/continue.vaspdata.Ei.0.1.Ts.100.NO.rand.zpe/vasprun-71.xml,843,1,8017675
/Volumes/LaCie/postdoc_PhLAM/NO_HOPG/data/aimd_nspin_irene_0625_100traj/continue.vaspdata.Ei.0.1.Ts.100.NO.rand.zpe/vasprun-71.xml,844,1,8017773
/Volumes/LaCie/postdoc_PhLAM/NO_HOPG/data/aimd_nspin_irene_0625_100traj/continue.vaspdata.Ei.0.1.Ts.100.NO.rand.zpe/vasprun-71.xml,845,1,8017871
/Volumes/LaCie/postdoc_PhLAM/NO_HOPG/data/aimd_nspin_irene_0625_100traj/continue.vaspdata.Ei.0.1.Ts.100.NO.rand.zpe/vasprun-71.xml,846,1,8017969
/Volumes/LaCie/postdoc_PhLAM/NO_HOPG/data/aimd_nspin_irene_0625_100traj/continue.vaspdata.Ei.0.1.Ts.100.NO.rand.zpe/vasprun-71.xml,847,1,8018067
/Volumes/LaCie/postdoc_PhLAM/NO_HOPG/data/aimd_nspin_irene_0625_100traj/continue.vaspdata.Ei.0.1.Ts.100.NO.rand.zpe/vasprun-71.xml,848,1,8018165
/Volumes/LaCie/postdoc_PhLAM/NO_HOPG/data/aimd_nspin_irene_0625_100traj/continue.vaspdata.Ei.0.1.Ts.100.NO.rand.zpe/vasprun-71.xml,849,1,8018263
/Volumes/LaCie/postdoc_PhLAM/NO_HOPG/data/aimd_nspin_irene_0625_100traj/continue.vaspdata.Ei.0.1.Ts.100.NO.rand.zpe/vasprun-71.xml,850,1,8018361
/Volumes/LaCie/postdoc_PhLAM/NO_HOPG/data/aimd_nspin_irene_0625_100traj/continue.vaspdata.Ei.0.1.Ts.100.NO.rand.zpe/vasprun-71.xml,851,1,8018459
/Volumes/LaCie/postdoc_PhLAM/NO_HOPG/data/aimd_nspin_irene_0625_100traj/continue.vaspdata.Ei.0.1.Ts.100.NO.rand.zpe/vasprun-71.xml,852,1,8018557
/Volumes/LaCie/postdoc_PhLAM/NO_HOPG/data/aimd_nspin_irene_0625_100traj/continue.vaspdata.Ei.0.1.Ts.100.NO.rand.zpe/vasprun-71.xml,853,1,8018655
/Volumes/LaCie/postdoc_PhLAM/NO_HOPG/data/aimd_nspin_irene_0625_100traj/continue.vaspdata.Ei.0.1.Ts.100.NO.rand.zpe/vasprun-71.xml,854,1,8018753
/Volumes/LaCie/postdoc_PhLAM/NO_HOPG/data/aimd_nspin_irene_0625_100traj/continue.vaspdata.Ei.0.1.Ts.100.NO.rand.zpe/vasprun-71.xml,855,1,8018851
/Volumes/LaCie/postdoc_PhLAM/NO_HOPG/data/aimd_nspin_irene_0625_100traj/continue.vaspdata.Ei.0.1.Ts.100.NO.rand.zpe/vasprun-71.xml,856,1,8018949
/Volumes/LaCie/postdoc_PhLAM/NO_HOPG/data/aimd_nspin_irene_0625_100traj/continue.vaspdata.Ei.0.1.Ts.100.NO.rand.zpe/vasprun-71.xml,857,1,8019047
/Volumes/LaCie/postdoc_PhLAM/NO_HOPG/data/aimd_nspin_irene_0625_100traj/continue.vaspdata.Ei.0.1.Ts.100.NO.rand.zpe/vasprun-71.xml,858,1,8019145
/Volumes/LaCie/postdoc_PhLAM/NO_HOPG/data/aimd_nspin_irene_0625_100traj/continue.vaspdata.Ei.0.1.Ts.100.NO.rand.zpe/vasprun-71.xml,859,1,8019243
/Volumes/LaCie/postdoc_PhLAM/NO_HOPG/data/aimd_nspin_irene_0625_100traj/continue.vaspdata.Ei.0.1.Ts.100.NO.rand.zpe/vasprun-72.xml,332,1,8112637
/Volumes/LaCie/postdoc_PhLAM/NO_HOPG/data/aimd_nspin_irene_0625_100traj/continue.vaspdata.Ei.0.1.Ts.100.NO.rand.zpe/vasprun-72.xml,342,1,8113617
/Volumes/LaCie/postdoc_PhLAM/NO_HOPG/data/aimd_nspin_irene_0625_100traj/continue.vaspdata.Ei.0.1.Ts.100.NO.rand.zpe/vasprun-72.xml,343,1,8113715
/Volumes/LaCie/postdoc_PhLAM/NO_HOPG/data/aimd_nspin_irene_0625_100traj/continue.vaspdata.Ei.0.1.Ts.100.NO.rand.zpe/vasprun-72.xml,344,1,8113813
/Volumes/LaCie/postdoc_PhLAM/NO_HOPG/data/aimd_nspin_irene_0625_100traj/continue.vaspdata.Ei.0.1.Ts.100.NO.rand.zpe/vasprun-72.xml,345,1,8113911
/Volumes/LaCie/postdoc_PhLAM/NO_HOPG/data/aimd_nspin_irene_0625_100traj/continue.vaspdata.Ei.0.1.Ts.100.NO.rand.zpe/vasprun-72.xml,346,1,8114009
/Volumes/LaCie/postdoc_PhLAM/NO_HOPG/data/aimd_nspin_irene_0625_100traj/continue.vaspdata.Ei.0.1.Ts.100.NO.rand.zpe/vasprun-72.xml,347,1,8114107
/Volumes/LaCie/postdoc_PhLAM/NO_HOPG/data/aimd_nspin_irene_0625_100traj/continue.vaspdata.Ei.0.1.Ts.100.NO.rand.zpe/vasprun-72.xml,348,1,8114205
/Volumes/LaCie/postdoc_PhLAM/NO_HOPG/data/aimd_nspin_irene_0625_100traj/continue.vaspdata.Ei.0.1.Ts.100.NO.rand.zpe/vasprun-72.xml,349,1,8114303
/Volumes/LaCie/postdoc_PhLAM/NO_HOPG/data/aimd_nspin_irene_0625_100traj/continue.vaspdata.Ei.0.1.Ts.100.NO.rand.zpe/vasprun-72.xml,350,1,8114401
/Volumes/LaCie/postdoc_PhLAM/NO_HOPG/data/aimd_nspin_irene_0625_100traj/continue.vaspdata.Ei.0.1.Ts.100.NO.rand.zpe/vasprun-72.xml,351,1,8114499
/Volumes/LaCie/postdoc_PhLAM/NO_HOPG/data/aimd_nspin_irene_0625_100traj/continue.vaspdata.Ei.0.1.Ts.100.NO.rand.zpe/vasprun-72.xml,352,1,8114597
/Volumes/LaCie/postdoc_PhLAM/NO_HOPG/data/aimd_nspin_irene_0625_100traj/continue.vaspdata.Ei.0.1.Ts.100.NO.rand.zpe/vasprun-73.xml,494,0,8287762
/Volumes/LaCie/postdoc_PhLAM/NO_HOPG/data/aimd_nspin_irene_0625_100traj/continue.vaspdata.Ei.0.1.Ts.100.NO.rand.zpe/vasprun-73.xml,495,0,8287860
/Volumes/LaCie/postdoc_PhLAM/NO_HOPG/data/aimd_nspin_irene_0625_100traj/continue.vaspdata.Ei.0.1.Ts.100.NO.rand.zpe/vasprun-73.xml,496,0,8287958
/Volumes/LaCie/postdoc_PhLAM/NO_HOPG/data/aimd_nspin_irene_0625_100traj/continue.vaspdata.Ei.0.1.Ts.100.NO.rand.zpe/vasprun-73.xml,497,0,8288056
/Volumes/LaCie/postdoc_PhLAM/NO_HOPG/data/aimd_nspin_irene_0625_100traj/continue.vaspdata.Ei.0.1.Ts.100.NO.rand.zpe/vasprun-73.xml,498,0,8288154
/Volumes/LaCie/postdoc_PhLAM/NO_HOPG/data/aimd_nspin_irene_0625_100traj/continue.vaspdata.Ei.0.1.Ts.100.NO.rand.zpe/vasprun-73.xml,499,0,8288252
/Volumes/LaCie/postdoc_PhLAM/NO_HOPG/data/aimd_nspin_irene_0625_100traj/continue.vaspdata.Ei.0.1.Ts.100.NO.rand.zpe/vasprun-73.xml,500,0,8288350
/Volumes/LaCie/postdoc_PhLAM/NO_HOPG/data/aimd_nspin_irene_0625_100traj/continue.vaspdata.Ei.0.1.Ts.100.NO.rand.zpe/vasprun-73.xml,501,0,8288448
/Volumes/LaCie/postdoc_PhLAM/NO_HOPG/data/aimd_nspin_irene_0625_100traj/continue.vaspdata.Ei.0.1.Ts.100.NO.rand.zpe/vasprun-73.xml,502,0,8288546
/Volumes/LaCie/postdoc_PhLAM/NO_HOPG/data/aimd_nspin_irene_0625_100traj/continue.vaspdata.Ei.0.1.Ts.100.NO.rand.zpe/vasprun-73.xml,503,0,8288644
/Volumes/LaCie/postdoc_PhLAM/NO_HOPG/data/aimd_nspin_irene_0625_100traj/continue.vaspdata.Ei.0.1.Ts.100.NO.rand.zpe/vasprun-73.xml,504,0,8288742
/Volumes/LaCie/postdoc_PhLAM/NO_HOPG/data/aimd_nspin_irene_0625_100traj/continue.vaspdata.Ei.0.1.Ts.100.NO.rand.zpe/vasprun-73.xml,505,0,8288840
/Volumes/LaCie/postdoc_PhLAM/NO_HOPG/data/aimd_nspin_irene_0625_100traj/continue.vaspdata.Ei.0.1.Ts.100.NO.rand.zpe/vasprun-73.xml,506,0,8288938
/Volumes/LaCie/postdoc_PhLAM/NO_HOPG/data/aimd_nspin_irene_0625_100traj/continue.vaspdata.Ei.0.1.Ts.100.NO.rand.zpe/vasprun-73.xml,507,0,8289036
/Volumes/LaCie/postdoc_PhLAM/NO_HOPG/data/aimd_nspin_irene_0625_100traj/continue.vaspdata.Ei.0.1.Ts.100.NO.rand.zpe/vasprun-73.xml,508,0,8289134
/Volumes/LaCie/postdoc_PhLAM/NO_HOPG/data/aimd_nspin_irene_0625_100traj/continue.vaspdata.Ei.0.1.Ts.100.NO.rand.zpe/vasprun-73.xml,509,0,8289232
/Volumes/LaCie/postdoc_PhLAM/NO_HOPG/data/aimd_nspin_irene_0625_100traj/continue.vaspdata.Ei.0.1.Ts.100.NO.rand.zpe/vasprun-73.xml,510,0,8289330
/Volumes/LaCie/postdoc_PhLAM/NO_HOPG/data/aimd_nspin_irene_0625_100traj/continue.vaspdata.Ei.0.1.Ts.100.NO.rand.zpe/vasprun-73.xml,511,0,8289428
/Volumes/LaCie/postdoc_PhLAM/NO_HOPG/data/aimd_nspin_irene_0625_100traj/continue.vaspdata.Ei.0.1.Ts.100.NO.rand.zpe/vasprun-73.xml,512,0,8289526
/Volumes/LaCie/postdoc_PhLAM/NO_HOPG/data/aimd_nspin_irene_0625_100traj/continue.vaspdata.Ei.0.1.Ts.100.NO.rand.zpe/vasprun-73.xml,513,0,8289624
/Volumes/LaCie/postdoc_PhLAM/NO_HOPG/data/aimd_nspin_irene_0625_100traj/continue.vaspdata.Ei.0.1.Ts.100.NO.rand.zpe/vasprun-73.xml,514,0,8289722
/Volumes/LaCie/postdoc_PhLAM/NO_HOPG/data/aimd_nspin_irene_0625_100traj/continue.vaspdata.Ei.0.1.Ts.100.NO.rand.zpe/vasprun-73.xml,515,0,8289820
/Volumes/LaCie/postdoc_PhLAM/NO_HOPG/data/aimd_nspin_irene_0625_100traj/continue.vaspdata.Ei.0.1.Ts.100.NO.rand.zpe/vasprun-73.xml,516,0,8289918
/Volumes/LaCie/postdoc_PhLAM/NO_HOPG/data/aimd_nspin_irene_0625_100traj/continue.vaspdata.Ei.0.1.Ts.100.NO.rand.zpe/vasprun-73.xml,517,0,8290016
/Volumes/LaCie/postdoc_PhLAM/NO_HOPG/data/aimd_nspin_irene_0625_100traj/continue.vaspdata.Ei.0.1.Ts.100.NO.rand.zpe/vasprun-73.xml,518,0,8290114
/Volumes/LaCie/postdoc_PhLAM/NO_HOPG/data/aimd_nspin_irene_0625_100traj/continue.vaspdata.Ei.0.1.Ts.100.NO.rand.zpe/vasprun-73.xml,519,0,8290212
/Volumes/LaCie/postdoc_PhLAM/NO_HOPG/data/aimd_nspin_irene_0625_100traj/continue.vaspdata.Ei.0.1.Ts.100.NO.rand.zpe/vasprun-73.xml,520,0,8290310
/Volumes/LaCie/postdoc_PhLAM/NO_HOPG/data/aimd_nspin_irene_0625_100traj/continue.vaspdata.Ei.0.1.Ts.100.NO.rand.zpe/vasprun-73.xml,521,0,8290408
/Volumes/LaCie/postdoc_PhLAM/NO_HOPG/data/aimd_nspin_irene_0625_100traj/continue.vaspdata.Ei.0.1.Ts.100.NO.rand.zpe/vasprun-73.xml,522,0,8290506
/Volumes/LaCie/postdoc_PhLAM/NO_HOPG/data/aimd_nspin_irene_0625_100traj/continue.vaspdata.Ei.0.1.Ts.100.NO.rand.zpe/vasprun-73.xml,523,0,8290604
/Volumes/LaCie/postdoc_PhLAM/NO_HOPG/data/aimd_nspin_irene_0625_100traj/continue.vaspdata.Ei.0.1.Ts.100.NO.rand.zpe/vasprun-73.xml,524,0,8290702
/Volumes/LaCie/postdoc_PhLAM/NO_HOPG/data/aimd_nspin_irene_0625_100traj/continue.vaspdata.Ei.0.1.Ts.100.NO.rand.zpe/vasprun-73.xml,525,0,8290800
/Volumes/LaCie/postdoc_PhLAM/NO_HOPG/data/aimd_nspin_irene_0625_100traj/continue.vaspdata.Ei.0.1.Ts.100.NO.rand.zpe/vasprun-73.xml,526,0,8290898
/Volumes/LaCie/postdoc_PhLAM/NO_HOPG/data/aimd_nspin_irene_0625_100traj/continue.vaspdata.Ei.0.1.Ts.100.NO.rand.zpe/vasprun-73.xml,527,0,8290996
/Volumes/LaCie/postdoc_PhLAM/NO_HOPG/data/aimd_nspin_irene_0625_100traj/continue.vaspdata.Ei.0.1.Ts.100.NO.rand.zpe/vasprun-73.xml,528,0,8291094
/Volumes/LaCie/postdoc_PhLAM/NO_HOPG/data/aimd_nspin_irene_0625_100traj/continue.vaspdata.Ei.0.1.Ts.100.NO.rand.zpe/vasprun-73.xml,529,0,8291192
/Volumes/LaCie/postdoc_PhLAM/NO_HOPG/data/aimd_nspin_irene_0625_100traj/continue.vaspdata.Ei.0.1.Ts.100.NO.rand.zpe/vasprun-73.xml,530,0,8291290
/Volumes/LaCie/postdoc_PhLAM/NO_HOPG/data/aimd_nspin_irene_0625_100traj/continue.vaspdata.Ei.0.1.Ts.100.NO.rand.zpe/vasprun-73.xml,531,0,8291388
/Volumes/LaCie/postdoc_PhLAM/NO_HOPG/data/aimd_nspin_irene_0625_100traj/continue.vaspdata.Ei.0.1.Ts.100.NO.rand.zpe/vasprun-73.xml,532,0,8291486
/Volumes/LaCie/postdoc_PhLAM/NO_HOPG/data/aimd_nspin_irene_0625_100traj/continue.vaspdata.Ei.0.1.Ts.100.NO.rand.zpe/vasprun-73.xml,533,0,8291584
/Volumes/LaCie/postdoc_PhLAM/NO_HOPG/data/aimd_nspin_irene_0625_100traj/continue.vaspdata.Ei.0.1.Ts.100.NO.rand.zpe/vasprun-73.xml,534,0,8291682
/Volumes/LaCie/postdoc_PhLAM/NO_HOPG/data/aimd_nspin_irene_0625_100traj/continue.vaspdata.Ei.0.1.Ts.100.NO.rand.zpe/vasprun-73.xml,535,0,8291780
/Volumes/LaCie/postdoc_PhLAM/NO_HOPG/data/aimd_nspin_irene_0625_100traj/continue.vaspdata.Ei.0.1.Ts.100.NO.rand.zpe/vasprun-73.xml,536,0,8291878
/Volumes/LaCie/postdoc_PhLAM/NO_HOPG/data/aimd_nspin_irene_0625_100traj/continue.vaspdata.Ei.0.1.Ts.100.NO.rand.zpe/vasprun-73.xml,537,0,8291976
/Volumes/LaCie/postdoc_PhLAM/NO_HOPG/data/aimd_nspin_irene_0625_100traj/continue.vaspdata.Ei.0.1.Ts.100.NO.rand.zpe/vasprun-73.xml,538,0,8292074
/Volumes/LaCie/postdoc_PhLAM/NO_HOPG/data/aimd_nspin_irene_0625_100traj/continue.vaspdata.Ei.0.1.Ts.100.NO.rand.zpe/vasprun-73.xml,539,0,8292172
/Volumes/LaCie/postdoc_PhLAM/NO_HOPG/data/aimd_nspin_irene_0625_100traj/continue.vaspdata.Ei.0.1.Ts.100.NO.rand.zpe/vasprun-73.xml,540,0,8292270
/Volumes/LaCie/postdoc_PhLAM/NO_HOPG/data/aimd_nspin_irene_0625_100traj/continue.vaspdata.Ei.0.1.Ts.100.NO.rand.zpe/vasprun-73.xml,541,0,8292368
/Volumes/LaCie/postdoc_PhLAM/NO_HOPG/data/aimd_nspin_irene_0625_100traj/continue.vaspdata.Ei.0.1.Ts.100.NO.rand.zpe/vasprun-73.xml,542,0,8292466
/Volumes/LaCie/postdoc_PhLAM/NO_HOPG/data/aimd_nspin_irene_0625_100traj/continue.vaspdata.Ei.0.1.Ts.100.NO.rand.zpe/vasprun-73.xml,543,0,8292564
/Volumes/LaCie/postdoc_PhLAM/NO_HOPG/data/aimd_nspin_irene_0625_100traj/continue.vaspdata.Ei.0.1.Ts.100.NO.rand.zpe/vasprun-73.xml,544,0,8292662
/Volumes/LaCie/postdoc_PhLAM/NO_HOPG/data/aimd_nspin_irene_0625_100traj/continue.vaspdata.Ei.0.1.Ts.100.NO.rand.zpe/vasprun-73.xml,545,0,8292760
/Volumes/LaCie/postdoc_PhLAM/NO_HOPG/data/aimd_nspin_irene_0625_100traj/continue.vaspdata.Ei.0.1.Ts.100.NO.rand.zpe/vasprun-73.xml,546,0,8292858
/Volumes/LaCie/postdoc_PhLAM/NO_HOPG/data/aimd_nspin_irene_0625_100traj/continue.vaspdata.Ei.0.1.Ts.100.NO.rand.zpe/vasprun-73.xml,547,0,8292956
/Volumes/LaCie/postdoc_PhLAM/NO_HOPG/data/aimd_nspin_irene_0625_100traj/continue.vaspdata.Ei.0.1.Ts.100.NO.rand.zpe/vasprun-73.xml,548,0,8293054
/Volumes/LaCie/postdoc_PhLAM/NO_HOPG/data/aimd_nspin_irene_0625_100traj/continue.vaspdata.Ei.0.1.Ts.100.NO.rand.zpe/vasprun-73.xml,549,0,8293152
/Volumes/LaCie/postdoc_PhLAM/NO_HOPG/data/aimd_nspin_irene_0625_100traj/continue.vaspdata.Ei.0.1.Ts.100.NO.rand.zpe/vasprun-73.xml,550,0,8293250
/Volumes/LaCie/postdoc_PhLAM/NO_HOPG/data/aimd_nspin_irene_0625_100traj/continue.vaspdata.Ei.0.1.Ts.100.NO.rand.zpe/vasprun-73.xml,551,0,8293348
/Volumes/LaCie/postdoc_PhLAM/NO_HOPG/data/aimd_nspin_irene_0625_100traj/continue.vaspdata.Ei.0.1.Ts.100.NO.rand.zpe/vasprun-73.xml,552,0,8293446
/Volumes/LaCie/postdoc_PhLAM/NO_HOPG/data/aimd_nspin_irene_0625_100traj/continue.vaspdata.Ei.0.1.Ts.100.NO.rand.zpe/vasprun-73.xml,553,0,8293544
/Volumes/LaCie/postdoc_PhLAM/NO_HOPG/data/aimd_nspin_irene_0625_100traj/continue.vaspdata.Ei.0.1.Ts.100.NO.rand.zpe/vasprun-73.xml,554,0,8293642
/Volumes/LaCie/postdoc_PhLAM/NO_HOPG/data/aimd_nspin_irene_0625_100traj/continue.vaspdata.Ei.0.1.Ts.100.NO.rand.zpe/vasprun-76.xml,1453,0,8685348
/Volumes/LaCie/postdoc_PhLAM/NO_HOPG/data/aimd_nspin_irene_0625_100traj/continue.vaspdata.Ei.0.1.Ts.100.NO.rand.zpe/vasprun-76.xml,1454,0,8685446
/Volumes/LaCie/postdoc_PhLAM/NO_HOPG/data/aimd_nspin_irene_0625_100traj/continue.vaspdata.Ei.0.1.Ts.100.NO.rand.zpe/vasprun-76.xml,1455,0,8685544
/Volumes/LaCie/postdoc_PhLAM/NO_HOPG/data/aimd_nspin_irene_0625_100traj/continue.vaspdata.Ei.0.1.Ts.100.NO.rand.zpe/vasprun-76.xml,1456,0,8685642
/Volumes/LaCie/postdoc_PhLAM/NO_HOPG/data/aimd_nspin_irene_0625_100traj/continue.vaspdata.Ei.0.1.Ts.100.NO.rand.zpe/vasprun-76.xml,1457,0,8685740
/Volumes/LaCie/postdoc_PhLAM/NO_HOPG/data/aimd_nspin_irene_0625_100traj/continue.vaspdata.Ei.0.1.Ts.100.NO.rand.zpe/vasprun-76.xml,1458,0,8685838
/Volumes/LaCie/postdoc_PhLAM/NO_HOPG/data/aimd_nspin_irene_0625_100traj/continue.vaspdata.Ei.0.1.Ts.100.NO.rand.zpe/vasprun-76.xml,1459,0,8685936
/Volumes/LaCie/postdoc_PhLAM/NO_HOPG/data/aimd_nspin_irene_0625_100traj/continue.vaspdata.Ei.0.1.Ts.100.NO.rand.zpe/vasprun-76.xml,1460,0,8686034
/Volumes/LaCie/postdoc_PhLAM/NO_HOPG/data/aimd_nspin_irene_0625_100traj/continue.vaspdata.Ei.0.1.Ts.100.NO.rand.zpe/vasprun-76.xml,1461,0,8686132
/Volumes/LaCie/postdoc_PhLAM/NO_HOPG/data/aimd_nspin_irene_0625_100traj/continue.vaspdata.Ei.0.1.Ts.100.NO.rand.zpe/vasprun-76.xml,1462,0,8686230
/Volumes/LaCie/postdoc_PhLAM/NO_HOPG/data/aimd_nspin_irene_0625_100traj/continue.vaspdata.Ei.0.1.Ts.100.NO.rand.zpe/vasprun-76.xml,1463,0,8686328
/Volumes/LaCie/postdoc_PhLAM/NO_HOPG/data/aimd_nspin_irene_0625_100traj/continue.vaspdata.Ei.0.1.Ts.100.NO.rand.zpe/vasprun-76.xml,1464,0,8686426
/Volumes/LaCie/postdoc_PhLAM/NO_HOPG/data/aimd_nspin_irene_0625_100traj/continue.vaspdata.Ei.0.1.Ts.100.NO.rand.zpe/vasprun-76.xml,1465,0,8686524
/Volumes/LaCie/postdoc_PhLAM/NO_HOPG/data/aimd_nspin_irene_0625_100traj/continue.vaspdata.Ei.0.1.Ts.100.NO.rand.zpe/vasprun-76.xml,1466,0,8686622
/Volumes/LaCie/postdoc_PhLAM/NO_HOPG/data/aimd_nspin_irene_0625_100traj/continue.vaspdata.Ei.0.1.Ts.100.NO.rand.zpe/vasprun-76.xml,1467,0,8686720
/Volumes/LaCie/postdoc_PhLAM/NO_HOPG/data/aimd_nspin_irene_0625_100traj/continue.vaspdata.Ei.0.1.Ts.100.NO.rand.zpe/vasprun-76.xml,1468,0,8686818
/Volumes/LaCie/postdoc_PhLAM/NO_HOPG/data/aimd_nspin_irene_0625_100traj/continue.vaspdata.Ei.0.1.Ts.100.NO.rand.zpe/vasprun-76.xml,1469,0,8686916
/Volumes/LaCie/postdoc_PhLAM/NO_HOPG/data/aimd_nspin_irene_0625_100traj/continue.vaspdata.Ei.0.1.Ts.100.NO.rand.zpe/vasprun-76.xml,1470,0,8687014
/Volumes/LaCie/postdoc_PhLAM/NO_HOPG/data/aimd_nspin_irene_0625_100traj/continue.vaspdata.Ei.0.1.Ts.100.NO.rand.zpe/vasprun-76.xml,1471,0,8687112
/Volumes/LaCie/postdoc_PhLAM/NO_HOPG/data/aimd_nspin_irene_0625_100traj/continue.vaspdata.Ei.0.1.Ts.100.NO.rand.zpe/vasprun-76.xml,1472,0,8687210
/Volumes/LaCie/postdoc_PhLAM/NO_HOPG/data/aimd_nspin_irene_0625_100traj/continue.vaspdata.Ei.0.1.Ts.100.NO.rand.zpe/vasprun-76.xml,1473,0,8687308
/Volumes/LaCie/postdoc_PhLAM/NO_HOPG/data/aimd_nspin_irene_0625_100traj/continue.vaspdata.Ei.0.1.Ts.100.NO.rand.zpe/vasprun-76.xml,1474,0,8687406
/Volumes/LaCie/postdoc_PhLAM/NO_HOPG/data/aimd_nspin_irene_0625_100traj/continue.vaspdata.Ei.0.1.Ts.100.NO.rand.zpe/vasprun-76.xml,1475,0,8687504
/Volumes/LaCie/postdoc_PhLAM/NO_HOPG/data/aimd_nspin_irene_0625_100traj/continue.vaspdata.Ei.0.1.Ts.100.NO.rand.zpe/vasprun-76.xml,1476,0,8687602
/Volumes/LaCie/postdoc_PhLAM/NO_HOPG/data/aimd_nspin_irene_0625_100traj/continue.vaspdata.Ei.0.1.Ts.100.NO.rand.zpe/vasprun-76.xml,1477,0,8687700
/Volumes/LaCie/postdoc_PhLAM/NO_HOPG/data/aimd_nspin_irene_0625_100traj/continue.vaspdata.Ei.0.1.Ts.100.NO.rand.zpe/vasprun-76.xml,1478,0,8687798
/Volumes/LaCie/postdoc_PhLAM/NO_HOPG/data/aimd_nspin_irene_0625_100traj/continue.vaspdata.Ei.0.1.Ts.100.NO.rand.zpe/vasprun-76.xml,1479,0,8687896
/Volumes/LaCie/postdoc_PhLAM/NO_HOPG/data/aimd_nspin_irene_0625_100traj/continue.vaspdata.Ei.0.1.Ts.100.NO.rand.zpe/vasprun-76.xml,1480,0,8687994
/Volumes/LaCie/postdoc_PhLAM/NO_HOPG/data/aimd_nspin_irene_0625_100traj/continue.vaspdata.Ei.0.1.Ts.100.NO.rand.zpe/vasprun-76.xml,1481,0,8688092
/Volumes/LaCie/postdoc_PhLAM/NO_HOPG/data/aimd_nspin_irene_0625_100traj/continue.vaspdata.Ei.0.1.Ts.100.NO.rand.zpe/vasprun-76.xml,1482,0,8688190
/Volumes/LaCie/postdoc_PhLAM/NO_HOPG/data/aimd_nspin_irene_0625_100traj/continue.vaspdata.Ei.0.1.Ts.100.NO.rand.zpe/vasprun-76.xml,1483,0,8688288
/Volumes/LaCie/postdoc_PhLAM/NO_HOPG/data/aimd_nspin_irene_0625_100traj/continue.vaspdata.Ei.0.1.Ts.100.NO.rand.zpe/vasprun-76.xml,1487,0,8688680
/Volumes/LaCie/postdoc_PhLAM/NO_HOPG/data/aimd_nspin_irene_0625_100traj/continue.vaspdata.Ei.0.1.Ts.100.NO.rand.zpe/vasprun-76.xml,1488,0,8688778
/Volumes/LaCie/postdoc_PhLAM/NO_HOPG/data/aimd_nspin_irene_0625_100traj/continue.vaspdata.Ei.0.1.Ts.100.NO.rand.zpe/vasprun-76.xml,1489,0,8688876
/Volumes/LaCie/postdoc_PhLAM/NO_HOPG/data/aimd_nspin_irene_0625_100traj/continue.vaspdata.Ei.0.1.Ts.100.NO.rand.zpe/vasprun-76.xml,1490,0,8688974
/Volumes/LaCie/postdoc_PhLAM/NO_HOPG/data/aimd_nspin_irene_0625_100traj/continue.vaspdata.Ei.0.1.Ts.100.NO.rand.zpe/vasprun-76.xml,1491,0,8689072
/Volumes/LaCie/postdoc_PhLAM/NO_HOPG/data/aimd_nspin_irene_0625_100traj/continue.vaspdata.Ei.0.1.Ts.100.NO.rand.zpe/vasprun-76.xml,1492,0,8689170
/Volumes/LaCie/postdoc_PhLAM/NO_HOPG/data/aimd_nspin_irene_0625_100traj/continue.vaspdata.Ei.0.1.Ts.100.NO.rand.zpe/vasprun-76.xml,1493,0,8689268
/Volumes/LaCie/postdoc_PhLAM/NO_HOPG/data/aimd_nspin_irene_0625_100traj/continue.vaspdata.Ei.0.1.Ts.100.NO.rand.zpe/vasprun-76.xml,1494,0,8689366
/Volumes/LaCie/postdoc_PhLAM/NO_HOPG/data/aimd_nspin_irene_0625_100traj/continue.vaspdata.Ei.0.1.Ts.100.NO.rand.zpe/vasprun-76.xml,1495,0,8689464
/Volumes/LaCie/postdoc_PhLAM/NO_HOPG/data/aimd_nspin_irene_0625_100traj/continue.vaspdata.Ei.0.1.Ts.100.NO.rand.zpe/vasprun-78.xml,1553,1,9005025
/Volumes/LaCie/postdoc_PhLAM/NO_HOPG/data/aimd_nspin_irene_0625_100traj/continue.vaspdata.Ei.0.1.Ts.100.NO.rand.zpe/vasprun-78.xml,1554,1,9005123
/Volumes/LaCie/postdoc_PhLAM/NO_HOPG/data/aimd_nspin_irene_0625_100traj/continue.vaspdata.Ei.0.1.Ts.100.NO.rand.zpe/vasprun-78.xml,1555,1,9005221
/Volumes/LaCie/postdoc_PhLAM/NO_HOPG/data/aimd_nspin_irene_0625_100traj/continue.vaspdata.Ei.0.1.Ts.100.NO.rand.zpe/vasprun-78.xml,1556,1,9005319
/Volumes/LaCie/postdoc_PhLAM/NO_HOPG/data/aimd_nspin_irene_0625_100traj/continue.vaspdata.Ei.0.1.Ts.100.NO.rand.zpe/vasprun-78.xml,1557,1,9005417
/Volumes/LaCie/postdoc_PhLAM/NO_HOPG/data/aimd_nspin_irene_0625_100traj/continue.vaspdata.Ei.0.1.Ts.100.NO.rand.zpe/vasprun-78.xml,1558,1,9005515
/Volumes/LaCie/postdoc_PhLAM/NO_HOPG/data/aimd_nspin_irene_0625_100traj/continue.vaspdata.Ei.0.1.Ts.100.NO.rand.zpe/vasprun-78.xml,1559,1,9005613
/Volumes/LaCie/postdoc_PhLAM/NO_HOPG/data/aimd_nspin_irene_0625_100traj/continue.vaspdata.Ei.0.1.Ts.100.NO.rand.zpe/vasprun-78.xml,1560,1,9005711
/Volumes/LaCie/postdoc_PhLAM/NO_HOPG/data/aimd_nspin_irene_0625_100traj/continue.vaspdata.Ei.0.1.Ts.100.NO.rand.zpe/vasprun-78.xml,1561,1,9005809
/Volumes/LaCie/postdoc_PhLAM/NO_HOPG/data/aimd_nspin_irene_0625_100traj/continue.vaspdata.Ei.0.1.Ts.100.NO.rand.zpe/vasprun-78.xml,1562,1,9005907
/Volumes/LaCie/postdoc_PhLAM/NO_HOPG/data/aimd_nspin_irene_0625_100traj/continue.vaspdata.Ei.0.1.Ts.100.NO.rand.zpe/vasprun-78.xml,1563,1,9006005
/Volumes/LaCie/postdoc_PhLAM/NO_HOPG/data/aimd_nspin_irene_0625_100traj/continue.vaspdata.Ei.0.1.Ts.100.NO.rand.zpe/vasprun-78.xml,1564,1,9006103
/Volumes/LaCie/postdoc_PhLAM/NO_HOPG/data/aimd_nspin_irene_0625_100traj/continue.vaspdata.Ei.0.1.Ts.100.NO.rand.zpe/vasprun-78.xml,1565,1,9006201
/Volumes/LaCie/postdoc_PhLAM/NO_HOPG/data/aimd_nspin_irene_0625_100traj/continue.vaspdata.Ei.0.1.Ts.100.NO.rand.zpe/vasprun-78.xml,1566,1,9006299
/Volumes/LaCie/postdoc_PhLAM/NO_HOPG/data/aimd_nspin_irene_0625_100traj/continue.vaspdata.Ei.0.1.Ts.100.NO.rand.zpe/vasprun-78.xml,1567,1,9006397
/Volumes/LaCie/postdoc_PhLAM/NO_HOPG/data/aimd_nspin_irene_0625_100traj/continue.vaspdata.Ei.0.1.Ts.100.NO.rand.zpe/vasprun-78.xml,1568,1,9006495
/Volumes/LaCie/postdoc_PhLAM/NO_HOPG/data/aimd_nspin_irene_0625_100traj/continue.vaspdata.Ei.0.1.Ts.100.NO.rand.zpe/vasprun-8.xml,787,0,9118704
/Volumes/LaCie/postdoc_PhLAM/NO_HOPG/data/aimd_nspin_irene_0625_100traj/continue.vaspdata.Ei.0.1.Ts.100.NO.rand.zpe/vasprun-8.xml,788,0,9118802
/Volumes/LaCie/postdoc_PhLAM/NO_HOPG/data/aimd_nspin_irene_0625_100traj/continue.vaspdata.Ei.0.1.Ts.100.NO.rand.zpe/vasprun-8.xml,789,0,9118900
/Volumes/LaCie/postdoc_PhLAM/NO_HOPG/data/aimd_nspin_irene_0625_100traj/continue.vaspdata.Ei.0.1.Ts.100.NO.rand.zpe/vasprun-8.xml,790,0,9118998
/Volumes/LaCie/postdoc_PhLAM/NO_HOPG/data/aimd_nspin_irene_0625_100traj/continue.vaspdata.Ei.0.1.Ts.100.NO.rand.zpe/vasprun-8.xml,791,0,9119096
/Volumes/LaCie/postdoc_PhLAM/NO_HOPG/data/aimd_nspin_irene_0625_100traj/continue.vaspdata.Ei.0.1.Ts.100.NO.rand.zpe/vasprun-8.xml,792,0,9119194
/Volumes/LaCie/postdoc_PhLAM/NO_HOPG/data/aimd_nspin_irene_0625_100traj/continue.vaspdata.Ei.0.1.Ts.100.NO.rand.zpe/vasprun-8.xml,793,0,9119292
/Volumes/LaCie/postdoc_PhLAM/NO_HOPG/data/aimd_nspin_irene_0625_100traj/continue.vaspdata.Ei.0.1.Ts.100.NO.rand.zpe/vasprun-8.xml,794,0,9119390
/Volumes/LaCie/postdoc_PhLAM/NO_HOPG/data/aimd_nspin_irene_0625_100traj/continue.vaspdata.Ei.0.1.Ts.100.NO.rand.zpe/vasprun-8.xml,795,0,9119488
/Volumes/LaCie/postdoc_PhLAM/NO_HOPG/data/aimd_nspin_irene_0625_100traj/continue.vaspdata.Ei.0.1.Ts.100.NO.rand.zpe/vasprun-8.xml,796,0,9119586
/Volumes/LaCie/postdoc_PhLAM/NO_HOPG/data/aimd_nspin_irene_0625_100traj/continue.vaspdata.Ei.0.1.Ts.100.NO.rand.zpe/vasprun-8.xml,797,0,9119684
/Volumes/LaCie/postdoc_PhLAM/NO_HOPG/data/aimd_nspin_irene_0625_100traj/continue.vaspdata.Ei.0.1.Ts.100.NO.rand.zpe/vasprun-8.xml,798,0,9119782
/Volumes/LaCie/postdoc_PhLAM/NO_HOPG/data/aimd_nspin_irene_0625_100traj/continue.vaspdata.Ei.0.1.Ts.100.NO.rand.zpe/vasprun-8.xml,799,0,9119880
/Volumes/LaCie/postdoc_PhLAM/NO_HOPG/data/aimd_nspin_irene_0625_100traj/continue.vaspdata.Ei.0.1.Ts.100.NO.rand.zpe/vasprun-8.xml,800,0,9119978
/Volumes/LaCie/postdoc_PhLAM/NO_HOPG/data/aimd_nspin_irene_0625_100traj/continue.vaspdata.Ei.0.1.Ts.100.NO.rand.zpe/vasprun-8.xml,801,0,9120076
/Volumes/LaCie/postdoc_PhLAM/NO_HOPG/data/aimd_nspin_irene_0625_100traj/continue.vaspdata.Ei.0.1.Ts.100.NO.rand.zpe/vasprun-8.xml,802,0,9120174
/Volumes/LaCie/postdoc_PhLAM/NO_HOPG/data/aimd_nspin_irene_0625_100traj/continue.vaspdata.Ei.0.1.Ts.100.NO.rand.zpe/vasprun-8.xml,803,0,9120272
/Volumes/LaCie/postdoc_PhLAM/NO_HOPG/data/aimd_nspin_irene_0625_100traj/continue.vaspdata.Ei.0.1.Ts.100.NO.rand.zpe/vasprun-8.xml,804,0,9120370
/Volumes/LaCie/postdoc_PhLAM/NO_HOPG/data/aimd_nspin_irene_0625_100traj/continue.vaspdata.Ei.0.1.Ts.100.NO.rand.zpe/vasprun-8.xml,805,0,9120468
/Volumes/LaCie/postdoc_PhLAM/NO_HOPG/data/aimd_nspin_irene_0625_100traj/continue.vaspdata.Ei.0.1.Ts.100.NO.rand.zpe/vasprun-8.xml,806,0,9120566
/Volumes/LaCie/postdoc_PhLAM/NO_HOPG/data/aimd_nspin_irene_0625_100traj/continue.vaspdata.Ei.0.1.Ts.100.NO.rand.zpe/vasprun-8.xml,807,0,9120664
/Volumes/LaCie/postdoc_PhLAM/NO_HOPG/data/aimd_nspin_irene_0625_100traj/continue.vaspdata.Ei.0.1.Ts.100.NO.rand.zpe/vasprun-8.xml,808,0,9120762
/Volumes/LaCie/postdoc_PhLAM/NO_HOPG/data/aimd_nspin_irene_0625_100traj/continue.vaspdata.Ei.0.1.Ts.100.NO.rand.zpe/vasprun-8.xml,809,0,9120860
/Volumes/LaCie/postdoc_PhLAM/NO_HOPG/data/aimd_nspin_irene_0625_100traj/continue.vaspdata.Ei.0.1.Ts.100.NO.rand.zpe/vasprun-8.xml,810,0,9120958
/Volumes/LaCie/postdoc_PhLAM/NO_HOPG/data/aimd_nspin_irene_0625_100traj/continue.vaspdata.Ei.0.1.Ts.100.NO.rand.zpe/vasprun-8.xml,811,0,9121056
/Volumes/LaCie/postdoc_PhLAM/NO_HOPG/data/aimd_nspin_irene_0625_100traj/continue.vaspdata.Ei.0.1.Ts.100.NO.rand.zpe/vasprun-8.xml,812,0,9121154
/Volumes/LaCie/postdoc_PhLAM/NO_HOPG/data/aimd_nspin_irene_0625_100traj/continue.vaspdata.Ei.0.1.Ts.100.NO.rand.zpe/vasprun-8.xml,813,0,9121252
/Volumes/LaCie/postdoc_PhLAM/NO_HOPG/data/aimd_nspin_irene_0625_100traj/continue.vaspdata.Ei.0.1.Ts.100.NO.rand.zpe/vasprun-8.xml,814,0,9121350
/Volumes/LaCie/postdoc_PhLAM/NO_HOPG/data/aimd_nspin_irene_0625_100traj/continue.vaspdata.Ei.0.1.Ts.100.NO.rand.zpe/vasprun-8.xml,815,0,9121448
/Volumes/LaCie/postdoc_PhLAM/NO_HOPG/data/aimd_nspin_irene_0625_100traj/continue.vaspdata.Ei.0.1.Ts.100.NO.rand.zpe/vasprun-8.xml,816,0,9121546
/Volumes/LaCie/postdoc_PhLAM/NO_HOPG/data/aimd_nspin_irene_0625_100traj/continue.vaspdata.Ei.0.1.Ts.100.NO.rand.zpe/vasprun-8.xml,817,0,9121644
/Volumes/LaCie/postdoc_PhLAM/NO_HOPG/data/aimd_nspin_irene_0625_100traj/continue.vaspdata.Ei.0.1.Ts.100.NO.rand.zpe/vasprun-8.xml,818,0,9121742
/Volumes/LaCie/postdoc_PhLAM/NO_HOPG/data/aimd_nspin_irene_0625_100traj/continue.vaspdata.Ei.0.1.Ts.100.NO.rand.zpe/vasprun-8.xml,819,0,9121840
/Volumes/LaCie/postdoc_PhLAM/NO_HOPG/data/aimd_nspin_irene_0625_100traj/continue.vaspdata.Ei.0.1.Ts.100.NO.rand.zpe/vasprun-8.xml,820,0,9121938
/Volumes/LaCie/postdoc_PhLAM/NO_HOPG/data/aimd_nspin_irene_0625_100traj/continue.vaspdata.Ei.0.1.Ts.100.NO.rand.zpe/vasprun-8.xml,821,0,9122036
/Volumes/LaCie/postdoc_PhLAM/NO_HOPG/data/aimd_nspin_irene_0625_100traj/continue.vaspdata.Ei.0.1.Ts.100.NO.rand.zpe/vasprun-8.xml,822,0,9122134
/Volumes/LaCie/postdoc_PhLAM/NO_HOPG/data/aimd_nspin_irene_0625_100traj/continue.vaspdata.Ei.0.1.Ts.100.NO.rand.zpe/vasprun-8.xml,823,0,9122232
/Volumes/LaCie/postdoc_PhLAM/NO_HOPG/data/aimd_nspin_irene_0625_100traj/continue.vaspdata.Ei.0.1.Ts.100.NO.rand.zpe/vasprun-8.xml,824,0,9122330
/Volumes/LaCie/postdoc_PhLAM/NO_HOPG/data/aimd_nspin_irene_0625_100traj/continue.vaspdata.Ei.0.1.Ts.100.NO.rand.zpe/vasprun-8.xml,825,0,9122428
/Volumes/LaCie/postdoc_PhLAM/NO_HOPG/data/aimd_nspin_irene_0625_100traj/continue.vaspdata.Ei.0.1.Ts.100.NO.rand.zpe/vasprun-8.xml,826,0,9122526
/Volumes/LaCie/postdoc_PhLAM/NO_HOPG/data/aimd_nspin_irene_0625_100traj/continue.vaspdata.Ei.0.1.Ts.100.NO.rand.zpe/vasprun-8.xml,827,0,9122624
/Volumes/LaCie/postdoc_PhLAM/NO_HOPG/data/aimd_nspin_irene_0625_100traj/continue.vaspdata.Ei.0.1.Ts.100.NO.rand.zpe/vasprun-8.xml,828,0,9122722
/Volumes/LaCie/postdoc_PhLAM/NO_HOPG/data/aimd_nspin_irene_0625_100traj/continue.vaspdata.Ei.0.1.Ts.100.NO.rand.zpe/vasprun-8.xml,829,0,9122820
/Volumes/LaCie/postdoc_PhLAM/NO_HOPG/data/aimd_nspin_irene_0625_100traj/continue.vaspdata.Ei.0.1.Ts.100.NO.rand.zpe/vasprun-8.xml,830,0,9122918
/Volumes/LaCie/postdoc_PhLAM/NO_HOPG/data/aimd_nspin_irene_0625_100traj/continue.vaspdata.Ei.0.1.Ts.100.NO.rand.zpe/vasprun-8.xml,831,0,9123016
/Volumes/LaCie/postdoc_PhLAM/NO_HOPG/data/aimd_nspin_irene_0625_100traj/continue.vaspdata.Ei.0.1.Ts.100.NO.rand.zpe/vasprun-8.xml,832,0,9123114
/Volumes/LaCie/postdoc_PhLAM/NO_HOPG/data/aimd_nspin_irene_0625_100traj/continue.vaspdata.Ei.0.1.Ts.100.NO.rand.zpe/vasprun-8.xml,833,0,9123212
/Volumes/LaCie/postdoc_PhLAM/NO_HOPG/data/aimd_nspin_irene_0625_100traj/continue.vaspdata.Ei.0.1.Ts.100.NO.rand.zpe/vasprun-8.xml,834,0,9123310
/Volumes/LaCie/postdoc_PhLAM/NO_HOPG/data/aimd_nspin_irene_0625_100traj/continue.vaspdata.Ei.0.1.Ts.100.NO.rand.zpe/vasprun-8.xml,835,0,9123408
/Volumes/LaCie/postdoc_PhLAM/NO_HOPG/data/aimd_nspin_irene_0625_100traj/continue.vaspdata.Ei.0.1.Ts.100.NO.rand.zpe/vasprun-8.xml,836,0,9123506
/Volumes/LaCie/postdoc_PhLAM/NO_HOPG/data/aimd_nspin_irene_0625_100traj/continue.vaspdata.Ei.0.1.Ts.100.NO.rand.zpe/vasprun-8.xml,837,0,9123604
/Volumes/LaCie/postdoc_PhLAM/NO_HOPG/data/aimd_nspin_irene_0625_100traj/continue.vaspdata.Ei.0.1.Ts.100.NO.rand.zpe/vasprun-8.xml,838,0,9123702
/Volumes/LaCie/postdoc_PhLAM/NO_HOPG/data/aimd_nspin_irene_0625_100traj/continue.vaspdata.Ei.0.1.Ts.100.NO.rand.zpe/vasprun-8.xml,839,0,9123800
/Volumes/LaCie/postdoc_PhLAM/NO_HOPG/data/aimd_nspin_irene_0625_100traj/continue.vaspdata.Ei.0.1.Ts.100.NO.rand.zpe/vasprun-8.xml,840,0,9123898
/Volumes/LaCie/postdoc_PhLAM/NO_HOPG/data/aimd_nspin_irene_0625_100traj/continue.vaspdata.Ei.0.1.Ts.100.NO.rand.zpe/vasprun-8.xml,841,0,9123996
/Volumes/LaCie/postdoc_PhLAM/NO_HOPG/data/aimd_nspin_irene_0625_100traj/continue.vaspdata.Ei.0.1.Ts.100.NO.rand.zpe/vasprun-8.xml,842,0,9124094
/Volumes/LaCie/postdoc_PhLAM/NO_HOPG/data/aimd_nspin_irene_0625_100traj/continue.vaspdata.Ei.0.1.Ts.100.NO.rand.zpe/vasprun-8.xml,843,0,9124192
/Volumes/LaCie/postdoc_PhLAM/NO_HOPG/data/aimd_nspin_irene_0625_100traj/continue.vaspdata.Ei.0.1.Ts.100.NO.rand.zpe/vasprun-8.xml,844,0,9124290
/Volumes/LaCie/postdoc_PhLAM/NO_HOPG/data/aimd_nspin_irene_0625_100traj/continue.vaspdata.Ei.0.1.Ts.100.NO.rand.zpe/vasprun-8.xml,845,0,9124388
/Volumes/LaCie/postdoc_PhLAM/NO_HOPG/data/aimd_nspin_irene_0625_100traj/continue.vaspdata.Ei.0.1.Ts.100.NO.rand.zpe/vasprun-8.xml,846,0,9124486
/Volumes/LaCie/postdoc_PhLAM/NO_HOPG/data/aimd_nspin_irene_0625_100traj/continue.vaspdata.Ei.0.1.Ts.100.NO.rand.zpe/vasprun-83.xml,506,0,9429854
/Volumes/LaCie/postdoc_PhLAM/NO_HOPG/data/aimd_nspin_irene_0625_100traj/continue.vaspdata.Ei.0.1.Ts.100.NO.rand.zpe/vasprun-83.xml,507,0,9429952
/Volumes/LaCie/postdoc_PhLAM/NO_HOPG/data/aimd_nspin_irene_0625_100traj/continue.vaspdata.Ei.0.1.Ts.100.NO.rand.zpe/vasprun-83.xml,508,0,9430050
/Volumes/LaCie/postdoc_PhLAM/NO_HOPG/data/aimd_nspin_irene_0625_100traj/continue.vaspdata.Ei.0.1.Ts.100.NO.rand.zpe/vasprun-83.xml,509,0,9430148
/Volumes/LaCie/postdoc_PhLAM/NO_HOPG/data/aimd_nspin_irene_0625_100traj/continue.vaspdata.Ei.0.1.Ts.100.NO.rand.zpe/vasprun-83.xml,510,0,9430246
/Volumes/LaCie/postdoc_PhLAM/NO_HOPG/data/aimd_nspin_irene_0625_100traj/continue.vaspdata.Ei.0.1.Ts.100.NO.rand.zpe/vasprun-83.xml,511,0,9430344
/Volumes/LaCie/postdoc_PhLAM/NO_HOPG/data/aimd_nspin_irene_0625_100traj/continue.vaspdata.Ei.0.1.Ts.100.NO.rand.zpe/vasprun-83.xml,512,0,9430442
/Volumes/LaCie/postdoc_PhLAM/NO_HOPG/data/aimd_nspin_irene_0625_100traj/continue.vaspdata.Ei.0.1.Ts.100.NO.rand.zpe/vasprun-83.xml,513,0,9430540
/Volumes/LaCie/postdoc_PhLAM/NO_HOPG/data/aimd_nspin_irene_0625_100traj/continue.vaspdata.Ei.0.1.Ts.100.NO.rand.zpe/vasprun-83.xml,514,0,9430638
/Volumes/LaCie/postdoc_PhLAM/NO_HOPG/data/aimd_nspin_irene_0625_100traj/continue.vaspdata.Ei.0.1.Ts.100.NO.rand.zpe/vasprun-83.xml,515,0,9430736
/Volumes/LaCie/postdoc_PhLAM/NO_HOPG/data/aimd_nspin_irene_0625_100traj/continue.vaspdata.Ei.0.1.Ts.100.NO.rand.zpe/vasprun-83.xml,516,0,9430834
/Volumes/LaCie/postdoc_PhLAM/NO_HOPG/data/aimd_nspin_irene_0625_100traj/continue.vaspdata.Ei.0.1.Ts.100.NO.rand.zpe/vasprun-83.xml,517,0,9430932
/Volumes/LaCie/postdoc_PhLAM/NO_HOPG/data/aimd_nspin_irene_0625_100traj/continue.vaspdata.Ei.0.1.Ts.100.NO.rand.zpe/vasprun-83.xml,518,0,9431030
/Volumes/LaCie/postdoc_PhLAM/NO_HOPG/data/aimd_nspin_irene_0625_100traj/continue.vaspdata.Ei.0.1.Ts.100.NO.rand.zpe/vasprun-83.xml,519,0,9431128
/Volumes/LaCie/postdoc_PhLAM/NO_HOPG/data/aimd_nspin_irene_0625_100traj/continue.vaspdata.Ei.0.1.Ts.100.NO.rand.zpe/vasprun-83.xml,520,0,9431226
/Volumes/LaCie/postdoc_PhLAM/NO_HOPG/data/aimd_nspin_irene_0625_100traj/continue.vaspdata.Ei.0.1.Ts.100.NO.rand.zpe/vasprun-83.xml,521,0,9431324
/Volumes/LaCie/postdoc_PhLAM/NO_HOPG/data/aimd_nspin_irene_0625_100traj/continue.vaspdata.Ei.0.1.Ts.100.NO.rand.zpe/vasprun-83.xml,522,0,9431422
/Volumes/LaCie/postdoc_PhLAM/NO_HOPG/data/aimd_nspin_irene_0625_100traj/continue.vaspdata.Ei.0.1.Ts.100.NO.rand.zpe/vasprun-83.xml,523,0,9431520
/Volumes/LaCie/postdoc_PhLAM/NO_HOPG/data/aimd_nspin_irene_0625_100traj/continue.vaspdata.Ei.0.1.Ts.100.NO.rand.zpe/vasprun-83.xml,524,0,9431618
/Volumes/LaCie/postdoc_PhLAM/NO_HOPG/data/aimd_nspin_irene_0625_100traj/continue.vaspdata.Ei.0.1.Ts.100.NO.rand.zpe/vasprun-83.xml,525,0,9431716
/Volumes/LaCie/postdoc_PhLAM/NO_HOPG/data/aimd_nspin_irene_0625_100traj/continue.vaspdata.Ei.0.1.Ts.100.NO.rand.zpe/vasprun-83.xml,525,1,9431717
/Volumes/LaCie/postdoc_PhLAM/NO_HOPG/data/aimd_nspin_irene_0625_100traj/continue.vaspdata.Ei.0.1.Ts.100.NO.rand.zpe/vasprun-83.xml,526,0,9431814
/Volumes/LaCie/postdoc_PhLAM/NO_HOPG/data/aimd_nspin_irene_0625_100traj/continue.vaspdata.Ei.0.1.Ts.100.NO.rand.zpe/vasprun-83.xml,526,1,9431815
/Volumes/LaCie/postdoc_PhLAM/NO_HOPG/data/aimd_nspin_irene_0625_100traj/continue.vaspdata.Ei.0.1.Ts.100.NO.rand.zpe/vasprun-83.xml,527,0,9431912
/Volumes/LaCie/postdoc_PhLAM/NO_HOPG/data/aimd_nspin_irene_0625_100traj/continue.vaspdata.Ei.0.1.Ts.100.NO.rand.zpe/vasprun-83.xml,527,1,9431913
/Volumes/LaCie/postdoc_PhLAM/NO_HOPG/data/aimd_nspin_irene_0625_100traj/continue.vaspdata.Ei.0.1.Ts.100.NO.rand.zpe/vasprun-83.xml,528,0,9432010
/Volumes/LaCie/postdoc_PhLAM/NO_HOPG/data/aimd_nspin_irene_0625_100traj/continue.vaspdata.Ei.0.1.Ts.100.NO.rand.zpe/vasprun-83.xml,528,1,9432011
/Volumes/LaCie/postdoc_PhLAM/NO_HOPG/data/aimd_nspin_irene_0625_100traj/continue.vaspdata.Ei.0.1.Ts.100.NO.rand.zpe/vasprun-83.xml,529,0,9432108
/Volumes/LaCie/postdoc_PhLAM/NO_HOPG/data/aimd_nspin_irene_0625_100traj/continue.vaspdata.Ei.0.1.Ts.100.NO.rand.zpe/vasprun-83.xml,529,1,9432109
/Volumes/LaCie/postdoc_PhLAM/NO_HOPG/data/aimd_nspin_irene_0625_100traj/continue.vaspdata.Ei.0.1.Ts.100.NO.rand.zpe/vasprun-83.xml,530,0,9432206
/Volumes/LaCie/postdoc_PhLAM/NO_HOPG/data/aimd_nspin_irene_0625_100traj/continue.vaspdata.Ei.0.1.Ts.100.NO.rand.zpe/vasprun-83.xml,530,1,9432207
/Volumes/LaCie/postdoc_PhLAM/NO_HOPG/data/aimd_nspin_irene_0625_100traj/continue.vaspdata.Ei.0.1.Ts.100.NO.rand.zpe/vasprun-83.xml,531,0,9432304
/Volumes/LaCie/postdoc_PhLAM/NO_HOPG/data/aimd_nspin_irene_0625_100traj/continue.vaspdata.Ei.0.1.Ts.100.NO.rand.zpe/vasprun-83.xml,531,1,9432305
/Volumes/LaCie/postdoc_PhLAM/NO_HOPG/data/aimd_nspin_irene_0625_100traj/continue.vaspdata.Ei.0.1.Ts.100.NO.rand.zpe/vasprun-83.xml,532,0,9432402
/Volumes/LaCie/postdoc_PhLAM/NO_HOPG/data/aimd_nspin_irene_0625_100traj/continue.vaspdata.Ei.0.1.Ts.100.NO.rand.zpe/vasprun-83.xml,532,1,9432403
/Volumes/LaCie/postdoc_PhLAM/NO_HOPG/data/aimd_nspin_irene_0625_100traj/continue.vaspdata.Ei.0.1.Ts.100.NO.rand.zpe/vasprun-83.xml,533,0,9432500
/Volumes/LaCie/postdoc_PhLAM/NO_HOPG/data/aimd_nspin_irene_0625_100traj/continue.vaspdata.Ei.0.1.Ts.100.NO.rand.zpe/vasprun-83.xml,533,1,9432501
/Volumes/LaCie/postdoc_PhLAM/NO_HOPG/data/aimd_nspin_irene_0625_100traj/continue.vaspdata.Ei.0.1.Ts.100.NO.rand.zpe/vasprun-83.xml,534,0,9432598
/Volumes/LaCie/postdoc_PhLAM/NO_HOPG/data/aimd_nspin_irene_0625_100traj/continue.vaspdata.Ei.0.1.Ts.100.NO.rand.zpe/vasprun-83.xml,534,1,9432599
/Volumes/LaCie/postdoc_PhLAM/NO_HOPG/data/aimd_nspin_irene_0625_100traj/continue.vaspdata.Ei.0.1.Ts.100.NO.rand.zpe/vasprun-83.xml,535,0,9432696
/Volumes/LaCie/postdoc_PhLAM/NO_HOPG/data/aimd_nspin_irene_0625_100traj/continue.vaspdata.Ei.0.1.Ts.100.NO.rand.zpe/vasprun-83.xml,535,1,9432697
/Volumes/LaCie/postdoc_PhLAM/NO_HOPG/data/aimd_nspin_irene_0625_100traj/continue.vaspdata.Ei.0.1.Ts.100.NO.rand.zpe/vasprun-83.xml,536,0,9432794
/Volumes/LaCie/postdoc_PhLAM/NO_HOPG/data/aimd_nspin_irene_0625_100traj/continue.vaspdata.Ei.0.1.Ts.100.NO.rand.zpe/vasprun-83.xml,536,1,9432795
/Volumes/LaCie/postdoc_PhLAM/NO_HOPG/data/aimd_nspin_irene_0625_100traj/continue.vaspdata.Ei.0.1.Ts.100.NO.rand.zpe/vasprun-83.xml,537,1,9432893
/Volumes/LaCie/postdoc_PhLAM/NO_HOPG/data/aimd_nspin_irene_0625_100traj/continue.vaspdata.Ei.0.1.Ts.100.NO.rand.zpe/vasprun-83.xml,538,1,9432991
/Volumes/LaCie/postdoc_PhLAM/NO_HOPG/data/aimd_nspin_irene_0625_100traj/continue.vaspdata.Ei.0.1.Ts.100.NO.rand.zpe/vasprun-83.xml,593,0,9438380
/Volumes/LaCie/postdoc_PhLAM/NO_HOPG/data/aimd_nspin_irene_0625_100traj/continue.vaspdata.Ei.0.1.Ts.100.NO.rand.zpe/vasprun-83.xml,594,0,9438478
/Volumes/LaCie/postdoc_PhLAM/NO_HOPG/data/aimd_nspin_irene_0625_100traj/continue.vaspdata.Ei.0.1.Ts.100.NO.rand.zpe/vasprun-83.xml,595,0,9438576
/Volumes/LaCie/postdoc_PhLAM/NO_HOPG/data/aimd_nspin_irene_0625_100traj/continue.vaspdata.Ei.0.1.Ts.100.NO.rand.zpe/vasprun-83.xml,596,0,9438674
/Volumes/LaCie/postdoc_PhLAM/NO_HOPG/data/aimd_nspin_irene_0625_100traj/continue.vaspdata.Ei.0.1.Ts.100.NO.rand.zpe/vasprun-83.xml,597,0,9438772
/Volumes/LaCie/postdoc_PhLAM/NO_HOPG/data/aimd_nspin_irene_0625_100traj/continue.vaspdata.Ei.0.1.Ts.100.NO.rand.zpe/vasprun-83.xml,598,0,9438870
/Volumes/LaCie/postdoc_PhLAM/NO_HOPG/data/aimd_nspin_irene_0625_100traj/continue.vaspdata.Ei.0.1.Ts.100.NO.rand.zpe/vasprun-83.xml,599,0,9438968
/Volumes/LaCie/postdoc_PhLAM/NO_HOPG/data/aimd_nspin_irene_0625_100traj/continue.vaspdata.Ei.0.1.Ts.100.NO.rand.zpe/vasprun-83.xml,600,0,9439066
/Volumes/LaCie/postdoc_PhLAM/NO_HOPG/data/aimd_nspin_irene_0625_100traj/continue.vaspdata.Ei.0.1.Ts.100.NO.rand.zpe/vasprun-83.xml,601,0,9439164
/Volumes/LaCie/postdoc_PhLAM/NO_HOPG/data/aimd_nspin_irene_0625_100traj/continue.vaspdata.Ei.0.1.Ts.100.NO.rand.zpe/vasprun-83.xml,602,0,9439262
/Volumes/LaCie/postdoc_PhLAM/NO_HOPG/data/aimd_nspin_irene_0625_100traj/continue.vaspdata.Ei.0.1.Ts.100.NO.rand.zpe/vasprun-83.xml,603,0,9439360
/Volumes/LaCie/postdoc_PhLAM/NO_HOPG/data/aimd_nspin_irene_0625_100traj/continue.vaspdata.Ei.0.1.Ts.100.NO.rand.zpe/vasprun-83.xml,604,0,9439458
/Volumes/LaCie/postdoc_PhLAM/NO_HOPG/data/aimd_nspin_irene_0625_100traj/continue.vaspdata.Ei.0.1.Ts.100.NO.rand.zpe/vasprun-83.xml,605,0,9439556
/Volumes/LaCie/postdoc_PhLAM/NO_HOPG/data/aimd_nspin_irene_0625_100traj/continue.vaspdata.Ei.0.1.Ts.100.NO.rand.zpe/vasprun-83.xml,606,0,9439654
/Volumes/LaCie/postdoc_PhLAM/NO_HOPG/data/aimd_nspin_irene_0625_100traj/continue.vaspdata.Ei.0.1.Ts.100.NO.rand.zpe/vasprun-83.xml,607,0,9439752
/Volumes/LaCie/postdoc_PhLAM/NO_HOPG/data/aimd_nspin_irene_0625_100traj/continue.vaspdata.Ei.0.1.Ts.100.NO.rand.zpe/vasprun-85.xml,518,1,9731793
/Volumes/LaCie/postdoc_PhLAM/NO_HOPG/data/aimd_nspin_irene_0625_100traj/continue.vaspdata.Ei.0.1.Ts.100.NO.rand.zpe/vasprun-85.xml,519,1,9731891
/Volumes/LaCie/postdoc_PhLAM/NO_HOPG/data/aimd_nspin_irene_0625_100traj/continue.vaspdata.Ei.0.1.Ts.100.NO.rand.zpe/vasprun-85.xml,520,1,9731989
/Volumes/LaCie/postdoc_PhLAM/NO_HOPG/data/aimd_nspin_irene_0625_100traj/continue.vaspdata.Ei.0.1.Ts.100.NO.rand.zpe/vasprun-85.xml,521,1,9732087
/Volumes/LaCie/postdoc_PhLAM/NO_HOPG/data/aimd_nspin_irene_0625_100traj/continue.vaspdata.Ei.0.1.Ts.100.NO.rand.zpe/vasprun-85.xml,522,1,9732185
/Volumes/LaCie/postdoc_PhLAM/NO_HOPG/data/aimd_nspin_irene_0625_100traj/continue.vaspdata.Ei.0.1.Ts.100.NO.rand.zpe/vasprun-85.xml,523,1,9732283
/Volumes/LaCie/postdoc_PhLAM/NO_HOPG/data/aimd_nspin_irene_0625_100traj/continue.vaspdata.Ei.0.1.Ts.100.NO.rand.zpe/vasprun-85.xml,524,1,9732381
/Volumes/LaCie/postdoc_PhLAM/NO_HOPG/data/aimd_nspin_irene_0625_100traj/continue.vaspdata.Ei.0.1.Ts.100.NO.rand.zpe/vasprun-85.xml,525,1,9732479
/Volumes/LaCie/postdoc_PhLAM/NO_HOPG/data/aimd_nspin_irene_0625_100traj/continue.vaspdata.Ei.0.1.Ts.100.NO.rand.zpe/vasprun-85.xml,526,1,9732577
/Volumes/LaCie/postdoc_PhLAM/NO_HOPG/data/aimd_nspin_irene_0625_100traj/continue.vaspdata.Ei.0.1.Ts.100.NO.rand.zpe/vasprun-85.xml,527,1,9732675
/Volumes/LaCie/postdoc_PhLAM/NO_HOPG/data/aimd_nspin_irene_0625_100traj/continue.vaspdata.Ei.0.1.Ts.100.NO.rand.zpe/vasprun-85.xml,528,1,9732773
/Volumes/LaCie/postdoc_PhLAM/NO_HOPG/data/aimd_nspin_irene_0625_100traj/continue.vaspdata.Ei.0.1.Ts.100.NO.rand.zpe/vasprun-85.xml,529,1,9732871
/Volumes/LaCie/postdoc_PhLAM/NO_HOPG/data/aimd_nspin_irene_0625_100traj/continue.vaspdata.Ei.0.1.Ts.100.NO.rand.zpe/vasprun-85.xml,530,1,9732969
/Volumes/LaCie/postdoc_PhLAM/NO_HOPG/data/aimd_nspin_irene_0625_100traj/continue.vaspdata.Ei.0.1.Ts.100.NO.rand.zpe/vasprun-85.xml,531,1,9733067
/Volumes/LaCie/postdoc_PhLAM/NO_HOPG/data/aimd_nspin_irene_0625_100traj/continue.vaspdata.Ei.0.1.Ts.100.NO.rand.zpe/vasprun-85.xml,532,1,9733165
/Volumes/LaCie/postdoc_PhLAM/NO_HOPG/data/aimd_nspin_irene_0625_100traj/continue.vaspdata.Ei.0.1.Ts.100.NO.rand.zpe/vasprun-85.xml,533,1,9733263
/Volumes/LaCie/postdoc_PhLAM/NO_HOPG/data/aimd_nspin_irene_0625_100traj/continue.vaspdata.Ei.0.1.Ts.100.NO.rand.zpe/vasprun-85.xml,534,1,9733361
/Volumes/LaCie/postdoc_PhLAM/NO_HOPG/data/aimd_nspin_irene_0625_100traj/continue.vaspdata.Ei.0.1.Ts.100.NO.rand.zpe/vasprun-85.xml,535,1,9733459
/Volumes/LaCie/postdoc_PhLAM/NO_HOPG/data/aimd_nspin_irene_0625_100traj/continue.vaspdata.Ei.0.1.Ts.100.NO.rand.zpe/vasprun-85.xml,536,1,9733557
/Volumes/LaCie/postdoc_PhLAM/NO_HOPG/data/aimd_nspin_irene_0625_100traj/continue.vaspdata.Ei.0.1.Ts.100.NO.rand.zpe/vasprun-85.xml,537,1,9733655
/Volumes/LaCie/postdoc_PhLAM/NO_HOPG/data/aimd_nspin_irene_0625_100traj/continue.vaspdata.Ei.0.1.Ts.100.NO.rand.zpe/vasprun-85.xml,538,1,9733753
/Volumes/LaCie/postdoc_PhLAM/NO_HOPG/data/aimd_nspin_irene_0625_100traj/continue.vaspdata.Ei.0.1.Ts.100.NO.rand.zpe/vasprun-85.xml,539,1,9733851
/Volumes/LaCie/postdoc_PhLAM/NO_HOPG/data/aimd_nspin_irene_0625_100traj/continue.vaspdata.Ei.0.1.Ts.100.NO.rand.zpe/vasprun-85.xml,540,1,9733949
/Volumes/LaCie/postdoc_PhLAM/NO_HOPG/data/aimd_nspin_irene_0625_100traj/continue.vaspdata.Ei.0.1.Ts.100.NO.rand.zpe/vasprun-85.xml,541,1,9734047
/Volumes/LaCie/postdoc_PhLAM/NO_HOPG/data/aimd_nspin_irene_0625_100traj/continue.vaspdata.Ei.0.1.Ts.100.NO.rand.zpe/vasprun-85.xml,542,1,9734145
/Volumes/LaCie/postdoc_PhLAM/NO_HOPG/data/aimd_nspin_irene_0625_100traj/continue.vaspdata.Ei.0.1.Ts.100.NO.rand.zpe/vasprun-85.xml,543,1,9734243
/Volumes/LaCie/postdoc_PhLAM/NO_HOPG/data/aimd_nspin_irene_0625_100traj/continue.vaspdata.Ei.0.1.Ts.100.NO.rand.zpe/vasprun-85.xml,544,1,9734341
/Volumes/LaCie/postdoc_PhLAM/NO_HOPG/data/aimd_nspin_irene_0625_100traj/continue.vaspdata.Ei.0.1.Ts.100.NO.rand.zpe/vasprun-85.xml,545,1,9734439
/Volumes/LaCie/postdoc_PhLAM/NO_HOPG/data/aimd_nspin_irene_0625_100traj/continue.vaspdata.Ei.0.1.Ts.100.NO.rand.zpe/vasprun-85.xml,546,1,9734537
/Volumes/LaCie/postdoc_PhLAM/NO_HOPG/data/aimd_nspin_irene_0625_100traj/continue.vaspdata.Ei.0.1.Ts.100.NO.rand.zpe/vasprun-85.xml,547,1,9734635
/Volumes/LaCie/postdoc_PhLAM/NO_HOPG/data/aimd_nspin_irene_0625_100traj/continue.vaspdata.Ei.0.1.Ts.100.NO.rand.zpe/vasprun-85.xml,548,1,9734733
/Volumes/LaCie/postdoc_PhLAM/NO_HOPG/data/aimd_nspin_irene_0625_100traj/continue.vaspdata.Ei.0.1.Ts.100.NO.rand.zpe/vasprun-85.xml,549,1,9734831
/Volumes/LaCie/postdoc_PhLAM/NO_HOPG/data/aimd_nspin_irene_0625_100traj/continue.vaspdata.Ei.0.1.Ts.100.NO.rand.zpe/vasprun-85.xml,550,1,9734929
/Volumes/LaCie/postdoc_PhLAM/NO_HOPG/data/aimd_nspin_irene_0625_100traj/continue.vaspdata.Ei.0.1.Ts.100.NO.rand.zpe/vasprun-85.xml,551,1,9735027
/Volumes/LaCie/postdoc_PhLAM/NO_HOPG/data/aimd_nspin_irene_0625_100traj/continue.vaspdata.Ei.0.1.Ts.100.NO.rand.zpe/vasprun-85.xml,552,1,9735125
/Volumes/LaCie/postdoc_PhLAM/NO_HOPG/data/aimd_nspin_irene_0625_100traj/continue.vaspdata.Ei.0.1.Ts.100.NO.rand.zpe/vasprun-85.xml,553,1,9735223
/Volumes/LaCie/postdoc_PhLAM/NO_HOPG/data/aimd_nspin_irene_0625_100traj/continue.vaspdata.Ei.0.1.Ts.100.NO.rand.zpe/vasprun-85.xml,559,1,9735811
/Volumes/LaCie/postdoc_PhLAM/NO_HOPG/data/aimd_nspin_irene_0625_100traj/continue.vaspdata.Ei.0.1.Ts.100.NO.rand.zpe/vasprun-85.xml,560,1,9735909
/Volumes/LaCie/postdoc_PhLAM/NO_HOPG/data/aimd_nspin_irene_0625_100traj/continue.vaspdata.Ei.0.1.Ts.100.NO.rand.zpe/vasprun-85.xml,561,1,9736007
/Volumes/LaCie/postdoc_PhLAM/NO_HOPG/data/aimd_nspin_irene_0625_100traj/continue.vaspdata.Ei.0.1.Ts.100.NO.rand.zpe/vasprun-85.xml,562,1,9736105
/Volumes/LaCie/postdoc_PhLAM/NO_HOPG/data/aimd_nspin_irene_0625_100traj/continue.vaspdata.Ei.0.1.Ts.100.NO.rand.zpe/vasprun-85.xml,563,1,9736203
/Volumes/LaCie/postdoc_PhLAM/NO_HOPG/data/aimd_nspin_irene_0625_100traj/continue.vaspdata.Ei.0.1.Ts.100.NO.rand.zpe/vasprun-85.xml,564,1,9736301
/Volumes/LaCie/postdoc_PhLAM/NO_HOPG/data/aimd_nspin_irene_0625_100traj/continue.vaspdata.Ei.0.1.Ts.100.NO.rand.zpe/vasprun-85.xml,565,1,9736399
/Volumes/LaCie/postdoc_PhLAM/NO_HOPG/data/aimd_nspin_irene_0625_100traj/continue.vaspdata.Ei.0.1.Ts.100.NO.rand.zpe/vasprun-85.xml,566,1,9736497
/Volumes/LaCie/postdoc_PhLAM/NO_HOPG/data/aimd_nspin_irene_0625_100traj/continue.vaspdata.Ei.0.1.Ts.100.NO.rand.zpe/vasprun-85.xml,567,1,9736595
/Volumes/LaCie/postdoc_PhLAM/NO_HOPG/data/aimd_nspin_irene_0625_100traj/continue.vaspdata.Ei.0.1.Ts.100.NO.rand.zpe/vasprun-85.xml,568,1,9736693
/Volumes/LaCie/postdoc_PhLAM/NO_HOPG/data/aimd_nspin_irene_0625_100traj/continue.vaspdata.Ei.0.1.Ts.100.NO.rand.zpe/vasprun-85.xml,569,1,9736791
/Volumes/LaCie/postdoc_PhLAM/NO_HOPG/data/aimd_nspin_irene_0625_100traj/continue.vaspdata.Ei.0.1.Ts.100.NO.rand.zpe/vasprun-85.xml,570,1,9736889
/Volumes/LaCie/postdoc_PhLAM/NO_HOPG/data/aimd_nspin_irene_0625_100traj/continue.vaspdata.Ei.0.1.Ts.100.NO.rand.zpe/vasprun-85.xml,571,1,9736987
/Volumes/LaCie/postdoc_PhLAM/NO_HOPG/data/aimd_nspin_irene_0625_100traj/continue.vaspdata.Ei.0.1.Ts.100.NO.rand.zpe/vasprun-85.xml,572,1,9737085
/Volumes/LaCie/postdoc_PhLAM/NO_HOPG/data/aimd_nspin_irene_0625_100traj/continue.vaspdata.Ei.0.1.Ts.100.NO.rand.zpe/vasprun-85.xml,573,1,9737183
/Volumes/LaCie/postdoc_PhLAM/NO_HOPG/data/aimd_nspin_irene_0625_100traj/continue.vaspdata.Ei.0.1.Ts.100.NO.rand.zpe/vasprun-85.xml,574,1,9737281
/Volumes/LaCie/postdoc_PhLAM/NO_HOPG/data/aimd_nspin_irene_0625_100traj/continue.vaspdata.Ei.0.1.Ts.100.NO.rand.zpe/vasprun-85.xml,575,1,9737379
/Volumes/LaCie/postdoc_PhLAM/NO_HOPG/data/aimd_nspin_irene_0625_100traj/continue.vaspdata.Ei.0.1.Ts.100.NO.rand.zpe/vasprun-85.xml,576,1,9737477
/Volumes/LaCie/postdoc_PhLAM/NO_HOPG/data/aimd_nspin_irene_0625_100traj/continue.vaspdata.Ei.0.1.Ts.100.NO.rand.zpe/vasprun-85.xml,577,1,9737575
/Volumes/LaCie/postdoc_PhLAM/NO_HOPG/data/aimd_nspin_irene_0625_100traj/continue.vaspdata.Ei.0.1.Ts.100.NO.rand.zpe/vasprun-85.xml,578,1,9737673
/Volumes/LaCie/postdoc_PhLAM/NO_HOPG/data/aimd_nspin_irene_0625_100traj/continue.vaspdata.Ei.0.1.Ts.100.NO.rand.zpe/vasprun-85.xml,579,1,9737771
/Volumes/LaCie/postdoc_PhLAM/NO_HOPG/data/aimd_nspin_irene_0625_100traj/continue.vaspdata.Ei.0.1.Ts.100.NO.rand.zpe/vasprun-85.xml,580,1,9737869
/Volumes/LaCie/postdoc_PhLAM/NO_HOPG/data/aimd_nspin_irene_0625_100traj/continue.vaspdata.Ei.0.1.Ts.100.NO.rand.zpe/vasprun-85.xml,581,1,9737967
/Volumes/LaCie/postdoc_PhLAM/NO_HOPG/data/aimd_nspin_irene_0625_100traj/continue.vaspdata.Ei.0.1.Ts.100.NO.rand.zpe/vasprun-85.xml,582,1,9738065
/Volumes/LaCie/postdoc_PhLAM/NO_HOPG/data/aimd_nspin_irene_0625_100traj/continue.vaspdata.Ei.0.1.Ts.100.NO.rand.zpe/vasprun-85.xml,583,1,9738163
/Volumes/LaCie/postdoc_PhLAM/NO_HOPG/data/aimd_nspin_irene_0625_100traj/continue.vaspdata.Ei.0.1.Ts.100.NO.rand.zpe/vasprun-85.xml,584,1,9738261
/Volumes/LaCie/postdoc_PhLAM/NO_HOPG/data/aimd_nspin_irene_0625_100traj/continue.vaspdata.Ei.0.1.Ts.100.NO.rand.zpe/vasprun-85.xml,585,1,9738359
/Volumes/LaCie/postdoc_PhLAM/NO_HOPG/data/aimd_nspin_irene_0625_100traj/continue.vaspdata.Ei.0.1.Ts.100.NO.rand.zpe/vasprun-85.xml,586,1,9738457
/Volumes/LaCie/postdoc_PhLAM/NO_HOPG/data/aimd_nspin_irene_0625_100traj/continue.vaspdata.Ei.0.1.Ts.100.NO.rand.zpe/vasprun-85.xml,587,1,9738555
/Volumes/LaCie/postdoc_PhLAM/NO_HOPG/data/aimd_nspin_irene_0625_100traj/continue.vaspdata.Ei.0.1.Ts.100.NO.rand.zpe/vasprun-85.xml,588,1,9738653
/Volumes/LaCie/postdoc_PhLAM/NO_HOPG/data/aimd_nspin_irene_0625_100traj/continue.vaspdata.Ei.0.1.Ts.100.NO.rand.zpe/vasprun-85.xml,589,1,9738751
/Volumes/LaCie/postdoc_PhLAM/NO_HOPG/data/aimd_nspin_irene_0625_100traj/continue.vaspdata.Ei.0.1.Ts.100.NO.rand.zpe/vasprun-85.xml,590,1,9738849
/Volumes/LaCie/postdoc_PhLAM/NO_HOPG/data/aimd_nspin_irene_0625_100traj/continue.vaspdata.Ei.0.1.Ts.100.NO.rand.zpe/vasprun-85.xml,591,1,9738947
/Volumes/LaCie/postdoc_PhLAM/NO_HOPG/data/aimd_nspin_irene_0625_100traj/continue.vaspdata.Ei.0.1.Ts.100.NO.rand.zpe/vasprun-85.xml,592,1,9739045
/Volumes/LaCie/postdoc_PhLAM/NO_HOPG/data/aimd_nspin_irene_0625_100traj/continue.vaspdata.Ei.0.1.Ts.100.NO.rand.zpe/vasprun-85.xml,593,1,9739143
/Volumes/LaCie/postdoc_PhLAM/NO_HOPG/data/aimd_nspin_irene_0625_100traj/continue.vaspdata.Ei.0.1.Ts.100.NO.rand.zpe/vasprun-85.xml,594,1,9739241
/Volumes/LaCie/postdoc_PhLAM/NO_HOPG/data/aimd_nspin_irene_0625_100traj/continue.vaspdata.Ei.0.1.Ts.100.NO.rand.zpe/vasprun-85.xml,595,1,9739339
/Volumes/LaCie/postdoc_PhLAM/NO_HOPG/data/aimd_nspin_irene_0625_100traj/continue.vaspdata.Ei.0.1.Ts.100.NO.rand.zpe/vasprun-85.xml,596,1,9739437
/Volumes/LaCie/postdoc_PhLAM/NO_HOPG/data/aimd_nspin_irene_0625_100traj/continue.vaspdata.Ei.0.1.Ts.100.NO.rand.zpe/vasprun-85.xml,597,1,9739535
/Volumes/LaCie/postdoc_PhLAM/NO_HOPG/data/aimd_nspin_irene_0625_100traj/continue.vaspdata.Ei.0.1.Ts.100.NO.rand.zpe/vasprun-85.xml,598,1,9739633
/Volumes/LaCie/postdoc_PhLAM/NO_HOPG/data/aimd_nspin_irene_0625_100traj/continue.vaspdata.Ei.0.1.Ts.100.NO.rand.zpe/vasprun-85.xml,599,1,9739731
/Volumes/LaCie/postdoc_PhLAM/NO_HOPG/data/aimd_nspin_irene_0625_100traj/continue.vaspdata.Ei.0.1.Ts.100.NO.rand.zpe/vasprun-85.xml,600,1,9739829
/Volumes/LaCie/postdoc_PhLAM/NO_HOPG/data/aimd_nspin_irene_0625_100traj/continue.vaspdata.Ei.0.1.Ts.100.NO.rand.zpe/vasprun-85.xml,601,1,9739927
/Volumes/LaCie/postdoc_PhLAM/NO_HOPG/data/aimd_nspin_irene_0625_100traj/continue.vaspdata.Ei.0.1.Ts.100.NO.rand.zpe/vasprun-85.xml,602,1,9740025
/Volumes/LaCie/postdoc_PhLAM/NO_HOPG/data/aimd_nspin_irene_0625_100traj/continue.vaspdata.Ei.0.1.Ts.100.NO.rand.zpe/vasprun-85.xml,603,1,9740123
/Volumes/LaCie/postdoc_PhLAM/NO_HOPG/data/aimd_nspin_irene_0625_100traj/continue.vaspdata.Ei.0.1.Ts.100.NO.rand.zpe/vasprun-85.xml,604,1,9740221
/Volumes/LaCie/postdoc_PhLAM/NO_HOPG/data/aimd_nspin_irene_0625_100traj/continue.vaspdata.Ei.0.1.Ts.100.NO.rand.zpe/vasprun-85.xml,605,1,9740319
/Volumes/LaCie/postdoc_PhLAM/NO_HOPG/data/aimd_nspin_irene_0625_100traj/continue.vaspdata.Ei.0.1.Ts.100.NO.rand.zpe/vasprun-85.xml,606,1,9740417
/Volumes/LaCie/postdoc_PhLAM/NO_HOPG/data/aimd_nspin_irene_0625_100traj/continue.vaspdata.Ei.0.1.Ts.100.NO.rand.zpe/vasprun-85.xml,607,1,9740515
/Volumes/LaCie/postdoc_PhLAM/NO_HOPG/data/aimd_nspin_irene_0625_100traj/continue.vaspdata.Ei.0.1.Ts.100.NO.rand.zpe/vasprun-85.xml,1387,0,9816954
/Volumes/LaCie/postdoc_PhLAM/NO_HOPG/data/aimd_nspin_irene_0625_100traj/continue.vaspdata.Ei.0.1.Ts.100.NO.rand.zpe/vasprun-85.xml,1388,0,9817052
/Volumes/LaCie/postdoc_PhLAM/NO_HOPG/data/aimd_nspin_irene_0625_100traj/continue.vaspdata.Ei.0.1.Ts.100.NO.rand.zpe/vasprun-85.xml,1389,0,9817150
/Volumes/LaCie/postdoc_PhLAM/NO_HOPG/data/aimd_nspin_irene_0625_100traj/continue.vaspdata.Ei.0.1.Ts.100.NO.rand.zpe/vasprun-85.xml,1390,0,9817248
/Volumes/LaCie/postdoc_PhLAM/NO_HOPG/data/aimd_nspin_irene_0625_100traj/continue.vaspdata.Ei.0.1.Ts.100.NO.rand.zpe/vasprun-85.xml,1391,0,9817346
/Volumes/LaCie/postdoc_PhLAM/NO_HOPG/data/aimd_nspin_irene_0625_100traj/continue.vaspdata.Ei.0.1.Ts.100.NO.rand.zpe/vasprun-85.xml,1392,0,9817444
/Volumes/LaCie/postdoc_PhLAM/NO_HOPG/data/aimd_nspin_irene_0625_100traj/continue.vaspdata.Ei.0.1.Ts.100.NO.rand.zpe/vasprun-85.xml,1393,0,9817542
/Volumes/LaCie/postdoc_PhLAM/NO_HOPG/data/aimd_nspin_irene_0625_100traj/continue.vaspdata.Ei.0.1.Ts.100.NO.rand.zpe/vasprun-85.xml,1394,0,9817640
/Volumes/LaCie/postdoc_PhLAM/NO_HOPG/data/aimd_nspin_irene_0625_100traj/continue.vaspdata.Ei.0.1.Ts.100.NO.rand.zpe/vasprun-85.xml,1395,0,9817738
/Volumes/LaCie/postdoc_PhLAM/NO_HOPG/data/aimd_nspin_irene_0625_100traj/continue.vaspdata.Ei.0.1.Ts.100.NO.rand.zpe/vasprun-85.xml,1396,0,9817836
/Volumes/LaCie/postdoc_PhLAM/NO_HOPG/data/aimd_nspin_irene_0625_100traj/continue.vaspdata.Ei.0.1.Ts.100.NO.rand.zpe/vasprun-85.xml,1397,0,9817934
/Volumes/LaCie/postdoc_PhLAM/NO_HOPG/data/aimd_nspin_irene_0625_100traj/continue.vaspdata.Ei.0.1.Ts.100.NO.rand.zpe/vasprun-85.xml,1398,0,9818032
/Volumes/LaCie/postdoc_PhLAM/NO_HOPG/data/aimd_nspin_irene_0625_100traj/continue.vaspdata.Ei.0.1.Ts.100.NO.rand.zpe/vasprun-85.xml,1403,0,9818522
/Volumes/LaCie/postdoc_PhLAM/NO_HOPG/data/aimd_nspin_irene_0625_100traj/continue.vaspdata.Ei.0.1.Ts.100.NO.rand.zpe/vasprun-85.xml,1404,0,9818620
/Volumes/LaCie/postdoc_PhLAM/NO_HOPG/data/aimd_nspin_irene_0625_100traj/continue.vaspdata.Ei.0.1.Ts.100.NO.rand.zpe/vasprun-85.xml,1405,0,9818718
/Volumes/LaCie/postdoc_PhLAM/NO_HOPG/data/aimd_nspin_irene_0625_100traj/continue.vaspdata.Ei.0.1.Ts.100.NO.rand.zpe/vasprun-85.xml,1406,0,9818816
/Volumes/LaCie/postdoc_PhLAM/NO_HOPG/data/aimd_nspin_irene_0625_100traj/continue.vaspdata.Ei.0.1.Ts.100.NO.rand.zpe/vasprun-85.xml,1407,0,9818914
/Volumes/LaCie/postdoc_PhLAM/NO_HOPG/data/aimd_nspin_irene_0625_100traj/continue.vaspdata.Ei.0.1.Ts.100.NO.rand.zpe/vasprun-85.xml,1408,0,9819012
/Volumes/LaCie/postdoc_PhLAM/NO_HOPG/data/aimd_nspin_irene_0625_100traj/continue.vaspdata.Ei.0.1.Ts.100.NO.rand.zpe/vasprun-85.xml,1409,0,9819110
/Volumes/LaCie/postdoc_PhLAM/NO_HOPG/data/aimd_nspin_irene_0625_100traj/continue.vaspdata.Ei.0.1.Ts.100.NO.rand.zpe/vasprun-85.xml,1410,0,9819208
/Volumes/LaCie/postdoc_PhLAM/NO_HOPG/data/aimd_nspin_irene_0625_100traj/continue.vaspdata.Ei.0.1.Ts.100.NO.rand.zpe/vasprun-85.xml,1411,0,9819306
/Volumes/LaCie/postdoc_PhLAM/NO_HOPG/data/aimd_nspin_irene_0625_100traj/continue.vaspdata.Ei.0.1.Ts.100.NO.rand.zpe/vasprun-85.xml,1412,0,9819404
/Volumes/LaCie/postdoc_PhLAM/NO_HOPG/data/aimd_nspin_irene_0625_100traj/continue.vaspdata.Ei.0.1.Ts.100.NO.rand.zpe/vasprun-85.xml,1413,0,9819502
/Volumes/LaCie/postdoc_PhLAM/NO_HOPG/data/aimd_nspin_irene_0625_100traj/continue.vaspdata.Ei.0.1.Ts.100.NO.rand.zpe/vasprun-86.xml,348,0,9864288
/Volumes/LaCie/postdoc_PhLAM/NO_HOPG/data/aimd_nspin_irene_0625_100traj/continue.vaspdata.Ei.0.1.Ts.100.NO.rand.zpe/vasprun-86.xml,349,0,9864386
/Volumes/LaCie/postdoc_PhLAM/NO_HOPG/data/aimd_nspin_irene_0625_100traj/continue.vaspdata.Ei.0.1.Ts.100.NO.rand.zpe/vasprun-86.xml,350,0,9864484
/Volumes/LaCie/postdoc_PhLAM/NO_HOPG/data/aimd_nspin_irene_0625_100traj/continue.vaspdata.Ei.0.1.Ts.100.NO.rand.zpe/vasprun-86.xml,351,0,9864582
/Volumes/LaCie/postdoc_PhLAM/NO_HOPG/data/aimd_nspin_irene_0625_100traj/continue.vaspdata.Ei.0.1.Ts.100.NO.rand.zpe/vasprun-86.xml,352,0,9864680
/Volumes/LaCie/postdoc_PhLAM/NO_HOPG/data/aimd_nspin_irene_0625_100traj/continue.vaspdata.Ei.0.1.Ts.100.NO.rand.zpe/vasprun-86.xml,353,0,9864778
/Volumes/LaCie/postdoc_PhLAM/NO_HOPG/data/aimd_nspin_irene_0625_100traj/continue.vaspdata.Ei.0.1.Ts.100.NO.rand.zpe/vasprun-86.xml,354,0,9864876
/Volumes/LaCie/postdoc_PhLAM/NO_HOPG/data/aimd_nspin_irene_0625_100traj/continue.vaspdata.Ei.0.1.Ts.100.NO.rand.zpe/vasprun-86.xml,355,0,9864974
/Volumes/LaCie/postdoc_PhLAM/NO_HOPG/data/aimd_nspin_irene_0625_100traj/continue.vaspdata.Ei.0.1.Ts.100.NO.rand.zpe/vasprun-86.xml,356,0,9865072
/Volumes/LaCie/postdoc_PhLAM/NO_HOPG/data/aimd_nspin_irene_0625_100traj/continue.vaspdata.Ei.0.1.Ts.100.NO.rand.zpe/vasprun-86.xml,357,0,9865170
/Volumes/LaCie/postdoc_PhLAM/NO_HOPG/data/aimd_nspin_irene_0625_100traj/continue.vaspdata.Ei.0.1.Ts.100.NO.rand.zpe/vasprun-86.xml,358,0,9865268
/Volumes/LaCie/postdoc_PhLAM/NO_HOPG/data/aimd_nspin_irene_0625_100traj/continue.vaspdata.Ei.0.1.Ts.100.NO.rand.zpe/vasprun-86.xml,359,0,9865366
/Volumes/LaCie/postdoc_PhLAM/NO_HOPG/data/aimd_nspin_irene_0625_100traj/continue.vaspdata.Ei.0.1.Ts.100.NO.rand.zpe/vasprun-86.xml,360,0,9865464
/Volumes/LaCie/postdoc_PhLAM/NO_HOPG/data/aimd_nspin_irene_0625_100traj/continue.vaspdata.Ei.0.1.Ts.100.NO.rand.zpe/vasprun-86.xml,361,0,9865562
/Volumes/LaCie/postdoc_PhLAM/NO_HOPG/data/aimd_nspin_irene_0625_100traj/continue.vaspdata.Ei.0.1.Ts.100.NO.rand.zpe/vasprun-86.xml,362,0,9865660
/Volumes/LaCie/postdoc_PhLAM/NO_HOPG/data/aimd_nspin_irene_0625_100traj/continue.vaspdata.Ei.0.1.Ts.100.NO.rand.zpe/vasprun-86.xml,363,0,9865758
/Volumes/LaCie/postdoc_PhLAM/NO_HOPG/data/aimd_nspin_irene_0625_100traj/continue.vaspdata.Ei.0.1.Ts.100.NO.rand.zpe/vasprun-86.xml,364,0,9865856
/Volumes/LaCie/postdoc_PhLAM/NO_HOPG/data/aimd_nspin_irene_0625_100traj/continue.vaspdata.Ei.0.1.Ts.100.NO.rand.zpe/vasprun-86.xml,365,0,9865954
/Volumes/LaCie/postdoc_PhLAM/NO_HOPG/data/aimd_nspin_irene_0625_100traj/continue.vaspdata.Ei.0.1.Ts.100.NO.rand.zpe/vasprun-86.xml,366,0,9866052
/Volumes/LaCie/postdoc_PhLAM/NO_HOPG/data/aimd_nspin_irene_0625_100traj/continue.vaspdata.Ei.0.1.Ts.100.NO.rand.zpe/vasprun-86.xml,367,0,9866150
/Volumes/LaCie/postdoc_PhLAM/NO_HOPG/data/aimd_nspin_irene_0625_100traj/continue.vaspdata.Ei.0.1.Ts.100.NO.rand.zpe/vasprun-86.xml,368,0,9866248
/Volumes/LaCie/postdoc_PhLAM/NO_HOPG/data/aimd_nspin_irene_0625_100traj/continue.vaspdata.Ei.0.1.Ts.100.NO.rand.zpe/vasprun-86.xml,369,0,9866346
/Volumes/LaCie/postdoc_PhLAM/NO_HOPG/data/aimd_nspin_irene_0625_100traj/continue.vaspdata.Ei.0.1.Ts.100.NO.rand.zpe/vasprun-86.xml,370,0,9866444
/Volumes/LaCie/postdoc_PhLAM/NO_HOPG/data/aimd_nspin_irene_0625_100traj/continue.vaspdata.Ei.0.1.Ts.100.NO.rand.zpe/vasprun-86.xml,371,0,9866542
/Volumes/LaCie/postdoc_PhLAM/NO_HOPG/data/aimd_nspin_irene_0625_100traj/continue.vaspdata.Ei.0.1.Ts.100.NO.rand.zpe/vasprun-86.xml,372,0,9866640
/Volumes/LaCie/postdoc_PhLAM/NO_HOPG/data/aimd_nspin_irene_0625_100traj/continue.vaspdata.Ei.0.1.Ts.100.NO.rand.zpe/vasprun-86.xml,373,0,9866738
/Volumes/LaCie/postdoc_PhLAM/NO_HOPG/data/aimd_nspin_irene_0625_100traj/continue.vaspdata.Ei.0.1.Ts.100.NO.rand.zpe/vasprun-86.xml,374,0,9866836
/Volumes/LaCie/postdoc_PhLAM/NO_HOPG/data/aimd_nspin_irene_0625_100traj/continue.vaspdata.Ei.0.1.Ts.100.NO.rand.zpe/vasprun-86.xml,1540,1,9981105
/Volumes/LaCie/postdoc_PhLAM/NO_HOPG/data/aimd_nspin_irene_0625_100traj/continue.vaspdata.Ei.0.1.Ts.100.NO.rand.zpe/vasprun-86.xml,1541,1,9981203
/Volumes/LaCie/postdoc_PhLAM/NO_HOPG/data/aimd_nspin_irene_0625_100traj/continue.vaspdata.Ei.0.1.Ts.100.NO.rand.zpe/vasprun-86.xml,1542,1,9981301
/Volumes/LaCie/postdoc_PhLAM/NO_HOPG/data/aimd_nspin_irene_0625_100traj/continue.vaspdata.Ei.0.1.Ts.100.NO.rand.zpe/vasprun-86.xml,1543,1,9981399
/Volumes/LaCie/postdoc_PhLAM/NO_HOPG/data/aimd_nspin_irene_0625_100traj/continue.vaspdata.Ei.0.1.Ts.100.NO.rand.zpe/vasprun-86.xml,1544,1,9981497
/Volumes/LaCie/postdoc_PhLAM/NO_HOPG/data/aimd_nspin_irene_0625_100traj/continue.vaspdata.Ei.0.1.Ts.100.NO.rand.zpe/vasprun-86.xml,1545,1,9981595
/Volumes/LaCie/postdoc_PhLAM/NO_HOPG/data/aimd_nspin_irene_0625_100traj/continue.vaspdata.Ei.0.1.Ts.100.NO.rand.zpe/vasprun-86.xml,1546,1,9981693
/Volumes/LaCie/postdoc_PhLAM/NO_HOPG/data/aimd_nspin_irene_0625_100traj/continue.vaspdata.Ei.0.1.Ts.100.NO.rand.zpe/vasprun-86.xml,1547,1,9981791
/Volumes/LaCie/postdoc_PhLAM/NO_HOPG/data/aimd_nspin_irene_0625_100traj/continue.vaspdata.Ei.0.1.Ts.100.NO.rand.zpe/vasprun-86.xml,1548,1,9981889
/Volumes/LaCie/postdoc_PhLAM/NO_HOPG/data/aimd_nspin_irene_0625_100traj/continue.vaspdata.Ei.0.1.Ts.100.NO.rand.zpe/vasprun-86.xml,1549,1,9981987
/Volumes/LaCie/postdoc_PhLAM/NO_HOPG/data/aimd_nspin_irene_0625_100traj/continue.vaspdata.Ei.0.1.Ts.100.NO.rand.zpe/vasprun-86.xml,1550,1,9982085
/Volumes/LaCie/postdoc_PhLAM/NO_HOPG/data/aimd_nspin_irene_0625_100traj/continue.vaspdata.Ei.0.1.Ts.100.NO.rand.zpe/vasprun-86.xml,1551,1,9982183
/Volumes/LaCie/postdoc_PhLAM/NO_HOPG/data/aimd_nspin_irene_0625_100traj/continue.vaspdata.Ei.0.1.Ts.100.NO.rand.zpe/vasprun-86.xml,1552,1,9982281
/Volumes/LaCie/postdoc_PhLAM/NO_HOPG/data/aimd_nspin_irene_0625_100traj/continue.vaspdata.Ei.0.1.Ts.100.NO.rand.zpe/vasprun-86.xml,1553,1,9982379
/Volumes/LaCie/postdoc_PhLAM/NO_HOPG/data/aimd_nspin_irene_0625_100traj/continue.vaspdata.Ei.0.1.Ts.100.NO.rand.zpe/vasprun-86.xml,1554,1,9982477
/Volumes/LaCie/postdoc_PhLAM/NO_HOPG/data/aimd_nspin_irene_0625_100traj/continue.vaspdata.Ei.0.1.Ts.100.NO.rand.zpe/vasprun-86.xml,1555,1,9982575
/Volumes/LaCie/postdoc_PhLAM/NO_HOPG/data/aimd_nspin_irene_0625_100traj/continue.vaspdata.Ei.0.1.Ts.100.NO.rand.zpe/vasprun-86.xml,1556,1,9982673
/Volumes/LaCie/postdoc_PhLAM/NO_HOPG/data/aimd_nspin_irene_0625_100traj/continue.vaspdata.Ei.0.1.Ts.100.NO.rand.zpe/vasprun-86.xml,1557,1,9982771
/Volumes/LaCie/postdoc_PhLAM/NO_HOPG/data/aimd_nspin_irene_0625_100traj/continue.vaspdata.Ei.0.1.Ts.100.NO.rand.zpe/vasprun-86.xml,1558,1,9982869
/Volumes/LaCie/postdoc_PhLAM/NO_HOPG/data/aimd_nspin_irene_0625_100traj/continue.vaspdata.Ei.0.1.Ts.100.NO.rand.zpe/vasprun-86.xml,1559,1,9982967
/Volumes/LaCie/postdoc_PhLAM/NO_HOPG/data/aimd_nspin_irene_0625_100traj/continue.vaspdata.Ei.0.1.Ts.100.NO.rand.zpe/vasprun-86.xml,1560,1,9983065
/Volumes/LaCie/postdoc_PhLAM/NO_HOPG/data/aimd_nspin_irene_0625_100traj/continue.vaspdata.Ei.0.1.Ts.100.NO.rand.zpe/vasprun-86.xml,1561,1,9983163
/Volumes/LaCie/postdoc_PhLAM/NO_HOPG/data/aimd_nspin_irene_0625_100traj/continue.vaspdata.Ei.0.1.Ts.100.NO.rand.zpe/vasprun-86.xml,1562,1,9983261
/Volumes/LaCie/postdoc_PhLAM/NO_HOPG/data/aimd_nspin_irene_0625_100traj/continue.vaspdata.Ei.0.1.Ts.100.NO.rand.zpe/vasprun-86.xml,1563,1,9983359
/Volumes/LaCie/postdoc_PhLAM/NO_HOPG/data/aimd_nspin_irene_0625_100traj/continue.vaspdata.Ei.0.1.Ts.100.NO.rand.zpe/vasprun-86.xml,1564,1,9983457
/Volumes/LaCie/postdoc_PhLAM/NO_HOPG/data/aimd_nspin_irene_0625_100traj/continue.vaspdata.Ei.0.1.Ts.100.NO.rand.zpe/vasprun-86.xml,1565,1,9983555
/Volumes/LaCie/postdoc_PhLAM/NO_HOPG/data/aimd_nspin_irene_0625_100traj/continue.vaspdata.Ei.0.1.Ts.100.NO.rand.zpe/vasprun-86.xml,1566,1,9983653
/Volumes/LaCie/postdoc_PhLAM/NO_HOPG/data/aimd_nspin_irene_0625_100traj/continue.vaspdata.Ei.0.1.Ts.100.NO.rand.zpe/vasprun-89.xml,1631,0,10184258
/Volumes/LaCie/postdoc_PhLAM/NO_HOPG/data/aimd_nspin_irene_0625_100traj/continue.vaspdata.Ei.0.1.Ts.100.NO.rand.zpe/vasprun-89.xml,1632,0,10184356
/Volumes/LaCie/postdoc_PhLAM/NO_HOPG/data/aimd_nspin_irene_0625_100traj/continue.vaspdata.Ei.0.1.Ts.100.NO.rand.zpe/vasprun-89.xml,1633,0,10184454
/Volumes/LaCie/postdoc_PhLAM/NO_HOPG/data/aimd_nspin_irene_0625_100traj/continue.vaspdata.Ei.0.1.Ts.100.NO.rand.zpe/vasprun-89.xml,1634,0,10184552
/Volumes/LaCie/postdoc_PhLAM/NO_HOPG/data/aimd_nspin_irene_0625_100traj/continue.vaspdata.Ei.0.1.Ts.100.NO.rand.zpe/vasprun-89.xml,1635,0,10184650
/Volumes/LaCie/postdoc_PhLAM/NO_HOPG/data/aimd_nspin_irene_0625_100traj/continue.vaspdata.Ei.0.1.Ts.100.NO.rand.zpe/vasprun-89.xml,1636,0,10184748
/Volumes/LaCie/postdoc_PhLAM/NO_HOPG/data/aimd_nspin_irene_0625_100traj/continue.vaspdata.Ei.0.1.Ts.100.NO.rand.zpe/vasprun-89.xml,1637,0,10184846
/Volumes/LaCie/postdoc_PhLAM/NO_HOPG/data/aimd_nspin_irene_0625_100traj/continue.vaspdata.Ei.0.1.Ts.100.NO.rand.zpe/vasprun-89.xml,1638,0,10184944
/Volumes/LaCie/postdoc_PhLAM/NO_HOPG/data/aimd_nspin_irene_0625_100traj/continue.vaspdata.Ei.0.1.Ts.100.NO.rand.zpe/vasprun-89.xml,1639,0,10185042
/Volumes/LaCie/postdoc_PhLAM/NO_HOPG/data/aimd_nspin_irene_0625_100traj/continue.vaspdata.Ei.0.1.Ts.100.NO.rand.zpe/vasprun-89.xml,1640,0,10185140
/Volumes/LaCie/postdoc_PhLAM/NO_HOPG/data/aimd_nspin_irene_0625_100traj/continue.vaspdata.Ei.0.1.Ts.100.NO.rand.zpe/vasprun-89.xml,1641,0,10185238
/Volumes/LaCie/postdoc_PhLAM/NO_HOPG/data/aimd_nspin_irene_0625_100traj/continue.vaspdata.Ei.0.1.Ts.100.NO.rand.zpe/vasprun-89.xml,1642,0,10185336
/Volumes/LaCie/postdoc_PhLAM/NO_HOPG/data/aimd_nspin_irene_0625_100traj/continue.vaspdata.Ei.0.1.Ts.100.NO.rand.zpe/vasprun-89.xml,1643,0,10185434
/Volumes/LaCie/postdoc_PhLAM/NO_HOPG/data/aimd_nspin_irene_0625_100traj/continue.vaspdata.Ei.0.1.Ts.100.NO.rand.zpe/vasprun-89.xml,1644,0,10185532
/Volumes/LaCie/postdoc_PhLAM/NO_HOPG/data/aimd_nspin_irene_0625_100traj/continue.vaspdata.Ei.0.1.Ts.100.NO.rand.zpe/vasprun-89.xml,1645,0,10185630
/Volumes/LaCie/postdoc_PhLAM/NO_HOPG/data/aimd_nspin_irene_0625_100traj/continue.vaspdata.Ei.0.1.Ts.100.NO.rand.zpe/vasprun-89.xml,1646,0,10185728
/Volumes/LaCie/postdoc_PhLAM/NO_HOPG/data/aimd_nspin_irene_0625_100traj/continue.vaspdata.Ei.0.1.Ts.100.NO.rand.zpe/vasprun-89.xml,1647,0,10185826
/Volumes/LaCie/postdoc_PhLAM/NO_HOPG/data/aimd_nspin_irene_0625_100traj/continue.vaspdata.Ei.0.1.Ts.100.NO.rand.zpe/vasprun-89.xml,1648,0,10185924
/Volumes/LaCie/postdoc_PhLAM/NO_HOPG/data/aimd_nspin_irene_0625_100traj/continue.vaspdata.Ei.0.1.Ts.100.NO.rand.zpe/vasprun-89.xml,1649,0,10186022
/Volumes/LaCie/postdoc_PhLAM/NO_HOPG/data/aimd_nspin_irene_0625_100traj/continue.vaspdata.Ei.0.1.Ts.100.NO.rand.zpe/vasprun-89.xml,1650,0,10186120
/Volumes/LaCie/postdoc_PhLAM/NO_HOPG/data/aimd_nspin_irene_0625_100traj/continue.vaspdata.Ei.0.1.Ts.100.NO.rand.zpe/vasprun-89.xml,1651,0,10186218
/Volumes/LaCie/postdoc_PhLAM/NO_HOPG/data/aimd_nspin_irene_0625_100traj/continue.vaspdata.Ei.0.1.Ts.100.NO.rand.zpe/vasprun-91.xml,771,0,10294606
/Volumes/LaCie/postdoc_PhLAM/NO_HOPG/data/aimd_nspin_irene_0625_100traj/continue.vaspdata.Ei.0.1.Ts.100.NO.rand.zpe/vasprun-91.xml,772,0,10294704
/Volumes/LaCie/postdoc_PhLAM/NO_HOPG/data/aimd_nspin_irene_0625_100traj/continue.vaspdata.Ei.0.1.Ts.100.NO.rand.zpe/vasprun-91.xml,773,0,10294802
/Volumes/LaCie/postdoc_PhLAM/NO_HOPG/data/aimd_nspin_irene_0625_100traj/continue.vaspdata.Ei.0.1.Ts.100.NO.rand.zpe/vasprun-91.xml,774,0,10294900
/Volumes/LaCie/postdoc_PhLAM/NO_HOPG/data/aimd_nspin_irene_0625_100traj/continue.vaspdata.Ei.0.1.Ts.100.NO.rand.zpe/vasprun-91.xml,775,0,10294998
/Volumes/LaCie/postdoc_PhLAM/NO_HOPG/data/aimd_nspin_irene_0625_100traj/continue.vaspdata.Ei.0.1.Ts.100.NO.rand.zpe/vasprun-91.xml,776,0,10295096
/Volumes/LaCie/postdoc_PhLAM/NO_HOPG/data/aimd_nspin_irene_0625_100traj/continue.vaspdata.Ei.0.1.Ts.100.NO.rand.zpe/vasprun-91.xml,782,0,10295684
/Volumes/LaCie/postdoc_PhLAM/NO_HOPG/data/aimd_nspin_irene_0625_100traj/continue.vaspdata.Ei.0.1.Ts.100.NO.rand.zpe/vasprun-91.xml,783,0,10295782
/Volumes/LaCie/postdoc_PhLAM/NO_HOPG/data/aimd_nspin_irene_0625_100traj/continue.vaspdata.Ei.0.1.Ts.100.NO.rand.zpe/vasprun-91.xml,784,0,10295880
/Volumes/LaCie/postdoc_PhLAM/NO_HOPG/data/aimd_nspin_irene_0625_100traj/continue.vaspdata.Ei.0.1.Ts.100.NO.rand.zpe/vasprun-91.xml,785,0,10295978
/Volumes/LaCie/postdoc_PhLAM/NO_HOPG/data/aimd_nspin_irene_0625_100traj/continue.vaspdata.Ei.0.1.Ts.100.NO.rand.zpe/vasprun-91.xml,786,0,10296076
/Volumes/LaCie/postdoc_PhLAM/NO_HOPG/data/aimd_nspin_irene_0625_100traj/continue.vaspdata.Ei.0.1.Ts.100.NO.rand.zpe/vasprun-91.xml,787,0,10296174
/Volumes/LaCie/postdoc_PhLAM/NO_HOPG/data/aimd_nspin_irene_0625_100traj/continue.vaspdata.Ei.0.1.Ts.100.NO.rand.zpe/vasprun-91.xml,788,0,10296272
/Volumes/LaCie/postdoc_PhLAM/NO_HOPG/data/aimd_nspin_irene_0625_100traj/continue.vaspdata.Ei.0.1.Ts.100.NO.rand.zpe/vasprun-91.xml,789,0,10296370
/Volumes/LaCie/postdoc_PhLAM/NO_HOPG/data/aimd_nspin_irene_0625_100traj/continue.vaspdata.Ei.0.1.Ts.100.NO.rand.zpe/vasprun-91.xml,790,0,10296468
/Volumes/LaCie/postdoc_PhLAM/NO_HOPG/data/aimd_nspin_irene_0625_100traj/continue.vaspdata.Ei.0.1.Ts.100.NO.rand.zpe/vasprun-91.xml,791,0,10296566
/Volumes/LaCie/postdoc_PhLAM/NO_HOPG/data/aimd_nspin_irene_0625_100traj/continue.vaspdata.Ei.0.1.Ts.100.NO.rand.zpe/vasprun-91.xml,792,0,10296664
/Volumes/LaCie/postdoc_PhLAM/NO_HOPG/data/aimd_nspin_irene_0625_100traj/continue.vaspdata.Ei.0.1.Ts.100.NO.rand.zpe/vasprun-91.xml,793,0,10296762
/Volumes/LaCie/postdoc_PhLAM/NO_HOPG/data/aimd_nspin_irene_0625_100traj/continue.vaspdata.Ei.0.1.Ts.100.NO.rand.zpe/vasprun-91.xml,794,0,10296860
/Volumes/LaCie/postdoc_PhLAM/NO_HOPG/data/aimd_nspin_irene_0625_100traj/continue.vaspdata.Ei.0.1.Ts.100.NO.rand.zpe/vasprun-91.xml,795,0,10296958
/Volumes/LaCie/postdoc_PhLAM/NO_HOPG/data/aimd_nspin_irene_0625_100traj/continue.vaspdata.Ei.0.1.Ts.100.NO.rand.zpe/vasprun-91.xml,796,0,10297056
/Volumes/LaCie/postdoc_PhLAM/NO_HOPG/data/aimd_nspin_irene_0625_100traj/continue.vaspdata.Ei.0.1.Ts.100.NO.rand.zpe/vasprun-91.xml,797,0,10297154
/Volumes/LaCie/postdoc_PhLAM/NO_HOPG/data/aimd_nspin_irene_0625_100traj/continue.vaspdata.Ei.0.1.Ts.100.NO.rand.zpe/vasprun-91.xml,798,0,10297252
/Volumes/LaCie/postdoc_PhLAM/NO_HOPG/data/aimd_nspin_irene_0625_100traj/continue.vaspdata.Ei.0.1.Ts.100.NO.rand.zpe/vasprun-91.xml,799,0,10297350
/Volumes/LaCie/postdoc_PhLAM/NO_HOPG/data/aimd_nspin_irene_0625_100traj/continue.vaspdata.Ei.0.1.Ts.100.NO.rand.zpe/vasprun-91.xml,800,0,10297448
/Volumes/LaCie/postdoc_PhLAM/NO_HOPG/data/aimd_nspin_irene_0625_100traj/continue.vaspdata.Ei.0.1.Ts.100.NO.rand.zpe/vasprun-91.xml,801,0,10297546
/Volumes/LaCie/postdoc_PhLAM/NO_HOPG/data/aimd_nspin_irene_0625_100traj/continue.vaspdata.Ei.0.1.Ts.100.NO.rand.zpe/vasprun-91.xml,802,0,10297644
/Volumes/LaCie/postdoc_PhLAM/NO_HOPG/data/aimd_nspin_irene_0625_100traj/continue.vaspdata.Ei.0.1.Ts.100.NO.rand.zpe/vasprun-91.xml,803,0,10297742
/Volumes/LaCie/postdoc_PhLAM/NO_HOPG/data/aimd_nspin_irene_0625_100traj/continue.vaspdata.Ei.0.1.Ts.100.NO.rand.zpe/vasprun-91.xml,804,0,10297840
/Volumes/LaCie/postdoc_PhLAM/NO_HOPG/data/aimd_nspin_irene_0625_100traj/continue.vaspdata.Ei.0.1.Ts.100.NO.rand.zpe/vasprun-91.xml,805,0,10297938
/Volumes/LaCie/postdoc_PhLAM/NO_HOPG/data/aimd_nspin_irene_0625_100traj/continue.vaspdata.Ei.0.1.Ts.100.NO.rand.zpe/vasprun-91.xml,806,0,10298036
/Volumes/LaCie/postdoc_PhLAM/NO_HOPG/data/aimd_nspin_irene_0625_100traj/continue.vaspdata.Ei.0.1.Ts.100.NO.rand.zpe/vasprun-91.xml,807,0,10298134
/Volumes/LaCie/postdoc_PhLAM/NO_HOPG/data/aimd_nspin_irene_0625_100traj/continue.vaspdata.Ei.0.1.Ts.100.NO.rand.zpe/vasprun-91.xml,808,0,10298232
/Volumes/LaCie/postdoc_PhLAM/NO_HOPG/data/aimd_nspin_irene_0625_100traj/continue.vaspdata.Ei.0.1.Ts.100.NO.rand.zpe/vasprun-91.xml,809,0,10298330
/Volumes/LaCie/postdoc_PhLAM/NO_HOPG/data/aimd_nspin_irene_0625_100traj/continue.vaspdata.Ei.0.1.Ts.100.NO.rand.zpe/vasprun-91.xml,810,0,10298428
/Volumes/LaCie/postdoc_PhLAM/NO_HOPG/data/aimd_nspin_irene_0625_100traj/continue.vaspdata.Ei.0.1.Ts.100.NO.rand.zpe/vasprun-91.xml,811,0,10298526
/Volumes/LaCie/postdoc_PhLAM/NO_HOPG/data/aimd_nspin_irene_0625_100traj/continue.vaspdata.Ei.0.1.Ts.100.NO.rand.zpe/vasprun-91.xml,812,0,10298624
/Volumes/LaCie/postdoc_PhLAM/NO_HOPG/data/aimd_nspin_irene_0625_100traj/continue.vaspdata.Ei.0.1.Ts.100.NO.rand.zpe/vasprun-91.xml,813,0,10298722
/Volumes/LaCie/postdoc_PhLAM/NO_HOPG/data/aimd_nspin_irene_0625_100traj/continue.vaspdata.Ei.0.1.Ts.100.NO.rand.zpe/vasprun-91.xml,814,0,10298820
/Volumes/LaCie/postdoc_PhLAM/NO_HOPG/data/aimd_nspin_irene_0625_100traj/continue.vaspdata.Ei.0.1.Ts.100.NO.rand.zpe/vasprun-91.xml,815,0,10298918
/Volumes/LaCie/postdoc_PhLAM/NO_HOPG/data/aimd_nspin_irene_0625_100traj/continue.vaspdata.Ei.0.1.Ts.100.NO.rand.zpe/vasprun-91.xml,816,0,10299016
/Volumes/LaCie/postdoc_PhLAM/NO_HOPG/data/aimd_nspin_irene_0625_100traj/continue.vaspdata.Ei.0.1.Ts.100.NO.rand.zpe/vasprun-91.xml,817,0,10299114
/Volumes/LaCie/postdoc_PhLAM/NO_HOPG/data/aimd_nspin_irene_0625_100traj/continue.vaspdata.Ei.0.1.Ts.100.NO.rand.zpe/vasprun-91.xml,818,0,10299212
/Volumes/LaCie/postdoc_PhLAM/NO_HOPG/data/aimd_nspin_irene_0625_100traj/continue.vaspdata.Ei.0.1.Ts.100.NO.rand.zpe/vasprun-91.xml,819,0,10299310
/Volumes/LaCie/postdoc_PhLAM/NO_HOPG/data/aimd_nspin_irene_0625_100traj/continue.vaspdata.Ei.0.1.Ts.100.NO.rand.zpe/vasprun-91.xml,820,0,10299408
/Volumes/LaCie/postdoc_PhLAM/NO_HOPG/data/aimd_nspin_irene_0625_100traj/continue.vaspdata.Ei.0.1.Ts.100.NO.rand.zpe/vasprun-91.xml,821,0,10299506
/Volumes/LaCie/postdoc_PhLAM/NO_HOPG/data/aimd_nspin_irene_0625_100traj/continue.vaspdata.Ei.0.1.Ts.100.NO.rand.zpe/vasprun-91.xml,822,0,10299604
/Volumes/LaCie/postdoc_PhLAM/NO_HOPG/data/aimd_nspin_irene_0625_100traj/continue.vaspdata.Ei.0.1.Ts.100.NO.rand.zpe/vasprun-91.xml,823,0,10299702
/Volumes/LaCie/postdoc_PhLAM/NO_HOPG/data/aimd_nspin_irene_0625_100traj/continue.vaspdata.Ei.0.1.Ts.100.NO.rand.zpe/vasprun-91.xml,824,0,10299800
/Volumes/LaCie/postdoc_PhLAM/NO_HOPG/data/aimd_nspin_irene_0625_100traj/continue.vaspdata.Ei.0.1.Ts.100.NO.rand.zpe/vasprun-91.xml,825,0,10299898
/Volumes/LaCie/postdoc_PhLAM/NO_HOPG/data/aimd_nspin_irene_0625_100traj/continue.vaspdata.Ei.0.1.Ts.100.NO.rand.zpe/vasprun-91.xml,826,0,10299996
/Volumes/LaCie/postdoc_PhLAM/NO_HOPG/data/aimd_nspin_irene_0625_100traj/continue.vaspdata.Ei.0.1.Ts.100.NO.rand.zpe/vasprun-91.xml,827,0,10300094
/Volumes/LaCie/postdoc_PhLAM/NO_HOPG/data/aimd_nspin_irene_0625_100traj/continue.vaspdata.Ei.0.1.Ts.100.NO.rand.zpe/vasprun-91.xml,828,0,10300192
/Volumes/LaCie/postdoc_PhLAM/NO_HOPG/data/aimd_nspin_irene_0625_100traj/continue.vaspdata.Ei.0.1.Ts.100.NO.rand.zpe/vasprun-91.xml,829,0,10300290
/Volumes/LaCie/postdoc_PhLAM/NO_HOPG/data/aimd_nspin_irene_0625_100traj/continue.vaspdata.Ei.0.1.Ts.100.NO.rand.zpe/vasprun-91.xml,830,0,10300388
/Volumes/LaCie/postdoc_PhLAM/NO_HOPG/data/aimd_nspin_irene_0625_100traj/continue.vaspdata.Ei.0.1.Ts.100.NO.rand.zpe/vasprun-91.xml,831,0,10300486
/Volumes/LaCie/postdoc_PhLAM/NO_HOPG/data/aimd_nspin_irene_0625_100traj/continue.vaspdata.Ei.0.1.Ts.100.NO.rand.zpe/vasprun-91.xml,832,0,10300584
/Volumes/LaCie/postdoc_PhLAM/NO_HOPG/data/aimd_nspin_irene_0625_100traj/continue.vaspdata.Ei.0.1.Ts.100.NO.rand.zpe/vasprun-91.xml,833,0,10300682
/Volumes/LaCie/postdoc_PhLAM/NO_HOPG/data/aimd_nspin_irene_0625_100traj/continue.vaspdata.Ei.0.1.Ts.100.NO.rand.zpe/vasprun-91.xml,834,0,10300780
/Volumes/LaCie/postdoc_PhLAM/NO_HOPG/data/aimd_nspin_irene_0625_100traj/continue.vaspdata.Ei.0.1.Ts.100.NO.rand.zpe/vasprun-91.xml,835,0,10300878
/Volumes/LaCie/postdoc_PhLAM/NO_HOPG/data/aimd_nspin_irene_0625_100traj/continue.vaspdata.Ei.0.1.Ts.100.NO.rand.zpe/vasprun-91.xml,836,0,10300976
/Volumes/LaCie/postdoc_PhLAM/NO_HOPG/data/aimd_nspin_irene_0625_100traj/continue.vaspdata.Ei.0.1.Ts.100.NO.rand.zpe/vasprun-91.xml,837,0,10301074
/Volumes/LaCie/postdoc_PhLAM/NO_HOPG/data/aimd_nspin_irene_0625_100traj/continue.vaspdata.Ei.0.1.Ts.100.NO.rand.zpe/vasprun-91.xml,838,0,10301172
/Volumes/LaCie/postdoc_PhLAM/NO_HOPG/data/aimd_nspin_irene_0625_100traj/continue.vaspdata.Ei.0.1.Ts.100.NO.rand.zpe/vasprun-91.xml,839,0,10301270
/Volumes/LaCie/postdoc_PhLAM/NO_HOPG/data/aimd_nspin_irene_0625_100traj/continue.vaspdata.Ei.0.1.Ts.100.NO.rand.zpe/vasprun-91.xml,840,0,10301368
/Volumes/LaCie/postdoc_PhLAM/NO_HOPG/data/aimd_nspin_irene_0625_100traj/continue.vaspdata.Ei.0.1.Ts.100.NO.rand.zpe/vasprun-91.xml,841,0,10301466
/Volumes/LaCie/postdoc_PhLAM/NO_HOPG/data/aimd_nspin_irene_0625_100traj/continue.vaspdata.Ei.0.1.Ts.100.NO.rand.zpe/vasprun-91.xml,842,0,10301564
/Volumes/LaCie/postdoc_PhLAM/NO_HOPG/data/aimd_nspin_irene_0625_100traj/continue.vaspdata.Ei.0.1.Ts.100.NO.rand.zpe/vasprun-91.xml,843,0,10301662
/Volumes/LaCie/postdoc_PhLAM/NO_HOPG/data/aimd_nspin_irene_0625_100traj/continue.vaspdata.Ei.0.1.Ts.100.NO.rand.zpe/vasprun-91.xml,844,0,10301760
/Volumes/LaCie/postdoc_PhLAM/NO_HOPG/data/aimd_nspin_irene_0625_100traj/continue.vaspdata.Ei.0.1.Ts.100.NO.rand.zpe/vasprun-91.xml,845,0,10301858
/Volumes/LaCie/postdoc_PhLAM/NO_HOPG/data/aimd_nspin_irene_0625_100traj/continue.vaspdata.Ei.0.1.Ts.100.NO.rand.zpe/vasprun-91.xml,846,0,10301956
/Volumes/LaCie/postdoc_PhLAM/NO_HOPG/data/aimd_nspin_irene_0625_100traj/continue.vaspdata.Ei.0.1.Ts.100.NO.rand.zpe/vasprun-91.xml,847,0,10302054
/Volumes/LaCie/postdoc_PhLAM/NO_HOPG/data/aimd_nspin_irene_0625_100traj/continue.vaspdata.Ei.0.1.Ts.100.NO.rand.zpe/vasprun-91.xml,848,0,10302152
/Volumes/LaCie/postdoc_PhLAM/NO_HOPG/data/aimd_nspin_irene_0625_100traj/continue.vaspdata.Ei.0.1.Ts.100.NO.rand.zpe/vasprun-91.xml,849,0,10302250
/Volumes/LaCie/postdoc_PhLAM/NO_HOPG/data/aimd_nspin_irene_0625_100traj/continue.vaspdata.Ei.0.1.Ts.100.NO.rand.zpe/vasprun-91.xml,850,0,10302348
/Volumes/LaCie/postdoc_PhLAM/NO_HOPG/data/aimd_nspin_irene_0625_100traj/continue.vaspdata.Ei.0.1.Ts.100.NO.rand.zpe/vasprun-91.xml,857,0,10303034
/Volumes/LaCie/postdoc_PhLAM/NO_HOPG/data/aimd_nspin_irene_0625_100traj/continue.vaspdata.Ei.0.1.Ts.100.NO.rand.zpe/vasprun-91.xml,858,0,10303132
/Volumes/LaCie/postdoc_PhLAM/NO_HOPG/data/aimd_nspin_irene_0625_100traj/continue.vaspdata.Ei.0.1.Ts.100.NO.rand.zpe/vasprun-91.xml,859,0,10303230
/Volumes/LaCie/postdoc_PhLAM/NO_HOPG/data/aimd_nspin_irene_0625_100traj/continue.vaspdata.Ei.0.1.Ts.100.NO.rand.zpe/vasprun-91.xml,860,0,10303328
/Volumes/LaCie/postdoc_PhLAM/NO_HOPG/data/aimd_nspin_irene_0625_100traj/continue.vaspdata.Ei.0.1.Ts.100.NO.rand.zpe/vasprun-91.xml,861,0,10303426
/Volumes/LaCie/postdoc_PhLAM/NO_HOPG/data/aimd_nspin_irene_0625_100traj/continue.vaspdata.Ei.0.1.Ts.100.NO.rand.zpe/vasprun-91.xml,862,0,10303524
/Volumes/LaCie/postdoc_PhLAM/NO_HOPG/data/aimd_nspin_irene_0625_100traj/continue.vaspdata.Ei.0.1.Ts.100.NO.rand.zpe/vasprun-91.xml,863,0,10303622
/Volumes/LaCie/postdoc_PhLAM/NO_HOPG/data/aimd_nspin_irene_0625_100traj/continue.vaspdata.Ei.0.1.Ts.100.NO.rand.zpe/vasprun-93.xml,1574,1,10519517
/Volumes/LaCie/postdoc_PhLAM/NO_HOPG/data/aimd_nspin_irene_0625_100traj/continue.vaspdata.Ei.0.1.Ts.100.NO.rand.zpe/vasprun-93.xml,1575,1,10519615
/Volumes/LaCie/postdoc_PhLAM/NO_HOPG/data/aimd_nspin_irene_0625_100traj/continue.vaspdata.Ei.0.1.Ts.100.NO.rand.zpe/vasprun-93.xml,1576,1,10519713
/Volumes/LaCie/postdoc_PhLAM/NO_HOPG/data/aimd_nspin_irene_0625_100traj/continue.vaspdata.Ei.0.1.Ts.100.NO.rand.zpe/vasprun-93.xml,1577,1,10519811
/Volumes/LaCie/postdoc_PhLAM/NO_HOPG/data/aimd_nspin_irene_0625_100traj/continue.vaspdata.Ei.0.1.Ts.100.NO.rand.zpe/vasprun-93.xml,1578,1,10519909
/Volumes/LaCie/postdoc_PhLAM/NO_HOPG/data/aimd_nspin_irene_0625_100traj/continue.vaspdata.Ei.0.1.Ts.100.NO.rand.zpe/vasprun-93.xml,1579,1,10520007
/Volumes/LaCie/postdoc_PhLAM/NO_HOPG/data/aimd_nspin_irene_0625_100traj/continue.vaspdata.Ei.0.1.Ts.100.NO.rand.zpe/vasprun-93.xml,1580,1,10520105
/Volumes/LaCie/postdoc_PhLAM/NO_HOPG/data/aimd_nspin_irene_0625_100traj/continue.vaspdata.Ei.0.1.Ts.100.NO.rand.zpe/vasprun-98.xml,656,0,10920042
/Volumes/LaCie/postdoc_PhLAM/NO_HOPG/data/aimd_nspin_irene_0625_100traj/continue.vaspdata.Ei.0.1.Ts.100.NO.rand.zpe/vasprun-98.xml,657,0,10920140
/Volumes/LaCie/postdoc_PhLAM/NO_HOPG/data/aimd_nspin_irene_0625_100traj/continue.vaspdata.Ei.0.1.Ts.100.NO.rand.zpe/vasprun-98.xml,658,0,10920238
/Volumes/LaCie/postdoc_PhLAM/NO_HOPG/data/aimd_nspin_irene_0625_100traj/continue.vaspdata.Ei.0.1.Ts.100.NO.rand.zpe/vasprun-98.xml,659,0,10920336
/Volumes/LaCie/postdoc_PhLAM/NO_HOPG/data/aimd_nspin_irene_0625_100traj/continue.vaspdata.Ei.0.1.Ts.100.NO.rand.zpe/vasprun-98.xml,660,0,10920434
/Volumes/LaCie/postdoc_PhLAM/NO_HOPG/data/aimd_nspin_irene_0625_100traj/continue.vaspdata.Ei.0.1.Ts.100.NO.rand.zpe/vasprun-98.xml,661,0,10920532
/Volumes/LaCie/postdoc_PhLAM/NO_HOPG/data/aimd_nspin_irene_0625_100traj/continue.vaspdata.Ei.0.1.Ts.100.NO.rand.zpe/vasprun-98.xml,662,0,10920630
/Volumes/LaCie/postdoc_PhLAM/NO_HOPG/data/aimd_nspin_irene_0625_100traj/continue.vaspdata.Ei.0.1.Ts.100.NO.rand.zpe/vasprun-98.xml,663,0,10920728
/Volumes/LaCie/postdoc_PhLAM/NO_HOPG/data/aimd_nspin_irene_0625_100traj/continue.vaspdata.Ei.0.1.Ts.100.NO.rand.zpe/vasprun-98.xml,664,0,10920826
/Volumes/LaCie/postdoc_PhLAM/NO_HOPG/data/aimd_nspin_irene_0625_100traj/continue.vaspdata.Ei.0.1.Ts.100.NO.rand.zpe/vasprun-98.xml,665,0,10920924
/Volumes/LaCie/postdoc_PhLAM/NO_HOPG/data/aimd_nspin_irene_0625_100traj/continue.vaspdata.Ei.0.1.Ts.100.NO.rand.zpe/vasprun-98.xml,666,0,10921022
/Volumes/LaCie/postdoc_PhLAM/NO_HOPG/data/aimd_nspin_irene_0625_100traj/continue.vaspdata.Ei.0.1.Ts.100.NO.rand.zpe/vasprun-98.xml,667,0,10921120
/Volumes/LaCie/postdoc_PhLAM/NO_HOPG/data/aimd_nspin_irene_0625_100traj/continue.vaspdata.Ei.0.1.Ts.100.NO.rand.zpe/vasprun-98.xml,668,0,10921218
/Volumes/LaCie/postdoc_PhLAM/NO_HOPG/data/aimd_nspin_irene_0625_100traj/continue.vaspdata.Ei.0.1.Ts.100.NO.rand.zpe/vasprun-98.xml,669,0,10921316
/Volumes/LaCie/postdoc_PhLAM/NO_HOPG/data/aimd_nspin_irene_0625_100traj/continue.vaspdata.Ei.0.1.Ts.100.NO.rand.zpe/vasprun-98.xml,670,0,10921414
/Volumes/LaCie/postdoc_PhLAM/NO_HOPG/data/aimd_nspin_irene_0625_100traj/continue.vaspdata.Ei.0.1.Ts.100.NO.rand.zpe/vasprun-98.xml,671,0,10921512
/Volumes/LaCie/postdoc_PhLAM/NO_HOPG/data/aimd_nspin_irene_0625_100traj/continue.vaspdata.Ei.0.1.Ts.100.NO.rand.zpe/vasprun-98.xml,672,0,10921610
/Volumes/LaCie/postdoc_PhLAM/NO_HOPG/data/aimd_nspin_irene_0625_100traj/continue.vaspdata.Ei.0.1.Ts.100.NO.rand.zpe/vasprun-98.xml,673,0,10921708
/Volumes/LaCie/postdoc_PhLAM/NO_HOPG/data/aimd_nspin_irene_0625_100traj/continue.vaspdata.Ei.0.1.Ts.100.NO.rand.zpe/vasprun-98.xml,674,0,10921806
/Volumes/LaCie/postdoc_PhLAM/NO_HOPG/data/aimd_nspin_irene_0625_100traj/continue.vaspdata.Ei.0.1.Ts.100.NO.rand.zpe/vasprun-98.xml,675,0,10921904
/Volumes/LaCie/postdoc_PhLAM/NO_HOPG/data/aimd_nspin_irene_0625_100traj/continue.vaspdata.Ei.0.1.Ts.100.NO.rand.zpe/vasprun-98.xml,676,0,10922002
/Volumes/LaCie/postdoc_PhLAM/NO_HOPG/data/aimd_nspin_irene_0625_100traj/continue.vaspdata.Ei.0.1.Ts.100.NO.rand.zpe/vasprun-98.xml,677,0,10922100
/Volumes/LaCie/postdoc_PhLAM/NO_HOPG/data/aimd_nspin_irene_0625_100traj/continue.vaspdata.Ei.0.1.Ts.100.NO.rand.zpe/vasprun-98.xml,678,0,10922198
/Volumes/LaCie/postdoc_PhLAM/NO_HOPG/data/aimd_nspin_irene_0625_100traj/continue.vaspdata.Ei.0.1.Ts.100.NO.rand.zpe/vasprun-98.xml,679,0,10922296
/Volumes/LaCie/postdoc_PhLAM/NO_HOPG/data/aimd_nspin_irene_0625_100traj/continue.vaspdata.Ei.0.1.Ts.100.NO.rand.zpe/vasprun-98.xml,680,0,10922394
/Volumes/LaCie/postdoc_PhLAM/NO_HOPG/data/aimd_nspin_irene_0625_100traj/continue.vaspdata.Ei.0.1.Ts.100.NO.rand.zpe/vasprun-98.xml,681,0,10922492
/Volumes/LaCie/postdoc_PhLAM/NO_HOPG/data/aimd_nspin_irene_0625_100traj/continue.vaspdata.Ei.0.1.Ts.100.NO.rand.zpe/vasprun-98.xml,682,0,10922590
/Volumes/LaCie/postdoc_PhLAM/NO_HOPG/data/aimd_nspin_irene_0625_100traj/continue.vaspdata.Ei.0.1.Ts.100.NO.rand.zpe/vasprun-98.xml,683,0,10922688
/Volumes/LaCie/postdoc_PhLAM/NO_HOPG/data/aimd_nspin_irene_0625_100traj/continue.vaspdata.Ei.0.1.Ts.100.NO.rand.zpe/vasprun-98.xml,684,0,10922786
/Volumes/LaCie/postdoc_PhLAM/NO_HOPG/data/aimd_nspin_irene_0625_100traj/continue.vaspdata.Ei.0.1.Ts.100.NO.rand.zpe/vasprun-98.xml,685,0,10922884
/Volumes/LaCie/postdoc_PhLAM/NO_HOPG/data/aimd_nspin_irene_0625_100traj/continue.vaspdata.Ei.0.1.Ts.100.NO.rand.zpe/vasprun-98.xml,686,0,10922982
/Volumes/LaCie/postdoc_PhLAM/NO_HOPG/data/aimd_nspin_irene_0625_100traj/continue.vaspdata.Ei.0.1.Ts.100.NO.rand.zpe/vasprun-98.xml,687,0,10923080
/Volumes/LaCie/postdoc_PhLAM/NO_HOPG/data/aimd_nspin_irene_0625_100traj/continue.vaspdata.Ei.0.1.Ts.100.NO.rand.zpe/vasprun-98.xml,688,0,10923178
/Volumes/LaCie/postdoc_PhLAM/NO_HOPG/data/aimd_nspin_irene_0625_100traj/continue.vaspdata.Ei.0.1.Ts.100.NO.rand.zpe/vasprun-98.xml,689,0,10923276
/Volumes/LaCie/postdoc_PhLAM/NO_HOPG/data/aimd_nspin_irene_0625_100traj/continue.vaspdata.Ei.0.1.Ts.100.NO.rand.zpe/vasprun-98.xml,690,0,10923374
/Volumes/LaCie/postdoc_PhLAM/NO_HOPG/data/aimd_nspin_irene_0625_100traj/continue.vaspdata.Ei.0.1.Ts.100.NO.rand.zpe/vasprun-98.xml,691,0,10923472
/Volumes/LaCie/postdoc_PhLAM/NO_HOPG/data/aimd_nspin_irene_0625_100traj/continue.vaspdata.Ei.0.1.Ts.100.NO.rand.zpe/vasprun-98.xml,692,0,10923570
/Volumes/LaCie/postdoc_PhLAM/NO_HOPG/data/aimd_nspin_irene_0625_100traj/continue.vaspdata.Ei.0.1.Ts.100.NO.rand.zpe/vasprun-98.xml,693,0,10923668
/Volumes/LaCie/postdoc_PhLAM/NO_HOPG/data/aimd_nspin_irene_0625_100traj/continue.vaspdata.Ei.0.1.Ts.100.NO.rand.zpe/vasprun-98.xml,694,0,10923766
/Volumes/LaCie/postdoc_PhLAM/NO_HOPG/data/aimd_nspin_irene_0625_100traj/continue.vaspdata.Ei.0.1.Ts.100.NO.rand.zpe/vasprun-98.xml,695,0,10923864
/Volumes/LaCie/postdoc_PhLAM/NO_HOPG/data/aimd_nspin_irene_0625_100traj/continue.vaspdata.Ei.0.1.Ts.100.NO.rand.zpe/vasprun-98.xml,696,0,10923962
/Volumes/LaCie/postdoc_PhLAM/NO_HOPG/data/aimd_nspin_irene_0625_100traj/continue.vaspdata.Ei.0.1.Ts.100.NO.rand.zpe/vasprun-98.xml,697,0,10924060
/Volumes/LaCie/postdoc_PhLAM/NO_HOPG/data/aimd_nspin_irene_0625_100traj/continue.vaspdata.Ei.0.1.Ts.100.NO.rand.zpe/vasprun-98.xml,698,0,10924158
/Volumes/LaCie/postdoc_PhLAM/NO_HOPG/data/aimd_nspin_irene_0625_100traj/continue.vaspdata.Ei.0.1.Ts.100.NO.rand.zpe/vasprun-98.xml,699,0,10924256
/Volumes/LaCie/postdoc_PhLAM/NO_HOPG/data/aimd_nspin_irene_0625_100traj/continue.vaspdata.Ei.0.1.Ts.100.NO.rand.zpe/vasprun-98.xml,700,0,10924354
/Volumes/LaCie/postdoc_PhLAM/NO_HOPG/data/aimd_nspin_irene_0625_100traj/continue.vaspdata.Ei.0.1.Ts.100.NO.rand.zpe/vasprun-98.xml,701,0,10924452
/Volumes/LaCie/postdoc_PhLAM/NO_HOPG/data/aimd_nspin_irene_0625_100traj/continue.vaspdata.Ei.0.1.Ts.100.NO.rand.zpe/vasprun-98.xml,702,0,10924550
/Volumes/LaCie/postdoc_PhLAM/NO_HOPG/data/aimd_nspin_irene_0625_100traj/continue.vaspdata.Ei.0.1.Ts.100.NO.rand.zpe/vasprun-98.xml,703,0,10924648
/Volumes/LaCie/postdoc_PhLAM/NO_HOPG/data/aimd_nspin_irene_0625_100traj/continue.vaspdata.Ei.0.1.Ts.100.NO.rand.zpe/vasprun-98.xml,704,0,10924746
/Volumes/LaCie/postdoc_PhLAM/NO_HOPG/data/aimd_nspin_irene_0625_100traj/continue.vaspdata.Ei.0.1.Ts.100.NO.rand.zpe/vasprun-98.xml,705,0,10924844
/Volumes/LaCie/postdoc_PhLAM/NO_HOPG/data/aimd_nspin_irene_0625_100traj/continue.vaspdata.Ei.0.1.Ts.100.NO.rand.zpe/vasprun-98.xml,706,0,10924942
/Volumes/LaCie/postdoc_PhLAM/NO_HOPG/data/aimd_nspin_irene_0625_100traj/continue.vaspdata.Ei.0.1.Ts.100.NO.rand.zpe/vasprun-98.xml,707,0,10925040
/Volumes/LaCie/postdoc_PhLAM/NO_HOPG/data/aimd_nspin_irene_0625_100traj/continue.vaspdata.Ei.0.1.Ts.100.NO.rand.zpe/vasprun-98.xml,708,0,10925138
/Volumes/LaCie/postdoc_PhLAM/NO_HOPG/data/aimd_nspin_irene_0625_100traj/continue.vaspdata.Ei.0.1.Ts.100.NO.rand.zpe/vasprun-98.xml,709,0,10925236
/Volumes/LaCie/postdoc_PhLAM/NO_HOPG/data/aimd_nspin_irene_0625_100traj/continue.vaspdata.Ei.0.1.Ts.100.NO.rand.zpe/vasprun-98.xml,710,0,10925334
/Volumes/LaCie/postdoc_PhLAM/NO_HOPG/data/aimd_nspin_irene_0625_100traj/continue.vaspdata.Ei.0.1.Ts.100.NO.rand.zpe/vasprun-98.xml,711,0,10925432
/Volumes/LaCie/postdoc_PhLAM/NO_HOPG/data/aimd_nspin_irene_0625_100traj/continue.vaspdata.Ei.0.1.Ts.100.NO.rand.zpe/vasprun-98.xml,712,0,10925530
/Volumes/LaCie/postdoc_PhLAM/NO_HOPG/data/aimd_nspin_irene_0625_100traj/continue.vaspdata.Ei.0.1.Ts.100.NO.rand.zpe/vasprun-98.xml,713,0,10925628
/Volumes/LaCie/postdoc_PhLAM/NO_HOPG/data/aimd_nspin_irene_0625_100traj/continue.vaspdata.Ei.0.1.Ts.100.NO.rand.zpe/vasprun-98.xml,714,0,10925726
/Volumes/LaCie/postdoc_PhLAM/NO_HOPG/data/aimd_nspin_irene_0625_100traj/continue.vaspdata.Ei.0.1.Ts.100.NO.rand.zpe/vasprun-98.xml,715,0,10925824
/Volumes/LaCie/postdoc_PhLAM/NO_HOPG/data/aimd_nspin_irene_0625_100traj/continue.vaspdata.Ei.0.1.Ts.100.NO.rand.zpe/vasprun-98.xml,716,0,10925922
/Volumes/LaCie/postdoc_PhLAM/NO_HOPG/data/aimd_nspin_irene_0625_100traj/continue.vaspdata.Ei.0.1.Ts.100.NO.rand.zpe/vasprun-98.xml,717,0,10926020
/Volumes/LaCie/postdoc_PhLAM/NO_HOPG/data/aimd_nspin_irene_0625_100traj/continue.vaspdata.Ei.0.1.Ts.100.NO.rand.zpe/vasprun-98.xml,718,0,10926118
/Volumes/LaCie/postdoc_PhLAM/NO_HOPG/data/aimd_nspin_irene_0625_100traj/continue.vaspdata.Ei.0.1.Ts.100.NO.rand.zpe/vasprun-98.xml,719,0,10926216
/Volumes/LaCie/postdoc_PhLAM/NO_HOPG/data/aimd_nspin_irene_0625_100traj/continue.vaspdata.Ei.0.1.Ts.100.NO.rand.zpe/vasprun-98.xml,720,0,10926314
/Volumes/LaCie/postdoc_PhLAM/NO_HOPG/data/aimd_nspin_irene_0625_100traj/continue.vaspdata.Ei.0.1.Ts.100.NO.rand.zpe/vasprun-98.xml,721,0,10926412
/Volumes/LaCie/postdoc_PhLAM/NO_HOPG/data/aimd_nspin_irene_0625_100traj/continue.vaspdata.Ei.0.1.Ts.100.NO.rand.zpe/vasprun-98.xml,722,0,10926510
/Volumes/LaCie/postdoc_PhLAM/NO_HOPG/data/aimd_nspin_irene_0625_100traj/continue.vaspdata.Ei.0.1.Ts.100.NO.rand.zpe/vasprun-98.xml,723,0,10926608
/Volumes/LaCie/postdoc_PhLAM/NO_HOPG/data/aimd_nspin_irene_0625_100traj/continue.vaspdata.Ei.0.1.Ts.100.NO.rand.zpe/vasprun-98.xml,724,0,10926706
/Volumes/LaCie/postdoc_PhLAM/NO_HOPG/data/aimd_nspin_irene_0625_100traj/continue.vaspdata.Ei.0.1.Ts.100.NO.rand.zpe/vasprun-98.xml,725,0,10926804
/Volumes/LaCie/postdoc_PhLAM/NO_HOPG/data/aimd_nspin_irene_0625_100traj/continue.vaspdata.Ei.0.1.Ts.100.NO.rand.zpe/vasprun-98.xml,726,0,10926902
/Volumes/LaCie/postdoc_PhLAM/NO_HOPG/data/aimd_nspin_irene_0625_100traj/continue.vaspdata.Ei.0.1.Ts.100.NO.rand.zpe/vasprun-98.xml,727,0,10927000
/Volumes/LaCie/postdoc_PhLAM/NO_HOPG/data/aimd_nspin_irene_0625_100traj/continue.vaspdata.Ei.0.1.Ts.100.NO.rand.zpe/vasprun-98.xml,728,0,10927098
/Volumes/LaCie/postdoc_PhLAM/NO_HOPG/data/aimd_nspin_irene_0625_100traj/continue.vaspdata.Ei.0.1.Ts.100.NO.rand.zpe/vasprun-98.xml,729,0,10927196
/Volumes/LaCie/postdoc_PhLAM/NO_HOPG/data/aimd_nspin_irene_0625_100traj/continue.vaspdata.Ei.0.1.Ts.100.NO.rand.zpe/vasprun-98.xml,730,0,10927294
/Volumes/LaCie/postdoc_PhLAM/NO_HOPG/data/aimd_nspin_irene_0625_100traj/continue.vaspdata.Ei.0.1.Ts.100.NO.rand.zpe/vasprun-98.xml,731,0,10927392
/Volumes/LaCie/postdoc_PhLAM/NO_HOPG/data/aimd_nspin_irene_0625_100traj/continue.vaspdata.Ei.0.1.Ts.100.NO.rand.zpe/vasprun-98.xml,732,0,10927490
/Volumes/LaCie/postdoc_PhLAM/NO_HOPG/data/aimd_nspin_irene_0625_100traj/continue.vaspdata.Ei.0.1.Ts.100.NO.rand.zpe/vasprun-98.xml,733,0,10927588
/Volumes/LaCie/postdoc_PhLAM/NO_HOPG/data/aimd_nspin_irene_0625_100traj/continue.vaspdata.Ei.0.1.Ts.100.NO.rand.zpe/vasprun-98.xml,734,0,10927686
/Volumes/LaCie/postdoc_PhLAM/NO_HOPG/data/aimd_nspin_irene_0625_100traj/continue.vaspdata.Ei.0.1.Ts.100.NO.rand.zpe/vasprun-98.xml,735,0,10927784
/Volumes/LaCie/postdoc_PhLAM/NO_HOPG/data/aimd_nspin_irene_0625_100traj/continue.vaspdata.Ei.0.1.Ts.100.NO.rand.zpe/vasprun-98.xml,736,0,10927882
/Volumes/LaCie/postdoc_PhLAM/NO_HOPG/data/aimd_nspin_irene_0625_100traj/continue.vaspdata.Ei.0.1.Ts.100.NO.rand.zpe/vasprun-98.xml,737,0,10927980
/Volumes/LaCie/postdoc_PhLAM/NO_HOPG/data/aimd_nspin_irene_0625_100traj/continue.vaspdata.Ei.0.1.Ts.100.NO.rand.zpe/vasprun-98.xml,738,0,10928078
/Volumes/LaCie/postdoc_PhLAM/NO_HOPG/data/aimd_nspin_irene_0625_100traj/continue.vaspdata.Ei.0.1.Ts.100.NO.rand.zpe/vasprun-98.xml,739,0,10928176
/Volumes/LaCie/postdoc_PhLAM/NO_HOPG/data/aimd_nspin_irene_0625_100traj/continue.vaspdata.Ei.0.1.Ts.100.NO.rand.zpe/vasprun-98.xml,740,0,10928274
/Volumes/LaCie/postdoc_PhLAM/NO_HOPG/data/aimd_nspin_irene_0625_100traj/continue.vaspdata.Ei.0.1.Ts.100.NO.rand.zpe/vasprun-99.xml,400,0,11043522
/Volumes/LaCie/postdoc_PhLAM/NO_HOPG/data/aimd_nspin_irene_0625_100traj/continue.vaspdata.Ei.0.1.Ts.100.NO.rand.zpe/vasprun-99.xml,401,0,11043620
/Volumes/LaCie/postdoc_PhLAM/NO_HOPG/data/aimd_nspin_irene_0625_100traj/continue.vaspdata.Ei.0.1.Ts.100.NO.rand.zpe/vasprun-99.xml,402,0,11043718
/Volumes/LaCie/postdoc_PhLAM/NO_HOPG/data/aimd_nspin_irene_0625_100traj/continue.vaspdata.Ei.0.1.Ts.100.NO.rand.zpe/vasprun-99.xml,403,0,11043816
/Volumes/LaCie/postdoc_PhLAM/NO_HOPG/data/aimd_nspin_irene_0625_100traj/continue.vaspdata.Ei.0.1.Ts.100.NO.rand.zpe/vasprun-99.xml,404,0,11043914
/Volumes/LaCie/postdoc_PhLAM/NO_HOPG/data/aimd_nspin_irene_0625_100traj/continue.vaspdata.Ei.0.1.Ts.100.NO.rand.zpe/vasprun-99.xml,405,0,11044012
/Volumes/LaCie/postdoc_PhLAM/NO_HOPG/data/aimd_nspin_irene_0625_100traj/continue.vaspdata.Ei.0.1.Ts.100.NO.rand.zpe/vasprun-99.xml,406,0,11044110
/Volumes/LaCie/postdoc_PhLAM/NO_HOPG/data/aimd_nspin_irene_0625_100traj/continue.vaspdata.Ei.0.1.Ts.100.NO.rand.zpe/vasprun-99.xml,407,0,11044208
/Volumes/LaCie/postdoc_PhLAM/NO_HOPG/data/aimd_nspin_irene_0625_100traj/continue.vaspdata.Ei.0.1.Ts.100.NO.rand.zpe/vasprun-99.xml,408,0,11044306
/Volumes/LaCie/postdoc_PhLAM/NO_HOPG/data/aimd_nspin_irene_0625_100traj/continue.vaspdata.Ei.0.1.Ts.100.NO.rand.zpe/vasprun-99.xml,409,0,11044404
/Volumes/LaCie/postdoc_PhLAM/NO_HOPG/data/aimd_nspin_irene_0625_100traj/continue.vaspdata.Ei.0.1.Ts.100.NO.rand.zpe/vasprun-99.xml,410,0,11044502
/Volumes/LaCie/postdoc_PhLAM/NO_HOPG/data/aimd_nspin_irene_0625_100traj/continue.vaspdata.Ei.0.1.Ts.100.NO.rand.zpe/vasprun-99.xml,411,0,11044600
/Volumes/LaCie/postdoc_PhLAM/NO_HOPG/data/aimd_nspin_irene_0625_100traj/continue.vaspdata.Ei.0.1.Ts.100.NO.rand.zpe/vasprun-99.xml,412,0,11044698
/Volumes/LaCie/postdoc_PhLAM/NO_HOPG/data/aimd_nspin_irene_0625_100traj/continue.vaspdata.Ei.0.1.Ts.100.NO.rand.zpe/vasprun-99.xml,413,0,11044796
/Volumes/LaCie/postdoc_PhLAM/NO_HOPG/data/aimd_nspin_irene_0625_100traj/continue.vaspdata.Ei.0.1.Ts.100.NO.rand.zpe/vasprun-99.xml,414,0,11044894
/Volumes/LaCie/postdoc_PhLAM/NO_HOPG/data/aimd_nspin_irene_0625_100traj/continue.vaspdata.Ei.0.1.Ts.100.NO.rand.zpe/vasprun-99.xml,415,0,11044992
/Volumes/LaCie/postdoc_PhLAM/NO_HOPG/data/aimd_nspin_irene_0625_100traj/continue.vaspdata.Ei.0.1.Ts.100.NO.rand.zpe/vasprun-99.xml,416,0,11045090
/Volumes/LaCie/postdoc_PhLAM/NO_HOPG/data/aimd_nspin_irene_0625_100traj/continue.vaspdata.Ei.0.1.Ts.100.NO.rand.zpe/vasprun-99.xml,417,0,11045188
/Volumes/LaCie/postdoc_PhLAM/NO_HOPG/data/aimd_nspin_irene_0625_100traj/continue.vaspdata.Ei.0.1.Ts.100.NO.rand.zpe/vasprun-99.xml,418,0,11045286
/Volumes/LaCie/postdoc_PhLAM/NO_HOPG/data/aimd_nspin_irene_0625_100traj/continue.vaspdata.Ei.0.1.Ts.100.NO.rand.zpe/vasprun-99.xml,419,0,11045384
/Volumes/LaCie/postdoc_PhLAM/NO_HOPG/data/aimd_nspin_irene_0625_100traj/continue.vaspdata.Ei.0.1.Ts.100.NO.rand.zpe/vasprun-99.xml,420,0,11045482
/Volumes/LaCie/postdoc_PhLAM/NO_HOPG/data/aimd_nspin_irene_0625_100traj/continue.vaspdata.Ei.0.1.Ts.100.NO.rand.zpe/vasprun-99.xml,421,0,11045580
/Volumes/LaCie/postdoc_PhLAM/NO_HOPG/data/aimd_nspin_irene_0625_100traj/continue.vaspdata.Ei.0.1.Ts.100.NO.rand.zpe/vasprun-99.xml,422,0,11045678
/Volumes/LaCie/postdoc_PhLAM/NO_HOPG/data/aimd_nspin_irene_0625_100traj/continue.vaspdata.Ei.0.1.Ts.100.NO.rand.zpe/vasprun-99.xml,423,0,11045776
/Volumes/LaCie/postdoc_PhLAM/NO_HOPG/data/aimd_nspin_irene_0625_100traj/continue.vaspdata.Ei.0.1.Ts.100.NO.rand.zpe/vasprun-99.xml,424,0,11045874
/Volumes/LaCie/postdoc_PhLAM/NO_HOPG/data/aimd_nspin_irene_0625_100traj/continue.vaspdata.Ei.0.1.Ts.100.NO.rand.zpe/vasprun-99.xml,425,0,11045972
/Volumes/LaCie/postdoc_PhLAM/NO_HOPG/data/aimd_nspin_irene_0625_100traj/continue.vaspdata.Ei.0.1.Ts.100.NO.rand.zpe/vasprun-99.xml,426,0,11046070
/Volumes/LaCie/postdoc_PhLAM/NO_HOPG/data/aimd_nspin_irene_0625_100traj/continue.vaspdata.Ei.0.1.Ts.100.NO.rand.zpe/vasprun-99.xml,427,0,11046168
/Volumes/LaCie/postdoc_PhLAM/NO_HOPG/data/aimd_nspin_irene_0625_100traj/continue.vaspdata.Ei.0.1.Ts.100.NO.rand.zpe/vasprun-99.xml,428,0,11046266
/Volumes/LaCie/postdoc_PhLAM/NO_HOPG/data/aimd_nspin_irene_0625_100traj/continue.vaspdata.Ei.0.1.Ts.100.NO.rand.zpe/vasprun-99.xml,429,0,11046364
/Volumes/LaCie/postdoc_PhLAM/NO_HOPG/data/aimd_nspin_irene_0625_100traj/continue.vaspdata.Ei.0.1.Ts.100.NO.rand.zpe/vasprun-99.xml,430,0,11046462
/Volumes/LaCie/postdoc_PhLAM/NO_HOPG/data/aimd_nspin_irene_0625_100traj/continue.vaspdata.Ei.0.1.Ts.100.NO.rand.zpe/vasprun-99.xml,431,0,11046560
/Volumes/LaCie/postdoc_PhLAM/NO_HOPG/data/aimd_nspin_irene_0625_100traj/continue.vaspdata.Ei.0.1.Ts.100.NO.rand.zpe/vasprun-99.xml,432,0,11046658
/Volumes/LaCie/postdoc_PhLAM/NO_HOPG/data/aimd_nspin_irene_0625_100traj/continue.vaspdata.Ei.0.1.Ts.100.NO.rand.zpe/vasprun-99.xml,433,0,11046756
/Volumes/LaCie/postdoc_PhLAM/NO_HOPG/data/aimd_nspin_irene_0625_100traj/continue.vaspdata.Ei.0.1.Ts.100.NO.rand.zpe/vasprun-99.xml,434,0,11046854
/Volumes/LaCie/postdoc_PhLAM/NO_HOPG/data/aimd_nspin_irene_0625_100traj/continue.vaspdata.Ei.0.1.Ts.100.NO.rand.zpe/vasprun-99.xml,435,0,11046952
/Volumes/LaCie/postdoc_PhLAM/NO_HOPG/data/aimd_nspin_irene_0625_100traj/continue.vaspdata.Ei.0.1.Ts.100.NO.rand.zpe/vasprun-99.xml,436,0,11047050
/Volumes/LaCie/postdoc_PhLAM/NO_HOPG/data/aimd_nspin_irene_0625_100traj/continue.vaspdata.Ei.0.1.Ts.100.NO.rand.zpe/vasprun-99.xml,437,0,11047148
/Volumes/LaCie/postdoc_PhLAM/NO_HOPG/data/aimd_nspin_irene_0625_100traj/continue.vaspdata.Ei.0.1.Ts.100.NO.rand.zpe/vasprun-99.xml,438,0,11047246
/Volumes/LaCie/postdoc_PhLAM/NO_HOPG/data/aimd_nspin_irene_0625_100traj/continue.vaspdata.Ei.0.1.Ts.100.NO.rand.zpe/vasprun-99.xml,439,0,11047344
/Volumes/LaCie/postdoc_PhLAM/NO_HOPG/data/aimd_nspin_irene_0625_100traj/continue.vaspdata.Ei.0.1.Ts.100.NO.rand.zpe/vasprun-99.xml,440,0,11047442
/Volumes/LaCie/postdoc_PhLAM/NO_HOPG/data/aimd_nspin_irene_0625_100traj/continue.vaspdata.Ei.0.1.Ts.100.NO.rand.zpe/vasprun-99.xml,441,0,11047540
/Volumes/LaCie/postdoc_PhLAM/NO_HOPG/data/aimd_nspin_irene_0625_100traj/continue.vaspdata.Ei.0.1.Ts.100.NO.rand.zpe/vasprun-99.xml,442,0,11047638
/Volumes/LaCie/postdoc_PhLAM/NO_HOPG/data/aimd_nspin_irene_0625_100traj/continue.vaspdata.Ei.0.1.Ts.100.NO.rand.zpe/vasprun-99.xml,443,0,11047736
/Volumes/LaCie/postdoc_PhLAM/NO_HOPG/data/aimd_nspin_irene_0625_100traj/continue.vaspdata.Ei.0.1.Ts.100.NO.rand.zpe/vasprun-99.xml,444,0,11047834
/Volumes/LaCie/postdoc_PhLAM/NO_HOPG/data/aimd_nspin_irene_0625_100traj/continue.vaspdata.Ei.0.1.Ts.100.NO.rand.zpe/vasprun-99.xml,445,0,11047932
/Volumes/LaCie/postdoc_PhLAM/NO_HOPG/data/aimd_nspin_irene_0625_100traj/continue.vaspdata.Ei.0.1.Ts.100.NO.rand.zpe/vasprun-99.xml,446,0,11048030
/Volumes/LaCie/postdoc_PhLAM/NO_HOPG/data/aimd_nspin_irene_0625_100traj/continue.vaspdata.Ei.0.1.Ts.100.NO.rand.zpe/vasprun-99.xml,447,0,11048128
/Volumes/LaCie/postdoc_PhLAM/NO_HOPG/data/aimd_nspin_irene_0625_100traj/continue.vaspdata.Ei.0.1.Ts.100.NO.rand.zpe/vasprun-99.xml,448,0,11048226
/Volumes/LaCie/postdoc_PhLAM/NO_HOPG/data/aimd_nspin_irene_0625_100traj/continue.vaspdata.Ei.0.1.Ts.100.NO.rand.zpe/vasprun-99.xml,449,0,11048324
/Volumes/LaCie/postdoc_PhLAM/NO_HOPG/data/aimd_nspin_irene_0625_100traj/continue.vaspdata.Ei.0.1.Ts.100.NO.rand.zpe/vasprun-99.xml,450,0,11048422
/Volumes/LaCie/postdoc_PhLAM/NO_HOPG/data/aimd_nspin_irene_0625_100traj/continue.vaspdata.Ei.0.1.Ts.100.NO.rand.zpe/vasprun-99.xml,455,0,11048912
/Volumes/LaCie/postdoc_PhLAM/NO_HOPG/data/aimd_nspin_irene_0625_100traj/continue.vaspdata.Ei.0.1.Ts.100.NO.rand.zpe/vasprun-99.xml,456,0,11049010
/Volumes/LaCie/postdoc_PhLAM/NO_HOPG/data/aimd_nspin_irene_0625_100traj/continue.vaspdata.Ei.0.1.Ts.100.NO.rand.zpe/vasprun-99.xml,457,0,11049108
/Volumes/LaCie/postdoc_PhLAM/NO_HOPG/data/aimd_nspin_irene_0625_100traj/continue.vaspdata.Ei.0.1.Ts.100.NO.rand.zpe/vasprun-99.xml,458,0,11049206
/Volumes/LaCie/postdoc_PhLAM/NO_HOPG/data/aimd_nspin_irene_0625_100traj/continue.vaspdata.Ei.0.1.Ts.100.NO.rand.zpe/vasprun-99.xml,1552,0,11156418
/Volumes/LaCie/postdoc_PhLAM/NO_HOPG/data/aimd_nspin_irene_0625_100traj/continue.vaspdata.Ei.0.1.Ts.100.NO.rand.zpe/vasprun-99.xml,1553,0,11156516
/Volumes/LaCie/postdoc_PhLAM/NO_HOPG/data/aimd_nspin_irene_0625_100traj/continue.vaspdata.Ei.0.1.Ts.100.NO.rand.zpe/vasprun-99.xml,1554,0,11156614
/Volumes/LaCie/postdoc_PhLAM/NO_HOPG/data/aimd_nspin_irene_0625_100traj/continue.vaspdata.Ei.0.1.Ts.100.NO.rand.zpe/vasprun-99.xml,1555,0,11156712
/Volumes/LaCie/postdoc_PhLAM/NO_HOPG/data/aimd_nspin_irene_0625_100traj/continue.vaspdata.Ei.0.1.Ts.100.NO.rand.zpe/vasprun-99.xml,1556,0,11156810
/Volumes/LaCie/postdoc_PhLAM/NO_HOPG/data/aimd_nspin_irene_0625_100traj/continue.vaspdata.Ei.0.1.Ts.100.NO.rand.zpe/vasprun-99.xml,1557,0,11156908
/Volumes/LaCie/postdoc_PhLAM/NO_HOPG/data/aimd_nspin_irene_0625_100traj/continue.vaspdata.Ei.0.1.Ts.100.NO.rand.zpe/vasprun-99.xml,1558,0,11157006
/Volumes/LaCie/postdoc_PhLAM/NO_HOPG/data/aimd_nspin_irene_0625_100traj/continue.vaspdata.Ei.0.1.Ts.100.NO.rand.zpe/vasprun-99.xml,1559,0,11157104
/Volumes/LaCie/postdoc_PhLAM/NO_HOPG/data/aimd_nspin_irene_0625_100traj/continue.vaspdata.Ei.0.1.Ts.100.NO.rand.zpe/vasprun-99.xml,1560,0,11157202
/Volumes/LaCie/postdoc_PhLAM/NO_HOPG/data/aimd_nspin_irene_0625_100traj/continue.vaspdata.Ei.0.1.Ts.100.NO.rand.zpe/vasprun-99.xml,1561,0,11157300
/Volumes/LaCie/postdoc_PhLAM/NO_HOPG/data/aimd_nspin_irene_0625_100traj/continue.vaspdata.Ei.0.1.Ts.100.NO.rand.zpe/vasprun-99.xml,1562,0,11157398
/Volumes/LaCie/postdoc_PhLAM/NO_HOPG/data/aimd_nspin_irene_0625_100traj/continue.vaspdata.Ei.0.1.Ts.100.NO.rand.zpe/vasprun-99.xml,1563,0,11157496
/Volumes/LaCie/postdoc_PhLAM/NO_HOPG/data/aimd_nspin_irene_0625_100traj/continue.vaspdata.Ei.0.1.Ts.100.NO.rand.zpe/vasprun-99.xml,1564,0,11157594
/Volumes/LaCie/postdoc_PhLAM/NO_HOPG/data/aimd_nspin_irene_0625_100traj/continue.vaspdata.Ei.0.1.Ts.100.NO.rand.zpe/vasprun-99.xml,1565,0,11157692
/Volumes/LaCie/postdoc_PhLAM/NO_HOPG/data/aimd_nspin_irene_0625_100traj/continue.vaspdata.Ei.0.1.Ts.100.NO.rand.zpe/vasprun-99.xml,1566,0,11157790
/Volumes/LaCie/postdoc_PhLAM/NO_HOPG/data/aimd_nspin_irene_0625_100traj/continue.vaspdata.Ei.0.1.Ts.100.NO.rand.zpe/vasprun-99.xml,1567,0,11157888
/Volumes/LaCie/postdoc_PhLAM/NO_HOPG/data/aimd_nspin_irene_0625_100traj/continue.vaspdata.Ei.0.1.Ts.100.NO.rand.zpe/vasprun-99.xml,1568,0,11157986
/Volumes/LaCie/postdoc_PhLAM/NO_HOPG/data/aimd_nspin_irene_0625_100traj/continue.vaspdata.Ei.0.1.Ts.100.NO.rand.zpe/vasprun-99.xml,1569,0,11158084
/Volumes/LaCie/postdoc_PhLAM/NO_HOPG/data/aimd_nspin_irene_0625_100traj/continue.vaspdata.Ei.0.1.Ts.100.NO.rand.zpe/vasprun-99.xml,1570,0,11158182
/Volumes/LaCie/postdoc_PhLAM/NO_HOPG/data/aimd_nspin_irene_0625_100traj/continue.vaspdata.Ei.0.1.Ts.100.NO.rand.zpe/vasprun-99.xml,1571,0,11158280
/Volumes/LaCie/postdoc_PhLAM/NO_HOPG/data/aimd_nspin_irene_0625_100traj/continue.vaspdata.Ei.0.1.Ts.100.NO.rand.zpe/vasprun-99.xml,1572,0,11158378
/Volumes/LaCie/postdoc_PhLAM/NO_HOPG/data/aimd_nspin_irene_0625_100traj/continue.vaspdata.Ei.0.1.Ts.100.NO.rand.zpe/vasprun-99.xml,1623,0,11163376
/Volumes/LaCie/postdoc_PhLAM/NO_HOPG/data/aimd_nspin_irene_0625_100traj/continue.vaspdata.Ei.0.1.Ts.100.NO.rand.zpe/vasprun-99.xml,1624,0,11163474
/Volumes/LaCie/postdoc_PhLAM/NO_HOPG/data/aimd_nspin_irene_0625_100traj/continue.vaspdata.Ei.0.1.Ts.100.NO.rand.zpe/vasprun-99.xml,1625,0,11163572
/Volumes/LaCie/postdoc_PhLAM/NO_HOPG/data/aimd_nspin_irene_0625_100traj/continue.vaspdata.Ei.0.1.Ts.100.NO.rand.zpe/vasprun-99.xml,1626,0,11163670
/Volumes/LaCie/postdoc_PhLAM/NO_HOPG/data/aimd_nspin_irene_0625_100traj/continue.vaspdata.Ei.0.1.Ts.100.NO.rand.zpe/vasprun-99.xml,1627,0,11163768
/Volumes/LaCie/postdoc_PhLAM/NO_HOPG/data/aimd_nspin_irene_0625_100traj/continue.vaspdata.Ei.0.1.Ts.100.NO.rand.zpe/vasprun-99.xml,1628,0,11163866
/Volumes/LaCie/postdoc_PhLAM/NO_HOPG/data/aimd_nspin_irene_0625_100traj/continue.vaspdata.Ei.0.1.Ts.100.NO.rand.zpe/vasprun-99.xml,1629,0,11163964
/Volumes/LaCie/postdoc_PhLAM/NO_HOPG/data/aimd_nspin_irene_0625_100traj/continue.vaspdata.Ei.0.1.Ts.100.NO.rand.zpe/vasprun-99.xml,1630,0,11164062
/Volumes/LaCie/postdoc_PhLAM/NO_HOPG/data/aimd_nspin_irene_0625_100traj/continue.vaspdata.Ei.0.1.Ts.100.NO.rand.zpe/vasprun-99.xml,1631,0,11164160
/Volumes/LaCie/postdoc_PhLAM/NO_HOPG/data/aimd_nspin_irene_0625_100traj/continue.vaspdata.Ei.0.1.Ts.100.NO.rand.zpe/vasprun-99.xml,1632,0,11164258
/Volumes/LaCie/postdoc_PhLAM/NO_HOPG/data/aimd_nspin_irene_0625_100traj/continue.vaspdata.Ei.0.1.Ts.100.NO.rand.zpe/vasprun-99.xml,1633,0,11164356
/Volumes/LaCie/postdoc_PhLAM/NO_HOPG/data/aimd_nspin_irene_0625_100traj/continue.vaspdata.Ei.0.1.Ts.100.NO.rand.zpe/vasprun-99.xml,1634,0,11164454
/Volumes/LaCie/postdoc_PhLAM/NO_HOPG/data/aimd_nspin_irene_0625_100traj/continue.vaspdata.Ei.0.1.Ts.100.NO.rand.zpe/vasprun-99.xml,1635,0,11164552
/Volumes/LaCie/postdoc_PhLAM/NO_HOPG/data/aimd_nspin_irene_0625_100traj/continue.vaspdata.Ei.0.1.Ts.100.NO.rand.zpe/vasprun-99.xml,1636,0,11164650
/Volumes/LaCie/postdoc_PhLAM/NO_HOPG/data/aimd_nspin_irene_0625_100traj/continue.vaspdata.Ei.0.1.Ts.100.NO.rand.zpe/vasprun-99.xml,1637,0,11164748
/Volumes/LaCie/postdoc_PhLAM/NO_HOPG/data/aimd_nspin_irene_0625_100traj/continue.vaspdata.Ei.0.1.Ts.100.NO.rand.zpe/vasprun-99.xml,1638,0,11164846
/Volumes/LaCie/postdoc_PhLAM/NO_HOPG/data/aimd_nspin_irene_0625_100traj/continue.vaspdata.Ei.0.1.Ts.100.NO.rand.zpe/vasprun-99.xml,1639,0,11164944
/Volumes/LaCie/postdoc_PhLAM/NO_HOPG/data/aimd_nspin_irene_0625_100traj/continue.vaspdata.Ei.0.1.Ts.100.NO.rand.zpe/vasprun-99.xml,1640,0,11165042
/Volumes/LaCie/postdoc_PhLAM/NO_HOPG/data/aimd_nspin_irene_0625_100traj/continue.vaspdata.Ei.0.1.Ts.100.NO.rand.zpe/vasprun-99.xml,1641,0,11165140
/Volumes/LaCie/postdoc_PhLAM/NO_HOPG/data/aimd_nspin_irene_0625_100traj/continue.vaspdata.Ei.0.1.Ts.100.NO.rand.zpe/vasprun-99.xml,1642,0,11165238
/Volumes/LaCie/postdoc_PhLAM/NO_HOPG/data/aimd_nspin_irene_0625_100traj/continue.vaspdata.Ei.0.1.Ts.100.NO.rand.zpe/vasprun-99.xml,1643,0,11165336
/Volumes/LaCie/postdoc_PhLAM/NO_HOPG/data/aimd_nspin_irene_0625_100traj/continue.vaspdata.Ei.0.1.Ts.100.NO.rand.zpe/vasprun-99.xml,1644,0,11165434
/Volumes/LaCie/postdoc_PhLAM/NO_HOPG/data/aimd_nspin_irene_0625_100traj/continue.vaspdata.Ei.0.1.Ts.100.NO.rand.zpe/vasprun-99.xml,1645,0,11165532
/Volumes/LaCie/postdoc_PhLAM/NO_HOPG/data/aimd_nspin_irene_0625_100traj/continue.vaspdata.Ei.0.1.Ts.100.NO.rand.zpe/vasprun-99.xml,1646,0,11165630
/Volumes/LaCie/postdoc_PhLAM/NO_HOPG/data/aimd_nspin_irene_0625_100traj/continue.vaspdata.Ei.0.1.Ts.100.NO.rand.zpe/vasprun-99.xml,1647,0,11165728
/Volumes/LaCie/postdoc_PhLAM/NO_HOPG/data/aimd_nspin_irene_0625_100traj/continue.vaspdata.Ei.0.1.Ts.100.NO.rand.zpe/vasprun-99.xml,1648,0,11165826
