file_id,struct_id,n_atoms_hit,file_path
0,516,1,/Users/samuel/Desktop/postdoc_PhLAM/NO_HOPG/data/vaspdata.Ei.0.1.Ts.100.NO.rand.zpe/vasprun-1.xml
0,576,1,/Users/samuel/Desktop/postdoc_PhLAM/NO_HOPG/data/vaspdata.Ei.0.1.Ts.100.NO.rand.zpe/vasprun-1.xml
0,625,1,/Users/samuel/Desktop/postdoc_PhLAM/NO_HOPG/data/vaspdata.Ei.0.1.Ts.100.NO.rand.zpe/vasprun-1.xml
0,640,1,/Users/samuel/Desktop/postdoc_PhLAM/NO_HOPG/data/vaspdata.Ei.0.1.Ts.100.NO.rand.zpe/vasprun-1.xml
0,645,1,/Users/samuel/Desktop/postdoc_PhLAM/NO_HOPG/data/vaspdata.Ei.0.1.Ts.100.NO.rand.zpe/vasprun-1.xml
0,767,1,/Users/samuel/Desktop/postdoc_PhLAM/NO_HOPG/data/vaspdata.Ei.0.1.Ts.100.NO.rand.zpe/vasprun-1.xml
0,834,1,/Users/samuel/Desktop/postdoc_PhLAM/NO_HOPG/data/vaspdata.Ei.0.1.Ts.100.NO.rand.zpe/vasprun-1.xml
0,867,1,/Users/samuel/Desktop/postdoc_PhLAM/NO_HOPG/data/vaspdata.Ei.0.1.Ts.100.NO.rand.zpe/vasprun-1.xml
0,925,1,/Users/samuel/Desktop/postdoc_PhLAM/NO_HOPG/data/vaspdata.Ei.0.1.Ts.100.NO.rand.zpe/vasprun-1.xml
0,1168,1,/Users/samuel/Desktop/postdoc_PhLAM/NO_HOPG/data/vaspdata.Ei.0.1.Ts.100.NO.rand.zpe/vasprun-1.xml
1,226,1,/Users/samuel/Desktop/postdoc_PhLAM/NO_HOPG/data/vaspdata.Ei.0.1.Ts.100.NO.rand.zpe/vasprun-10.xml
1,251,1,/Users/samuel/Desktop/postdoc_PhLAM/NO_HOPG/data/vaspdata.Ei.0.1.Ts.100.NO.rand.zpe/vasprun-10.xml
1,443,1,/Users/samuel/Desktop/postdoc_PhLAM/NO_HOPG/data/vaspdata.Ei.0.1.Ts.100.NO.rand.zpe/vasprun-10.xml
1,518,1,/Users/samuel/Desktop/postdoc_PhLAM/NO_HOPG/data/vaspdata.Ei.0.1.Ts.100.NO.rand.zpe/vasprun-10.xml
1,657,1,/Users/samuel/Desktop/postdoc_PhLAM/NO_HOPG/data/vaspdata.Ei.0.1.Ts.100.NO.rand.zpe/vasprun-10.xml
1,903,1,/Users/samuel/Desktop/postdoc_PhLAM/NO_HOPG/data/vaspdata.Ei.0.1.Ts.100.NO.rand.zpe/vasprun-10.xml
1,918,1,/Users/samuel/Desktop/postdoc_PhLAM/NO_HOPG/data/vaspdata.Ei.0.1.Ts.100.NO.rand.zpe/vasprun-10.xml
1,1102,1,/Users/samuel/Desktop/postdoc_PhLAM/NO_HOPG/data/vaspdata.Ei.0.1.Ts.100.NO.rand.zpe/vasprun-10.xml
2,114,1,/Users/samuel/Desktop/postdoc_PhLAM/NO_HOPG/data/vaspdata.Ei.0.1.Ts.100.NO.rand.zpe/vasprun-100.xml
2,169,1,/Users/samuel/Desktop/postdoc_PhLAM/NO_HOPG/data/vaspdata.Ei.0.1.Ts.100.NO.rand.zpe/vasprun-100.xml
2,228,1,/Users/samuel/Desktop/postdoc_PhLAM/NO_HOPG/data/vaspdata.Ei.0.1.Ts.100.NO.rand.zpe/vasprun-100.xml
2,299,1,/Users/samuel/Desktop/postdoc_PhLAM/NO_HOPG/data/vaspdata.Ei.0.1.Ts.100.NO.rand.zpe/vasprun-100.xml
2,309,1,/Users/samuel/Desktop/postdoc_PhLAM/NO_HOPG/data/vaspdata.Ei.0.1.Ts.100.NO.rand.zpe/vasprun-100.xml
2,447,1,/Users/samuel/Desktop/postdoc_PhLAM/NO_HOPG/data/vaspdata.Ei.0.1.Ts.100.NO.rand.zpe/vasprun-100.xml
2,552,1,/Users/samuel/Desktop/postdoc_PhLAM/NO_HOPG/data/vaspdata.Ei.0.1.Ts.100.NO.rand.zpe/vasprun-100.xml
2,580,1,/Users/samuel/Desktop/postdoc_PhLAM/NO_HOPG/data/vaspdata.Ei.0.1.Ts.100.NO.rand.zpe/vasprun-100.xml
2,1040,1,/Users/samuel/Desktop/postdoc_PhLAM/NO_HOPG/data/vaspdata.Ei.0.1.Ts.100.NO.rand.zpe/vasprun-100.xml
3,58,1,/Users/samuel/Desktop/postdoc_PhLAM/NO_HOPG/data/vaspdata.Ei.0.1.Ts.100.NO.rand.zpe/vasprun-11.xml
3,187,1,/Users/samuel/Desktop/postdoc_PhLAM/NO_HOPG/data/vaspdata.Ei.0.1.Ts.100.NO.rand.zpe/vasprun-11.xml
3,242,1,/Users/samuel/Desktop/postdoc_PhLAM/NO_HOPG/data/vaspdata.Ei.0.1.Ts.100.NO.rand.zpe/vasprun-11.xml
3,515,1,/Users/samuel/Desktop/postdoc_PhLAM/NO_HOPG/data/vaspdata.Ei.0.1.Ts.100.NO.rand.zpe/vasprun-11.xml
3,569,1,/Users/samuel/Desktop/postdoc_PhLAM/NO_HOPG/data/vaspdata.Ei.0.1.Ts.100.NO.rand.zpe/vasprun-11.xml
3,676,1,/Users/samuel/Desktop/postdoc_PhLAM/NO_HOPG/data/vaspdata.Ei.0.1.Ts.100.NO.rand.zpe/vasprun-11.xml
3,688,1,/Users/samuel/Desktop/postdoc_PhLAM/NO_HOPG/data/vaspdata.Ei.0.1.Ts.100.NO.rand.zpe/vasprun-11.xml
3,818,1,/Users/samuel/Desktop/postdoc_PhLAM/NO_HOPG/data/vaspdata.Ei.0.1.Ts.100.NO.rand.zpe/vasprun-11.xml
3,835,1,/Users/samuel/Desktop/postdoc_PhLAM/NO_HOPG/data/vaspdata.Ei.0.1.Ts.100.NO.rand.zpe/vasprun-11.xml
3,1159,1,/Users/samuel/Desktop/postdoc_PhLAM/NO_HOPG/data/vaspdata.Ei.0.1.Ts.100.NO.rand.zpe/vasprun-11.xml
4,115,1,/Users/samuel/Desktop/postdoc_PhLAM/NO_HOPG/data/vaspdata.Ei.0.1.Ts.100.NO.rand.zpe/vasprun-12.xml
4,202,1,/Users/samuel/Desktop/postdoc_PhLAM/NO_HOPG/data/vaspdata.Ei.0.1.Ts.100.NO.rand.zpe/vasprun-12.xml
4,304,1,/Users/samuel/Desktop/postdoc_PhLAM/NO_HOPG/data/vaspdata.Ei.0.1.Ts.100.NO.rand.zpe/vasprun-12.xml
4,334,1,/Users/samuel/Desktop/postdoc_PhLAM/NO_HOPG/data/vaspdata.Ei.0.1.Ts.100.NO.rand.zpe/vasprun-12.xml
4,373,1,/Users/samuel/Desktop/postdoc_PhLAM/NO_HOPG/data/vaspdata.Ei.0.1.Ts.100.NO.rand.zpe/vasprun-12.xml
4,416,1,/Users/samuel/Desktop/postdoc_PhLAM/NO_HOPG/data/vaspdata.Ei.0.1.Ts.100.NO.rand.zpe/vasprun-12.xml
4,489,1,/Users/samuel/Desktop/postdoc_PhLAM/NO_HOPG/data/vaspdata.Ei.0.1.Ts.100.NO.rand.zpe/vasprun-12.xml
4,503,1,/Users/samuel/Desktop/postdoc_PhLAM/NO_HOPG/data/vaspdata.Ei.0.1.Ts.100.NO.rand.zpe/vasprun-12.xml
4,1015,1,/Users/samuel/Desktop/postdoc_PhLAM/NO_HOPG/data/vaspdata.Ei.0.1.Ts.100.NO.rand.zpe/vasprun-12.xml
4,1121,1,/Users/samuel/Desktop/postdoc_PhLAM/NO_HOPG/data/vaspdata.Ei.0.1.Ts.100.NO.rand.zpe/vasprun-12.xml
5,73,1,/Users/samuel/Desktop/postdoc_PhLAM/NO_HOPG/data/vaspdata.Ei.0.1.Ts.100.NO.rand.zpe/vasprun-13.xml
5,109,1,/Users/samuel/Desktop/postdoc_PhLAM/NO_HOPG/data/vaspdata.Ei.0.1.Ts.100.NO.rand.zpe/vasprun-13.xml
5,234,1,/Users/samuel/Desktop/postdoc_PhLAM/NO_HOPG/data/vaspdata.Ei.0.1.Ts.100.NO.rand.zpe/vasprun-13.xml
5,276,1,/Users/samuel/Desktop/postdoc_PhLAM/NO_HOPG/data/vaspdata.Ei.0.1.Ts.100.NO.rand.zpe/vasprun-13.xml
5,408,1,/Users/samuel/Desktop/postdoc_PhLAM/NO_HOPG/data/vaspdata.Ei.0.1.Ts.100.NO.rand.zpe/vasprun-13.xml
5,513,1,/Users/samuel/Desktop/postdoc_PhLAM/NO_HOPG/data/vaspdata.Ei.0.1.Ts.100.NO.rand.zpe/vasprun-13.xml
5,730,1,/Users/samuel/Desktop/postdoc_PhLAM/NO_HOPG/data/vaspdata.Ei.0.1.Ts.100.NO.rand.zpe/vasprun-13.xml
5,856,1,/Users/samuel/Desktop/postdoc_PhLAM/NO_HOPG/data/vaspdata.Ei.0.1.Ts.100.NO.rand.zpe/vasprun-13.xml
5,1190,1,/Users/samuel/Desktop/postdoc_PhLAM/NO_HOPG/data/vaspdata.Ei.0.1.Ts.100.NO.rand.zpe/vasprun-13.xml
6,265,1,/Users/samuel/Desktop/postdoc_PhLAM/NO_HOPG/data/vaspdata.Ei.0.1.Ts.100.NO.rand.zpe/vasprun-14.xml
6,399,1,/Users/samuel/Desktop/postdoc_PhLAM/NO_HOPG/data/vaspdata.Ei.0.1.Ts.100.NO.rand.zpe/vasprun-14.xml
6,588,1,/Users/samuel/Desktop/postdoc_PhLAM/NO_HOPG/data/vaspdata.Ei.0.1.Ts.100.NO.rand.zpe/vasprun-14.xml
6,716,1,/Users/samuel/Desktop/postdoc_PhLAM/NO_HOPG/data/vaspdata.Ei.0.1.Ts.100.NO.rand.zpe/vasprun-14.xml
6,748,1,/Users/samuel/Desktop/postdoc_PhLAM/NO_HOPG/data/vaspdata.Ei.0.1.Ts.100.NO.rand.zpe/vasprun-14.xml
6,1018,1,/Users/samuel/Desktop/postdoc_PhLAM/NO_HOPG/data/vaspdata.Ei.0.1.Ts.100.NO.rand.zpe/vasprun-14.xml
7,32,1,/Users/samuel/Desktop/postdoc_PhLAM/NO_HOPG/data/vaspdata.Ei.0.1.Ts.100.NO.rand.zpe/vasprun-15.xml
7,488,1,/Users/samuel/Desktop/postdoc_PhLAM/NO_HOPG/data/vaspdata.Ei.0.1.Ts.100.NO.rand.zpe/vasprun-15.xml
7,825,1,/Users/samuel/Desktop/postdoc_PhLAM/NO_HOPG/data/vaspdata.Ei.0.1.Ts.100.NO.rand.zpe/vasprun-15.xml
7,831,1,/Users/samuel/Desktop/postdoc_PhLAM/NO_HOPG/data/vaspdata.Ei.0.1.Ts.100.NO.rand.zpe/vasprun-15.xml
7,1022,1,/Users/samuel/Desktop/postdoc_PhLAM/NO_HOPG/data/vaspdata.Ei.0.1.Ts.100.NO.rand.zpe/vasprun-15.xml
8,9,1,/Users/samuel/Desktop/postdoc_PhLAM/NO_HOPG/data/vaspdata.Ei.0.1.Ts.100.NO.rand.zpe/vasprun-16.xml
8,205,1,/Users/samuel/Desktop/postdoc_PhLAM/NO_HOPG/data/vaspdata.Ei.0.1.Ts.100.NO.rand.zpe/vasprun-16.xml
8,211,1,/Users/samuel/Desktop/postdoc_PhLAM/NO_HOPG/data/vaspdata.Ei.0.1.Ts.100.NO.rand.zpe/vasprun-16.xml
8,217,1,/Users/samuel/Desktop/postdoc_PhLAM/NO_HOPG/data/vaspdata.Ei.0.1.Ts.100.NO.rand.zpe/vasprun-16.xml
8,388,1,/Users/samuel/Desktop/postdoc_PhLAM/NO_HOPG/data/vaspdata.Ei.0.1.Ts.100.NO.rand.zpe/vasprun-16.xml
8,398,1,/Users/samuel/Desktop/postdoc_PhLAM/NO_HOPG/data/vaspdata.Ei.0.1.Ts.100.NO.rand.zpe/vasprun-16.xml
8,426,1,/Users/samuel/Desktop/postdoc_PhLAM/NO_HOPG/data/vaspdata.Ei.0.1.Ts.100.NO.rand.zpe/vasprun-16.xml
8,589,1,/Users/samuel/Desktop/postdoc_PhLAM/NO_HOPG/data/vaspdata.Ei.0.1.Ts.100.NO.rand.zpe/vasprun-16.xml
8,596,1,/Users/samuel/Desktop/postdoc_PhLAM/NO_HOPG/data/vaspdata.Ei.0.1.Ts.100.NO.rand.zpe/vasprun-16.xml
8,778,1,/Users/samuel/Desktop/postdoc_PhLAM/NO_HOPG/data/vaspdata.Ei.0.1.Ts.100.NO.rand.zpe/vasprun-16.xml
8,872,1,/Users/samuel/Desktop/postdoc_PhLAM/NO_HOPG/data/vaspdata.Ei.0.1.Ts.100.NO.rand.zpe/vasprun-16.xml
8,879,1,/Users/samuel/Desktop/postdoc_PhLAM/NO_HOPG/data/vaspdata.Ei.0.1.Ts.100.NO.rand.zpe/vasprun-16.xml
8,919,1,/Users/samuel/Desktop/postdoc_PhLAM/NO_HOPG/data/vaspdata.Ei.0.1.Ts.100.NO.rand.zpe/vasprun-16.xml
8,933,1,/Users/samuel/Desktop/postdoc_PhLAM/NO_HOPG/data/vaspdata.Ei.0.1.Ts.100.NO.rand.zpe/vasprun-16.xml
8,976,1,/Users/samuel/Desktop/postdoc_PhLAM/NO_HOPG/data/vaspdata.Ei.0.1.Ts.100.NO.rand.zpe/vasprun-16.xml
8,1070,1,/Users/samuel/Desktop/postdoc_PhLAM/NO_HOPG/data/vaspdata.Ei.0.1.Ts.100.NO.rand.zpe/vasprun-16.xml
8,1118,1,/Users/samuel/Desktop/postdoc_PhLAM/NO_HOPG/data/vaspdata.Ei.0.1.Ts.100.NO.rand.zpe/vasprun-16.xml
9,77,1,/Users/samuel/Desktop/postdoc_PhLAM/NO_HOPG/data/vaspdata.Ei.0.1.Ts.100.NO.rand.zpe/vasprun-17.xml
9,88,1,/Users/samuel/Desktop/postdoc_PhLAM/NO_HOPG/data/vaspdata.Ei.0.1.Ts.100.NO.rand.zpe/vasprun-17.xml
9,177,1,/Users/samuel/Desktop/postdoc_PhLAM/NO_HOPG/data/vaspdata.Ei.0.1.Ts.100.NO.rand.zpe/vasprun-17.xml
9,212,1,/Users/samuel/Desktop/postdoc_PhLAM/NO_HOPG/data/vaspdata.Ei.0.1.Ts.100.NO.rand.zpe/vasprun-17.xml
9,238,1,/Users/samuel/Desktop/postdoc_PhLAM/NO_HOPG/data/vaspdata.Ei.0.1.Ts.100.NO.rand.zpe/vasprun-17.xml
9,281,1,/Users/samuel/Desktop/postdoc_PhLAM/NO_HOPG/data/vaspdata.Ei.0.1.Ts.100.NO.rand.zpe/vasprun-17.xml
9,286,1,/Users/samuel/Desktop/postdoc_PhLAM/NO_HOPG/data/vaspdata.Ei.0.1.Ts.100.NO.rand.zpe/vasprun-17.xml
9,304,1,/Users/samuel/Desktop/postdoc_PhLAM/NO_HOPG/data/vaspdata.Ei.0.1.Ts.100.NO.rand.zpe/vasprun-17.xml
9,355,1,/Users/samuel/Desktop/postdoc_PhLAM/NO_HOPG/data/vaspdata.Ei.0.1.Ts.100.NO.rand.zpe/vasprun-17.xml
9,438,1,/Users/samuel/Desktop/postdoc_PhLAM/NO_HOPG/data/vaspdata.Ei.0.1.Ts.100.NO.rand.zpe/vasprun-17.xml
9,537,1,/Users/samuel/Desktop/postdoc_PhLAM/NO_HOPG/data/vaspdata.Ei.0.1.Ts.100.NO.rand.zpe/vasprun-17.xml
9,760,1,/Users/samuel/Desktop/postdoc_PhLAM/NO_HOPG/data/vaspdata.Ei.0.1.Ts.100.NO.rand.zpe/vasprun-17.xml
9,862,1,/Users/samuel/Desktop/postdoc_PhLAM/NO_HOPG/data/vaspdata.Ei.0.1.Ts.100.NO.rand.zpe/vasprun-17.xml
9,1061,1,/Users/samuel/Desktop/postdoc_PhLAM/NO_HOPG/data/vaspdata.Ei.0.1.Ts.100.NO.rand.zpe/vasprun-17.xml
10,77,1,/Users/samuel/Desktop/postdoc_PhLAM/NO_HOPG/data/vaspdata.Ei.0.1.Ts.100.NO.rand.zpe/vasprun-18.xml
10,298,1,/Users/samuel/Desktop/postdoc_PhLAM/NO_HOPG/data/vaspdata.Ei.0.1.Ts.100.NO.rand.zpe/vasprun-18.xml
10,371,1,/Users/samuel/Desktop/postdoc_PhLAM/NO_HOPG/data/vaspdata.Ei.0.1.Ts.100.NO.rand.zpe/vasprun-18.xml
10,433,1,/Users/samuel/Desktop/postdoc_PhLAM/NO_HOPG/data/vaspdata.Ei.0.1.Ts.100.NO.rand.zpe/vasprun-18.xml
10,471,1,/Users/samuel/Desktop/postdoc_PhLAM/NO_HOPG/data/vaspdata.Ei.0.1.Ts.100.NO.rand.zpe/vasprun-18.xml
10,588,1,/Users/samuel/Desktop/postdoc_PhLAM/NO_HOPG/data/vaspdata.Ei.0.1.Ts.100.NO.rand.zpe/vasprun-18.xml
10,687,1,/Users/samuel/Desktop/postdoc_PhLAM/NO_HOPG/data/vaspdata.Ei.0.1.Ts.100.NO.rand.zpe/vasprun-18.xml
10,754,1,/Users/samuel/Desktop/postdoc_PhLAM/NO_HOPG/data/vaspdata.Ei.0.1.Ts.100.NO.rand.zpe/vasprun-18.xml
10,925,1,/Users/samuel/Desktop/postdoc_PhLAM/NO_HOPG/data/vaspdata.Ei.0.1.Ts.100.NO.rand.zpe/vasprun-18.xml
11,116,1,/Users/samuel/Desktop/postdoc_PhLAM/NO_HOPG/data/vaspdata.Ei.0.1.Ts.100.NO.rand.zpe/vasprun-19.xml
11,117,1,/Users/samuel/Desktop/postdoc_PhLAM/NO_HOPG/data/vaspdata.Ei.0.1.Ts.100.NO.rand.zpe/vasprun-19.xml
11,210,1,/Users/samuel/Desktop/postdoc_PhLAM/NO_HOPG/data/vaspdata.Ei.0.1.Ts.100.NO.rand.zpe/vasprun-19.xml
11,324,1,/Users/samuel/Desktop/postdoc_PhLAM/NO_HOPG/data/vaspdata.Ei.0.1.Ts.100.NO.rand.zpe/vasprun-19.xml
11,382,1,/Users/samuel/Desktop/postdoc_PhLAM/NO_HOPG/data/vaspdata.Ei.0.1.Ts.100.NO.rand.zpe/vasprun-19.xml
11,514,1,/Users/samuel/Desktop/postdoc_PhLAM/NO_HOPG/data/vaspdata.Ei.0.1.Ts.100.NO.rand.zpe/vasprun-19.xml
11,620,1,/Users/samuel/Desktop/postdoc_PhLAM/NO_HOPG/data/vaspdata.Ei.0.1.Ts.100.NO.rand.zpe/vasprun-19.xml
11,677,1,/Users/samuel/Desktop/postdoc_PhLAM/NO_HOPG/data/vaspdata.Ei.0.1.Ts.100.NO.rand.zpe/vasprun-19.xml
11,723,1,/Users/samuel/Desktop/postdoc_PhLAM/NO_HOPG/data/vaspdata.Ei.0.1.Ts.100.NO.rand.zpe/vasprun-19.xml
11,725,1,/Users/samuel/Desktop/postdoc_PhLAM/NO_HOPG/data/vaspdata.Ei.0.1.Ts.100.NO.rand.zpe/vasprun-19.xml
11,764,1,/Users/samuel/Desktop/postdoc_PhLAM/NO_HOPG/data/vaspdata.Ei.0.1.Ts.100.NO.rand.zpe/vasprun-19.xml
11,824,1,/Users/samuel/Desktop/postdoc_PhLAM/NO_HOPG/data/vaspdata.Ei.0.1.Ts.100.NO.rand.zpe/vasprun-19.xml
11,883,1,/Users/samuel/Desktop/postdoc_PhLAM/NO_HOPG/data/vaspdata.Ei.0.1.Ts.100.NO.rand.zpe/vasprun-19.xml
11,1072,1,/Users/samuel/Desktop/postdoc_PhLAM/NO_HOPG/data/vaspdata.Ei.0.1.Ts.100.NO.rand.zpe/vasprun-19.xml
11,1082,1,/Users/samuel/Desktop/postdoc_PhLAM/NO_HOPG/data/vaspdata.Ei.0.1.Ts.100.NO.rand.zpe/vasprun-19.xml
11,1179,1,/Users/samuel/Desktop/postdoc_PhLAM/NO_HOPG/data/vaspdata.Ei.0.1.Ts.100.NO.rand.zpe/vasprun-19.xml
11,1181,1,/Users/samuel/Desktop/postdoc_PhLAM/NO_HOPG/data/vaspdata.Ei.0.1.Ts.100.NO.rand.zpe/vasprun-19.xml
12,114,1,/Users/samuel/Desktop/postdoc_PhLAM/NO_HOPG/data/vaspdata.Ei.0.1.Ts.100.NO.rand.zpe/vasprun-2.xml
12,252,1,/Users/samuel/Desktop/postdoc_PhLAM/NO_HOPG/data/vaspdata.Ei.0.1.Ts.100.NO.rand.zpe/vasprun-2.xml
12,412,1,/Users/samuel/Desktop/postdoc_PhLAM/NO_HOPG/data/vaspdata.Ei.0.1.Ts.100.NO.rand.zpe/vasprun-2.xml
12,564,1,/Users/samuel/Desktop/postdoc_PhLAM/NO_HOPG/data/vaspdata.Ei.0.1.Ts.100.NO.rand.zpe/vasprun-2.xml
12,606,1,/Users/samuel/Desktop/postdoc_PhLAM/NO_HOPG/data/vaspdata.Ei.0.1.Ts.100.NO.rand.zpe/vasprun-2.xml
12,627,1,/Users/samuel/Desktop/postdoc_PhLAM/NO_HOPG/data/vaspdata.Ei.0.1.Ts.100.NO.rand.zpe/vasprun-2.xml
12,773,2,/Users/samuel/Desktop/postdoc_PhLAM/NO_HOPG/data/vaspdata.Ei.0.1.Ts.100.NO.rand.zpe/vasprun-2.xml
12,841,1,/Users/samuel/Desktop/postdoc_PhLAM/NO_HOPG/data/vaspdata.Ei.0.1.Ts.100.NO.rand.zpe/vasprun-2.xml
12,975,1,/Users/samuel/Desktop/postdoc_PhLAM/NO_HOPG/data/vaspdata.Ei.0.1.Ts.100.NO.rand.zpe/vasprun-2.xml
12,1065,1,/Users/samuel/Desktop/postdoc_PhLAM/NO_HOPG/data/vaspdata.Ei.0.1.Ts.100.NO.rand.zpe/vasprun-2.xml
12,1098,1,/Users/samuel/Desktop/postdoc_PhLAM/NO_HOPG/data/vaspdata.Ei.0.1.Ts.100.NO.rand.zpe/vasprun-2.xml
12,1112,1,/Users/samuel/Desktop/postdoc_PhLAM/NO_HOPG/data/vaspdata.Ei.0.1.Ts.100.NO.rand.zpe/vasprun-2.xml
13,98,1,/Users/samuel/Desktop/postdoc_PhLAM/NO_HOPG/data/vaspdata.Ei.0.1.Ts.100.NO.rand.zpe/vasprun-20.xml
13,151,1,/Users/samuel/Desktop/postdoc_PhLAM/NO_HOPG/data/vaspdata.Ei.0.1.Ts.100.NO.rand.zpe/vasprun-20.xml
13,384,1,/Users/samuel/Desktop/postdoc_PhLAM/NO_HOPG/data/vaspdata.Ei.0.1.Ts.100.NO.rand.zpe/vasprun-20.xml
13,488,1,/Users/samuel/Desktop/postdoc_PhLAM/NO_HOPG/data/vaspdata.Ei.0.1.Ts.100.NO.rand.zpe/vasprun-20.xml
13,692,1,/Users/samuel/Desktop/postdoc_PhLAM/NO_HOPG/data/vaspdata.Ei.0.1.Ts.100.NO.rand.zpe/vasprun-20.xml
13,763,1,/Users/samuel/Desktop/postdoc_PhLAM/NO_HOPG/data/vaspdata.Ei.0.1.Ts.100.NO.rand.zpe/vasprun-20.xml
13,766,1,/Users/samuel/Desktop/postdoc_PhLAM/NO_HOPG/data/vaspdata.Ei.0.1.Ts.100.NO.rand.zpe/vasprun-20.xml
13,769,1,/Users/samuel/Desktop/postdoc_PhLAM/NO_HOPG/data/vaspdata.Ei.0.1.Ts.100.NO.rand.zpe/vasprun-20.xml
13,785,1,/Users/samuel/Desktop/postdoc_PhLAM/NO_HOPG/data/vaspdata.Ei.0.1.Ts.100.NO.rand.zpe/vasprun-20.xml
13,819,1,/Users/samuel/Desktop/postdoc_PhLAM/NO_HOPG/data/vaspdata.Ei.0.1.Ts.100.NO.rand.zpe/vasprun-20.xml
13,822,1,/Users/samuel/Desktop/postdoc_PhLAM/NO_HOPG/data/vaspdata.Ei.0.1.Ts.100.NO.rand.zpe/vasprun-20.xml
13,833,1,/Users/samuel/Desktop/postdoc_PhLAM/NO_HOPG/data/vaspdata.Ei.0.1.Ts.100.NO.rand.zpe/vasprun-20.xml
13,942,1,/Users/samuel/Desktop/postdoc_PhLAM/NO_HOPG/data/vaspdata.Ei.0.1.Ts.100.NO.rand.zpe/vasprun-20.xml
13,1150,1,/Users/samuel/Desktop/postdoc_PhLAM/NO_HOPG/data/vaspdata.Ei.0.1.Ts.100.NO.rand.zpe/vasprun-20.xml
14,38,1,/Users/samuel/Desktop/postdoc_PhLAM/NO_HOPG/data/vaspdata.Ei.0.1.Ts.100.NO.rand.zpe/vasprun-21.xml
14,40,1,/Users/samuel/Desktop/postdoc_PhLAM/NO_HOPG/data/vaspdata.Ei.0.1.Ts.100.NO.rand.zpe/vasprun-21.xml
14,114,1,/Users/samuel/Desktop/postdoc_PhLAM/NO_HOPG/data/vaspdata.Ei.0.1.Ts.100.NO.rand.zpe/vasprun-21.xml
14,186,1,/Users/samuel/Desktop/postdoc_PhLAM/NO_HOPG/data/vaspdata.Ei.0.1.Ts.100.NO.rand.zpe/vasprun-21.xml
14,309,1,/Users/samuel/Desktop/postdoc_PhLAM/NO_HOPG/data/vaspdata.Ei.0.1.Ts.100.NO.rand.zpe/vasprun-21.xml
14,499,1,/Users/samuel/Desktop/postdoc_PhLAM/NO_HOPG/data/vaspdata.Ei.0.1.Ts.100.NO.rand.zpe/vasprun-21.xml
14,516,1,/Users/samuel/Desktop/postdoc_PhLAM/NO_HOPG/data/vaspdata.Ei.0.1.Ts.100.NO.rand.zpe/vasprun-21.xml
14,549,1,/Users/samuel/Desktop/postdoc_PhLAM/NO_HOPG/data/vaspdata.Ei.0.1.Ts.100.NO.rand.zpe/vasprun-21.xml
14,577,1,/Users/samuel/Desktop/postdoc_PhLAM/NO_HOPG/data/vaspdata.Ei.0.1.Ts.100.NO.rand.zpe/vasprun-21.xml
14,936,1,/Users/samuel/Desktop/postdoc_PhLAM/NO_HOPG/data/vaspdata.Ei.0.1.Ts.100.NO.rand.zpe/vasprun-21.xml
14,941,1,/Users/samuel/Desktop/postdoc_PhLAM/NO_HOPG/data/vaspdata.Ei.0.1.Ts.100.NO.rand.zpe/vasprun-21.xml
14,1032,1,/Users/samuel/Desktop/postdoc_PhLAM/NO_HOPG/data/vaspdata.Ei.0.1.Ts.100.NO.rand.zpe/vasprun-21.xml
14,1147,1,/Users/samuel/Desktop/postdoc_PhLAM/NO_HOPG/data/vaspdata.Ei.0.1.Ts.100.NO.rand.zpe/vasprun-21.xml
14,1167,1,/Users/samuel/Desktop/postdoc_PhLAM/NO_HOPG/data/vaspdata.Ei.0.1.Ts.100.NO.rand.zpe/vasprun-21.xml
14,1186,1,/Users/samuel/Desktop/postdoc_PhLAM/NO_HOPG/data/vaspdata.Ei.0.1.Ts.100.NO.rand.zpe/vasprun-21.xml
15,58,1,/Users/samuel/Desktop/postdoc_PhLAM/NO_HOPG/data/vaspdata.Ei.0.1.Ts.100.NO.rand.zpe/vasprun-22.xml
15,168,1,/Users/samuel/Desktop/postdoc_PhLAM/NO_HOPG/data/vaspdata.Ei.0.1.Ts.100.NO.rand.zpe/vasprun-22.xml
15,244,1,/Users/samuel/Desktop/postdoc_PhLAM/NO_HOPG/data/vaspdata.Ei.0.1.Ts.100.NO.rand.zpe/vasprun-22.xml
15,299,1,/Users/samuel/Desktop/postdoc_PhLAM/NO_HOPG/data/vaspdata.Ei.0.1.Ts.100.NO.rand.zpe/vasprun-22.xml
15,451,1,/Users/samuel/Desktop/postdoc_PhLAM/NO_HOPG/data/vaspdata.Ei.0.1.Ts.100.NO.rand.zpe/vasprun-22.xml
15,487,1,/Users/samuel/Desktop/postdoc_PhLAM/NO_HOPG/data/vaspdata.Ei.0.1.Ts.100.NO.rand.zpe/vasprun-22.xml
15,812,1,/Users/samuel/Desktop/postdoc_PhLAM/NO_HOPG/data/vaspdata.Ei.0.1.Ts.100.NO.rand.zpe/vasprun-22.xml
15,851,1,/Users/samuel/Desktop/postdoc_PhLAM/NO_HOPG/data/vaspdata.Ei.0.1.Ts.100.NO.rand.zpe/vasprun-22.xml
15,881,1,/Users/samuel/Desktop/postdoc_PhLAM/NO_HOPG/data/vaspdata.Ei.0.1.Ts.100.NO.rand.zpe/vasprun-22.xml
16,6,1,/Users/samuel/Desktop/postdoc_PhLAM/NO_HOPG/data/vaspdata.Ei.0.1.Ts.100.NO.rand.zpe/vasprun-23.xml
16,66,1,/Users/samuel/Desktop/postdoc_PhLAM/NO_HOPG/data/vaspdata.Ei.0.1.Ts.100.NO.rand.zpe/vasprun-23.xml
16,78,1,/Users/samuel/Desktop/postdoc_PhLAM/NO_HOPG/data/vaspdata.Ei.0.1.Ts.100.NO.rand.zpe/vasprun-23.xml
16,115,1,/Users/samuel/Desktop/postdoc_PhLAM/NO_HOPG/data/vaspdata.Ei.0.1.Ts.100.NO.rand.zpe/vasprun-23.xml
16,166,1,/Users/samuel/Desktop/postdoc_PhLAM/NO_HOPG/data/vaspdata.Ei.0.1.Ts.100.NO.rand.zpe/vasprun-23.xml
16,195,1,/Users/samuel/Desktop/postdoc_PhLAM/NO_HOPG/data/vaspdata.Ei.0.1.Ts.100.NO.rand.zpe/vasprun-23.xml
16,284,1,/Users/samuel/Desktop/postdoc_PhLAM/NO_HOPG/data/vaspdata.Ei.0.1.Ts.100.NO.rand.zpe/vasprun-23.xml
16,373,1,/Users/samuel/Desktop/postdoc_PhLAM/NO_HOPG/data/vaspdata.Ei.0.1.Ts.100.NO.rand.zpe/vasprun-23.xml
16,570,1,/Users/samuel/Desktop/postdoc_PhLAM/NO_HOPG/data/vaspdata.Ei.0.1.Ts.100.NO.rand.zpe/vasprun-23.xml
16,711,1,/Users/samuel/Desktop/postdoc_PhLAM/NO_HOPG/data/vaspdata.Ei.0.1.Ts.100.NO.rand.zpe/vasprun-23.xml
16,794,1,/Users/samuel/Desktop/postdoc_PhLAM/NO_HOPG/data/vaspdata.Ei.0.1.Ts.100.NO.rand.zpe/vasprun-23.xml
16,1011,1,/Users/samuel/Desktop/postdoc_PhLAM/NO_HOPG/data/vaspdata.Ei.0.1.Ts.100.NO.rand.zpe/vasprun-23.xml
16,1146,1,/Users/samuel/Desktop/postdoc_PhLAM/NO_HOPG/data/vaspdata.Ei.0.1.Ts.100.NO.rand.zpe/vasprun-23.xml
16,1189,1,/Users/samuel/Desktop/postdoc_PhLAM/NO_HOPG/data/vaspdata.Ei.0.1.Ts.100.NO.rand.zpe/vasprun-23.xml
17,25,1,/Users/samuel/Desktop/postdoc_PhLAM/NO_HOPG/data/vaspdata.Ei.0.1.Ts.100.NO.rand.zpe/vasprun-24.xml
17,122,1,/Users/samuel/Desktop/postdoc_PhLAM/NO_HOPG/data/vaspdata.Ei.0.1.Ts.100.NO.rand.zpe/vasprun-24.xml
17,207,1,/Users/samuel/Desktop/postdoc_PhLAM/NO_HOPG/data/vaspdata.Ei.0.1.Ts.100.NO.rand.zpe/vasprun-24.xml
17,212,1,/Users/samuel/Desktop/postdoc_PhLAM/NO_HOPG/data/vaspdata.Ei.0.1.Ts.100.NO.rand.zpe/vasprun-24.xml
17,507,1,/Users/samuel/Desktop/postdoc_PhLAM/NO_HOPG/data/vaspdata.Ei.0.1.Ts.100.NO.rand.zpe/vasprun-24.xml
17,529,1,/Users/samuel/Desktop/postdoc_PhLAM/NO_HOPG/data/vaspdata.Ei.0.1.Ts.100.NO.rand.zpe/vasprun-24.xml
17,676,1,/Users/samuel/Desktop/postdoc_PhLAM/NO_HOPG/data/vaspdata.Ei.0.1.Ts.100.NO.rand.zpe/vasprun-24.xml
17,766,1,/Users/samuel/Desktop/postdoc_PhLAM/NO_HOPG/data/vaspdata.Ei.0.1.Ts.100.NO.rand.zpe/vasprun-24.xml
17,770,1,/Users/samuel/Desktop/postdoc_PhLAM/NO_HOPG/data/vaspdata.Ei.0.1.Ts.100.NO.rand.zpe/vasprun-24.xml
17,893,1,/Users/samuel/Desktop/postdoc_PhLAM/NO_HOPG/data/vaspdata.Ei.0.1.Ts.100.NO.rand.zpe/vasprun-24.xml
17,937,1,/Users/samuel/Desktop/postdoc_PhLAM/NO_HOPG/data/vaspdata.Ei.0.1.Ts.100.NO.rand.zpe/vasprun-24.xml
17,1010,1,/Users/samuel/Desktop/postdoc_PhLAM/NO_HOPG/data/vaspdata.Ei.0.1.Ts.100.NO.rand.zpe/vasprun-24.xml
18,341,1,/Users/samuel/Desktop/postdoc_PhLAM/NO_HOPG/data/vaspdata.Ei.0.1.Ts.100.NO.rand.zpe/vasprun-25.xml
18,488,1,/Users/samuel/Desktop/postdoc_PhLAM/NO_HOPG/data/vaspdata.Ei.0.1.Ts.100.NO.rand.zpe/vasprun-25.xml
18,822,1,/Users/samuel/Desktop/postdoc_PhLAM/NO_HOPG/data/vaspdata.Ei.0.1.Ts.100.NO.rand.zpe/vasprun-25.xml
18,910,1,/Users/samuel/Desktop/postdoc_PhLAM/NO_HOPG/data/vaspdata.Ei.0.1.Ts.100.NO.rand.zpe/vasprun-25.xml
18,1097,1,/Users/samuel/Desktop/postdoc_PhLAM/NO_HOPG/data/vaspdata.Ei.0.1.Ts.100.NO.rand.zpe/vasprun-25.xml
18,1119,1,/Users/samuel/Desktop/postdoc_PhLAM/NO_HOPG/data/vaspdata.Ei.0.1.Ts.100.NO.rand.zpe/vasprun-25.xml
19,69,1,/Users/samuel/Desktop/postdoc_PhLAM/NO_HOPG/data/vaspdata.Ei.0.1.Ts.100.NO.rand.zpe/vasprun-26.xml
19,134,1,/Users/samuel/Desktop/postdoc_PhLAM/NO_HOPG/data/vaspdata.Ei.0.1.Ts.100.NO.rand.zpe/vasprun-26.xml
19,279,1,/Users/samuel/Desktop/postdoc_PhLAM/NO_HOPG/data/vaspdata.Ei.0.1.Ts.100.NO.rand.zpe/vasprun-26.xml
19,463,1,/Users/samuel/Desktop/postdoc_PhLAM/NO_HOPG/data/vaspdata.Ei.0.1.Ts.100.NO.rand.zpe/vasprun-26.xml
19,478,1,/Users/samuel/Desktop/postdoc_PhLAM/NO_HOPG/data/vaspdata.Ei.0.1.Ts.100.NO.rand.zpe/vasprun-26.xml
19,662,1,/Users/samuel/Desktop/postdoc_PhLAM/NO_HOPG/data/vaspdata.Ei.0.1.Ts.100.NO.rand.zpe/vasprun-26.xml
19,701,1,/Users/samuel/Desktop/postdoc_PhLAM/NO_HOPG/data/vaspdata.Ei.0.1.Ts.100.NO.rand.zpe/vasprun-26.xml
19,768,2,/Users/samuel/Desktop/postdoc_PhLAM/NO_HOPG/data/vaspdata.Ei.0.1.Ts.100.NO.rand.zpe/vasprun-26.xml
19,773,1,/Users/samuel/Desktop/postdoc_PhLAM/NO_HOPG/data/vaspdata.Ei.0.1.Ts.100.NO.rand.zpe/vasprun-26.xml
19,812,1,/Users/samuel/Desktop/postdoc_PhLAM/NO_HOPG/data/vaspdata.Ei.0.1.Ts.100.NO.rand.zpe/vasprun-26.xml
20,257,1,/Users/samuel/Desktop/postdoc_PhLAM/NO_HOPG/data/vaspdata.Ei.0.1.Ts.100.NO.rand.zpe/vasprun-27.xml
20,1001,1,/Users/samuel/Desktop/postdoc_PhLAM/NO_HOPG/data/vaspdata.Ei.0.1.Ts.100.NO.rand.zpe/vasprun-27.xml
21,145,1,/Users/samuel/Desktop/postdoc_PhLAM/NO_HOPG/data/vaspdata.Ei.0.1.Ts.100.NO.rand.zpe/vasprun-28.xml
21,322,1,/Users/samuel/Desktop/postdoc_PhLAM/NO_HOPG/data/vaspdata.Ei.0.1.Ts.100.NO.rand.zpe/vasprun-28.xml
21,826,1,/Users/samuel/Desktop/postdoc_PhLAM/NO_HOPG/data/vaspdata.Ei.0.1.Ts.100.NO.rand.zpe/vasprun-28.xml
21,1084,1,/Users/samuel/Desktop/postdoc_PhLAM/NO_HOPG/data/vaspdata.Ei.0.1.Ts.100.NO.rand.zpe/vasprun-28.xml
22,22,1,/Users/samuel/Desktop/postdoc_PhLAM/NO_HOPG/data/vaspdata.Ei.0.1.Ts.100.NO.rand.zpe/vasprun-29.xml
22,60,1,/Users/samuel/Desktop/postdoc_PhLAM/NO_HOPG/data/vaspdata.Ei.0.1.Ts.100.NO.rand.zpe/vasprun-29.xml
22,160,1,/Users/samuel/Desktop/postdoc_PhLAM/NO_HOPG/data/vaspdata.Ei.0.1.Ts.100.NO.rand.zpe/vasprun-29.xml
22,346,1,/Users/samuel/Desktop/postdoc_PhLAM/NO_HOPG/data/vaspdata.Ei.0.1.Ts.100.NO.rand.zpe/vasprun-29.xml
22,412,1,/Users/samuel/Desktop/postdoc_PhLAM/NO_HOPG/data/vaspdata.Ei.0.1.Ts.100.NO.rand.zpe/vasprun-29.xml
22,690,1,/Users/samuel/Desktop/postdoc_PhLAM/NO_HOPG/data/vaspdata.Ei.0.1.Ts.100.NO.rand.zpe/vasprun-29.xml
22,698,1,/Users/samuel/Desktop/postdoc_PhLAM/NO_HOPG/data/vaspdata.Ei.0.1.Ts.100.NO.rand.zpe/vasprun-29.xml
22,850,1,/Users/samuel/Desktop/postdoc_PhLAM/NO_HOPG/data/vaspdata.Ei.0.1.Ts.100.NO.rand.zpe/vasprun-29.xml
22,1029,1,/Users/samuel/Desktop/postdoc_PhLAM/NO_HOPG/data/vaspdata.Ei.0.1.Ts.100.NO.rand.zpe/vasprun-29.xml
22,1060,1,/Users/samuel/Desktop/postdoc_PhLAM/NO_HOPG/data/vaspdata.Ei.0.1.Ts.100.NO.rand.zpe/vasprun-29.xml
22,1147,1,/Users/samuel/Desktop/postdoc_PhLAM/NO_HOPG/data/vaspdata.Ei.0.1.Ts.100.NO.rand.zpe/vasprun-29.xml
22,1172,1,/Users/samuel/Desktop/postdoc_PhLAM/NO_HOPG/data/vaspdata.Ei.0.1.Ts.100.NO.rand.zpe/vasprun-29.xml
22,1182,1,/Users/samuel/Desktop/postdoc_PhLAM/NO_HOPG/data/vaspdata.Ei.0.1.Ts.100.NO.rand.zpe/vasprun-29.xml
23,186,1,/Users/samuel/Desktop/postdoc_PhLAM/NO_HOPG/data/vaspdata.Ei.0.1.Ts.100.NO.rand.zpe/vasprun-3.xml
23,210,1,/Users/samuel/Desktop/postdoc_PhLAM/NO_HOPG/data/vaspdata.Ei.0.1.Ts.100.NO.rand.zpe/vasprun-3.xml
23,303,1,/Users/samuel/Desktop/postdoc_PhLAM/NO_HOPG/data/vaspdata.Ei.0.1.Ts.100.NO.rand.zpe/vasprun-3.xml
23,342,1,/Users/samuel/Desktop/postdoc_PhLAM/NO_HOPG/data/vaspdata.Ei.0.1.Ts.100.NO.rand.zpe/vasprun-3.xml
23,454,1,/Users/samuel/Desktop/postdoc_PhLAM/NO_HOPG/data/vaspdata.Ei.0.1.Ts.100.NO.rand.zpe/vasprun-3.xml
23,470,1,/Users/samuel/Desktop/postdoc_PhLAM/NO_HOPG/data/vaspdata.Ei.0.1.Ts.100.NO.rand.zpe/vasprun-3.xml
23,812,1,/Users/samuel/Desktop/postdoc_PhLAM/NO_HOPG/data/vaspdata.Ei.0.1.Ts.100.NO.rand.zpe/vasprun-3.xml
23,932,1,/Users/samuel/Desktop/postdoc_PhLAM/NO_HOPG/data/vaspdata.Ei.0.1.Ts.100.NO.rand.zpe/vasprun-3.xml
23,1001,1,/Users/samuel/Desktop/postdoc_PhLAM/NO_HOPG/data/vaspdata.Ei.0.1.Ts.100.NO.rand.zpe/vasprun-3.xml
23,1054,1,/Users/samuel/Desktop/postdoc_PhLAM/NO_HOPG/data/vaspdata.Ei.0.1.Ts.100.NO.rand.zpe/vasprun-3.xml
23,1098,1,/Users/samuel/Desktop/postdoc_PhLAM/NO_HOPG/data/vaspdata.Ei.0.1.Ts.100.NO.rand.zpe/vasprun-3.xml
24,61,1,/Users/samuel/Desktop/postdoc_PhLAM/NO_HOPG/data/vaspdata.Ei.0.1.Ts.100.NO.rand.zpe/vasprun-30.xml
24,115,1,/Users/samuel/Desktop/postdoc_PhLAM/NO_HOPG/data/vaspdata.Ei.0.1.Ts.100.NO.rand.zpe/vasprun-30.xml
24,243,1,/Users/samuel/Desktop/postdoc_PhLAM/NO_HOPG/data/vaspdata.Ei.0.1.Ts.100.NO.rand.zpe/vasprun-30.xml
24,292,1,/Users/samuel/Desktop/postdoc_PhLAM/NO_HOPG/data/vaspdata.Ei.0.1.Ts.100.NO.rand.zpe/vasprun-30.xml
24,376,1,/Users/samuel/Desktop/postdoc_PhLAM/NO_HOPG/data/vaspdata.Ei.0.1.Ts.100.NO.rand.zpe/vasprun-30.xml
24,715,1,/Users/samuel/Desktop/postdoc_PhLAM/NO_HOPG/data/vaspdata.Ei.0.1.Ts.100.NO.rand.zpe/vasprun-30.xml
24,845,1,/Users/samuel/Desktop/postdoc_PhLAM/NO_HOPG/data/vaspdata.Ei.0.1.Ts.100.NO.rand.zpe/vasprun-30.xml
24,1018,1,/Users/samuel/Desktop/postdoc_PhLAM/NO_HOPG/data/vaspdata.Ei.0.1.Ts.100.NO.rand.zpe/vasprun-30.xml
25,17,1,/Users/samuel/Desktop/postdoc_PhLAM/NO_HOPG/data/vaspdata.Ei.0.1.Ts.100.NO.rand.zpe/vasprun-31.xml
25,445,1,/Users/samuel/Desktop/postdoc_PhLAM/NO_HOPG/data/vaspdata.Ei.0.1.Ts.100.NO.rand.zpe/vasprun-31.xml
25,601,1,/Users/samuel/Desktop/postdoc_PhLAM/NO_HOPG/data/vaspdata.Ei.0.1.Ts.100.NO.rand.zpe/vasprun-31.xml
25,726,1,/Users/samuel/Desktop/postdoc_PhLAM/NO_HOPG/data/vaspdata.Ei.0.1.Ts.100.NO.rand.zpe/vasprun-31.xml
25,1002,1,/Users/samuel/Desktop/postdoc_PhLAM/NO_HOPG/data/vaspdata.Ei.0.1.Ts.100.NO.rand.zpe/vasprun-31.xml
25,1073,1,/Users/samuel/Desktop/postdoc_PhLAM/NO_HOPG/data/vaspdata.Ei.0.1.Ts.100.NO.rand.zpe/vasprun-31.xml
25,1133,1,/Users/samuel/Desktop/postdoc_PhLAM/NO_HOPG/data/vaspdata.Ei.0.1.Ts.100.NO.rand.zpe/vasprun-31.xml
26,108,1,/Users/samuel/Desktop/postdoc_PhLAM/NO_HOPG/data/vaspdata.Ei.0.1.Ts.100.NO.rand.zpe/vasprun-32.xml
26,326,1,/Users/samuel/Desktop/postdoc_PhLAM/NO_HOPG/data/vaspdata.Ei.0.1.Ts.100.NO.rand.zpe/vasprun-32.xml
26,353,1,/Users/samuel/Desktop/postdoc_PhLAM/NO_HOPG/data/vaspdata.Ei.0.1.Ts.100.NO.rand.zpe/vasprun-32.xml
26,377,1,/Users/samuel/Desktop/postdoc_PhLAM/NO_HOPG/data/vaspdata.Ei.0.1.Ts.100.NO.rand.zpe/vasprun-32.xml
26,525,1,/Users/samuel/Desktop/postdoc_PhLAM/NO_HOPG/data/vaspdata.Ei.0.1.Ts.100.NO.rand.zpe/vasprun-32.xml
26,743,1,/Users/samuel/Desktop/postdoc_PhLAM/NO_HOPG/data/vaspdata.Ei.0.1.Ts.100.NO.rand.zpe/vasprun-32.xml
26,951,1,/Users/samuel/Desktop/postdoc_PhLAM/NO_HOPG/data/vaspdata.Ei.0.1.Ts.100.NO.rand.zpe/vasprun-32.xml
26,1033,1,/Users/samuel/Desktop/postdoc_PhLAM/NO_HOPG/data/vaspdata.Ei.0.1.Ts.100.NO.rand.zpe/vasprun-32.xml
26,1057,1,/Users/samuel/Desktop/postdoc_PhLAM/NO_HOPG/data/vaspdata.Ei.0.1.Ts.100.NO.rand.zpe/vasprun-32.xml
26,1100,1,/Users/samuel/Desktop/postdoc_PhLAM/NO_HOPG/data/vaspdata.Ei.0.1.Ts.100.NO.rand.zpe/vasprun-32.xml
27,19,1,/Users/samuel/Desktop/postdoc_PhLAM/NO_HOPG/data/vaspdata.Ei.0.1.Ts.100.NO.rand.zpe/vasprun-33.xml
27,162,1,/Users/samuel/Desktop/postdoc_PhLAM/NO_HOPG/data/vaspdata.Ei.0.1.Ts.100.NO.rand.zpe/vasprun-33.xml
27,304,1,/Users/samuel/Desktop/postdoc_PhLAM/NO_HOPG/data/vaspdata.Ei.0.1.Ts.100.NO.rand.zpe/vasprun-33.xml
27,390,1,/Users/samuel/Desktop/postdoc_PhLAM/NO_HOPG/data/vaspdata.Ei.0.1.Ts.100.NO.rand.zpe/vasprun-33.xml
27,407,1,/Users/samuel/Desktop/postdoc_PhLAM/NO_HOPG/data/vaspdata.Ei.0.1.Ts.100.NO.rand.zpe/vasprun-33.xml
27,513,1,/Users/samuel/Desktop/postdoc_PhLAM/NO_HOPG/data/vaspdata.Ei.0.1.Ts.100.NO.rand.zpe/vasprun-33.xml
27,706,1,/Users/samuel/Desktop/postdoc_PhLAM/NO_HOPG/data/vaspdata.Ei.0.1.Ts.100.NO.rand.zpe/vasprun-33.xml
27,782,1,/Users/samuel/Desktop/postdoc_PhLAM/NO_HOPG/data/vaspdata.Ei.0.1.Ts.100.NO.rand.zpe/vasprun-33.xml
27,801,1,/Users/samuel/Desktop/postdoc_PhLAM/NO_HOPG/data/vaspdata.Ei.0.1.Ts.100.NO.rand.zpe/vasprun-33.xml
27,1004,1,/Users/samuel/Desktop/postdoc_PhLAM/NO_HOPG/data/vaspdata.Ei.0.1.Ts.100.NO.rand.zpe/vasprun-33.xml
27,1165,1,/Users/samuel/Desktop/postdoc_PhLAM/NO_HOPG/data/vaspdata.Ei.0.1.Ts.100.NO.rand.zpe/vasprun-33.xml
28,9,1,/Users/samuel/Desktop/postdoc_PhLAM/NO_HOPG/data/vaspdata.Ei.0.1.Ts.100.NO.rand.zpe/vasprun-34.xml
28,36,1,/Users/samuel/Desktop/postdoc_PhLAM/NO_HOPG/data/vaspdata.Ei.0.1.Ts.100.NO.rand.zpe/vasprun-34.xml
28,54,1,/Users/samuel/Desktop/postdoc_PhLAM/NO_HOPG/data/vaspdata.Ei.0.1.Ts.100.NO.rand.zpe/vasprun-34.xml
28,125,1,/Users/samuel/Desktop/postdoc_PhLAM/NO_HOPG/data/vaspdata.Ei.0.1.Ts.100.NO.rand.zpe/vasprun-34.xml
28,235,1,/Users/samuel/Desktop/postdoc_PhLAM/NO_HOPG/data/vaspdata.Ei.0.1.Ts.100.NO.rand.zpe/vasprun-34.xml
28,360,1,/Users/samuel/Desktop/postdoc_PhLAM/NO_HOPG/data/vaspdata.Ei.0.1.Ts.100.NO.rand.zpe/vasprun-34.xml
28,675,1,/Users/samuel/Desktop/postdoc_PhLAM/NO_HOPG/data/vaspdata.Ei.0.1.Ts.100.NO.rand.zpe/vasprun-34.xml
28,812,1,/Users/samuel/Desktop/postdoc_PhLAM/NO_HOPG/data/vaspdata.Ei.0.1.Ts.100.NO.rand.zpe/vasprun-34.xml
28,885,1,/Users/samuel/Desktop/postdoc_PhLAM/NO_HOPG/data/vaspdata.Ei.0.1.Ts.100.NO.rand.zpe/vasprun-34.xml
28,1023,1,/Users/samuel/Desktop/postdoc_PhLAM/NO_HOPG/data/vaspdata.Ei.0.1.Ts.100.NO.rand.zpe/vasprun-34.xml
28,1063,1,/Users/samuel/Desktop/postdoc_PhLAM/NO_HOPG/data/vaspdata.Ei.0.1.Ts.100.NO.rand.zpe/vasprun-34.xml
29,40,1,/Users/samuel/Desktop/postdoc_PhLAM/NO_HOPG/data/vaspdata.Ei.0.1.Ts.100.NO.rand.zpe/vasprun-35.xml
29,53,1,/Users/samuel/Desktop/postdoc_PhLAM/NO_HOPG/data/vaspdata.Ei.0.1.Ts.100.NO.rand.zpe/vasprun-35.xml
29,194,1,/Users/samuel/Desktop/postdoc_PhLAM/NO_HOPG/data/vaspdata.Ei.0.1.Ts.100.NO.rand.zpe/vasprun-35.xml
29,307,1,/Users/samuel/Desktop/postdoc_PhLAM/NO_HOPG/data/vaspdata.Ei.0.1.Ts.100.NO.rand.zpe/vasprun-35.xml
29,355,1,/Users/samuel/Desktop/postdoc_PhLAM/NO_HOPG/data/vaspdata.Ei.0.1.Ts.100.NO.rand.zpe/vasprun-35.xml
29,373,1,/Users/samuel/Desktop/postdoc_PhLAM/NO_HOPG/data/vaspdata.Ei.0.1.Ts.100.NO.rand.zpe/vasprun-35.xml
29,423,1,/Users/samuel/Desktop/postdoc_PhLAM/NO_HOPG/data/vaspdata.Ei.0.1.Ts.100.NO.rand.zpe/vasprun-35.xml
29,452,1,/Users/samuel/Desktop/postdoc_PhLAM/NO_HOPG/data/vaspdata.Ei.0.1.Ts.100.NO.rand.zpe/vasprun-35.xml
29,660,1,/Users/samuel/Desktop/postdoc_PhLAM/NO_HOPG/data/vaspdata.Ei.0.1.Ts.100.NO.rand.zpe/vasprun-35.xml
29,751,1,/Users/samuel/Desktop/postdoc_PhLAM/NO_HOPG/data/vaspdata.Ei.0.1.Ts.100.NO.rand.zpe/vasprun-35.xml
29,897,1,/Users/samuel/Desktop/postdoc_PhLAM/NO_HOPG/data/vaspdata.Ei.0.1.Ts.100.NO.rand.zpe/vasprun-35.xml
29,1216,1,/Users/samuel/Desktop/postdoc_PhLAM/NO_HOPG/data/vaspdata.Ei.0.1.Ts.100.NO.rand.zpe/vasprun-35.xml
30,130,1,/Users/samuel/Desktop/postdoc_PhLAM/NO_HOPG/data/vaspdata.Ei.0.1.Ts.100.NO.rand.zpe/vasprun-36.xml
30,174,1,/Users/samuel/Desktop/postdoc_PhLAM/NO_HOPG/data/vaspdata.Ei.0.1.Ts.100.NO.rand.zpe/vasprun-36.xml
30,176,1,/Users/samuel/Desktop/postdoc_PhLAM/NO_HOPG/data/vaspdata.Ei.0.1.Ts.100.NO.rand.zpe/vasprun-36.xml
30,414,1,/Users/samuel/Desktop/postdoc_PhLAM/NO_HOPG/data/vaspdata.Ei.0.1.Ts.100.NO.rand.zpe/vasprun-36.xml
30,492,1,/Users/samuel/Desktop/postdoc_PhLAM/NO_HOPG/data/vaspdata.Ei.0.1.Ts.100.NO.rand.zpe/vasprun-36.xml
30,576,1,/Users/samuel/Desktop/postdoc_PhLAM/NO_HOPG/data/vaspdata.Ei.0.1.Ts.100.NO.rand.zpe/vasprun-36.xml
30,660,1,/Users/samuel/Desktop/postdoc_PhLAM/NO_HOPG/data/vaspdata.Ei.0.1.Ts.100.NO.rand.zpe/vasprun-36.xml
30,772,1,/Users/samuel/Desktop/postdoc_PhLAM/NO_HOPG/data/vaspdata.Ei.0.1.Ts.100.NO.rand.zpe/vasprun-36.xml
30,806,1,/Users/samuel/Desktop/postdoc_PhLAM/NO_HOPG/data/vaspdata.Ei.0.1.Ts.100.NO.rand.zpe/vasprun-36.xml
30,834,1,/Users/samuel/Desktop/postdoc_PhLAM/NO_HOPG/data/vaspdata.Ei.0.1.Ts.100.NO.rand.zpe/vasprun-36.xml
30,870,1,/Users/samuel/Desktop/postdoc_PhLAM/NO_HOPG/data/vaspdata.Ei.0.1.Ts.100.NO.rand.zpe/vasprun-36.xml
30,967,1,/Users/samuel/Desktop/postdoc_PhLAM/NO_HOPG/data/vaspdata.Ei.0.1.Ts.100.NO.rand.zpe/vasprun-36.xml
30,977,1,/Users/samuel/Desktop/postdoc_PhLAM/NO_HOPG/data/vaspdata.Ei.0.1.Ts.100.NO.rand.zpe/vasprun-36.xml
30,1078,1,/Users/samuel/Desktop/postdoc_PhLAM/NO_HOPG/data/vaspdata.Ei.0.1.Ts.100.NO.rand.zpe/vasprun-36.xml
30,1164,1,/Users/samuel/Desktop/postdoc_PhLAM/NO_HOPG/data/vaspdata.Ei.0.1.Ts.100.NO.rand.zpe/vasprun-36.xml
31,168,1,/Users/samuel/Desktop/postdoc_PhLAM/NO_HOPG/data/vaspdata.Ei.0.1.Ts.100.NO.rand.zpe/vasprun-37.xml
31,198,1,/Users/samuel/Desktop/postdoc_PhLAM/NO_HOPG/data/vaspdata.Ei.0.1.Ts.100.NO.rand.zpe/vasprun-37.xml
31,201,1,/Users/samuel/Desktop/postdoc_PhLAM/NO_HOPG/data/vaspdata.Ei.0.1.Ts.100.NO.rand.zpe/vasprun-37.xml
31,261,1,/Users/samuel/Desktop/postdoc_PhLAM/NO_HOPG/data/vaspdata.Ei.0.1.Ts.100.NO.rand.zpe/vasprun-37.xml
31,483,1,/Users/samuel/Desktop/postdoc_PhLAM/NO_HOPG/data/vaspdata.Ei.0.1.Ts.100.NO.rand.zpe/vasprun-37.xml
31,804,1,/Users/samuel/Desktop/postdoc_PhLAM/NO_HOPG/data/vaspdata.Ei.0.1.Ts.100.NO.rand.zpe/vasprun-37.xml
31,1003,1,/Users/samuel/Desktop/postdoc_PhLAM/NO_HOPG/data/vaspdata.Ei.0.1.Ts.100.NO.rand.zpe/vasprun-37.xml
31,1105,1,/Users/samuel/Desktop/postdoc_PhLAM/NO_HOPG/data/vaspdata.Ei.0.1.Ts.100.NO.rand.zpe/vasprun-37.xml
32,46,1,/Users/samuel/Desktop/postdoc_PhLAM/NO_HOPG/data/vaspdata.Ei.0.1.Ts.100.NO.rand.zpe/vasprun-38.xml
32,85,1,/Users/samuel/Desktop/postdoc_PhLAM/NO_HOPG/data/vaspdata.Ei.0.1.Ts.100.NO.rand.zpe/vasprun-38.xml
32,248,1,/Users/samuel/Desktop/postdoc_PhLAM/NO_HOPG/data/vaspdata.Ei.0.1.Ts.100.NO.rand.zpe/vasprun-38.xml
32,493,1,/Users/samuel/Desktop/postdoc_PhLAM/NO_HOPG/data/vaspdata.Ei.0.1.Ts.100.NO.rand.zpe/vasprun-38.xml
32,564,1,/Users/samuel/Desktop/postdoc_PhLAM/NO_HOPG/data/vaspdata.Ei.0.1.Ts.100.NO.rand.zpe/vasprun-38.xml
32,568,1,/Users/samuel/Desktop/postdoc_PhLAM/NO_HOPG/data/vaspdata.Ei.0.1.Ts.100.NO.rand.zpe/vasprun-38.xml
32,721,1,/Users/samuel/Desktop/postdoc_PhLAM/NO_HOPG/data/vaspdata.Ei.0.1.Ts.100.NO.rand.zpe/vasprun-38.xml
32,1035,1,/Users/samuel/Desktop/postdoc_PhLAM/NO_HOPG/data/vaspdata.Ei.0.1.Ts.100.NO.rand.zpe/vasprun-38.xml
32,1117,1,/Users/samuel/Desktop/postdoc_PhLAM/NO_HOPG/data/vaspdata.Ei.0.1.Ts.100.NO.rand.zpe/vasprun-38.xml
33,352,1,/Users/samuel/Desktop/postdoc_PhLAM/NO_HOPG/data/vaspdata.Ei.0.1.Ts.100.NO.rand.zpe/vasprun-39.xml
33,368,1,/Users/samuel/Desktop/postdoc_PhLAM/NO_HOPG/data/vaspdata.Ei.0.1.Ts.100.NO.rand.zpe/vasprun-39.xml
33,856,1,/Users/samuel/Desktop/postdoc_PhLAM/NO_HOPG/data/vaspdata.Ei.0.1.Ts.100.NO.rand.zpe/vasprun-39.xml
33,930,1,/Users/samuel/Desktop/postdoc_PhLAM/NO_HOPG/data/vaspdata.Ei.0.1.Ts.100.NO.rand.zpe/vasprun-39.xml
34,139,1,/Users/samuel/Desktop/postdoc_PhLAM/NO_HOPG/data/vaspdata.Ei.0.1.Ts.100.NO.rand.zpe/vasprun-4.xml
34,567,1,/Users/samuel/Desktop/postdoc_PhLAM/NO_HOPG/data/vaspdata.Ei.0.1.Ts.100.NO.rand.zpe/vasprun-4.xml
34,962,1,/Users/samuel/Desktop/postdoc_PhLAM/NO_HOPG/data/vaspdata.Ei.0.1.Ts.100.NO.rand.zpe/vasprun-4.xml
35,75,1,/Users/samuel/Desktop/postdoc_PhLAM/NO_HOPG/data/vaspdata.Ei.0.1.Ts.100.NO.rand.zpe/vasprun-40.xml
35,89,1,/Users/samuel/Desktop/postdoc_PhLAM/NO_HOPG/data/vaspdata.Ei.0.1.Ts.100.NO.rand.zpe/vasprun-40.xml
35,208,1,/Users/samuel/Desktop/postdoc_PhLAM/NO_HOPG/data/vaspdata.Ei.0.1.Ts.100.NO.rand.zpe/vasprun-40.xml
35,429,1,/Users/samuel/Desktop/postdoc_PhLAM/NO_HOPG/data/vaspdata.Ei.0.1.Ts.100.NO.rand.zpe/vasprun-40.xml
35,455,1,/Users/samuel/Desktop/postdoc_PhLAM/NO_HOPG/data/vaspdata.Ei.0.1.Ts.100.NO.rand.zpe/vasprun-40.xml
35,491,1,/Users/samuel/Desktop/postdoc_PhLAM/NO_HOPG/data/vaspdata.Ei.0.1.Ts.100.NO.rand.zpe/vasprun-40.xml
35,733,1,/Users/samuel/Desktop/postdoc_PhLAM/NO_HOPG/data/vaspdata.Ei.0.1.Ts.100.NO.rand.zpe/vasprun-40.xml
35,750,1,/Users/samuel/Desktop/postdoc_PhLAM/NO_HOPG/data/vaspdata.Ei.0.1.Ts.100.NO.rand.zpe/vasprun-40.xml
35,777,1,/Users/samuel/Desktop/postdoc_PhLAM/NO_HOPG/data/vaspdata.Ei.0.1.Ts.100.NO.rand.zpe/vasprun-40.xml
35,845,1,/Users/samuel/Desktop/postdoc_PhLAM/NO_HOPG/data/vaspdata.Ei.0.1.Ts.100.NO.rand.zpe/vasprun-40.xml
35,882,1,/Users/samuel/Desktop/postdoc_PhLAM/NO_HOPG/data/vaspdata.Ei.0.1.Ts.100.NO.rand.zpe/vasprun-40.xml
36,29,1,/Users/samuel/Desktop/postdoc_PhLAM/NO_HOPG/data/vaspdata.Ei.0.1.Ts.100.NO.rand.zpe/vasprun-41.xml
36,69,1,/Users/samuel/Desktop/postdoc_PhLAM/NO_HOPG/data/vaspdata.Ei.0.1.Ts.100.NO.rand.zpe/vasprun-41.xml
36,85,1,/Users/samuel/Desktop/postdoc_PhLAM/NO_HOPG/data/vaspdata.Ei.0.1.Ts.100.NO.rand.zpe/vasprun-41.xml
36,114,1,/Users/samuel/Desktop/postdoc_PhLAM/NO_HOPG/data/vaspdata.Ei.0.1.Ts.100.NO.rand.zpe/vasprun-41.xml
36,403,1,/Users/samuel/Desktop/postdoc_PhLAM/NO_HOPG/data/vaspdata.Ei.0.1.Ts.100.NO.rand.zpe/vasprun-41.xml
36,407,1,/Users/samuel/Desktop/postdoc_PhLAM/NO_HOPG/data/vaspdata.Ei.0.1.Ts.100.NO.rand.zpe/vasprun-41.xml
36,470,1,/Users/samuel/Desktop/postdoc_PhLAM/NO_HOPG/data/vaspdata.Ei.0.1.Ts.100.NO.rand.zpe/vasprun-41.xml
36,727,1,/Users/samuel/Desktop/postdoc_PhLAM/NO_HOPG/data/vaspdata.Ei.0.1.Ts.100.NO.rand.zpe/vasprun-41.xml
36,730,1,/Users/samuel/Desktop/postdoc_PhLAM/NO_HOPG/data/vaspdata.Ei.0.1.Ts.100.NO.rand.zpe/vasprun-41.xml
36,1093,1,/Users/samuel/Desktop/postdoc_PhLAM/NO_HOPG/data/vaspdata.Ei.0.1.Ts.100.NO.rand.zpe/vasprun-41.xml
36,1154,1,/Users/samuel/Desktop/postdoc_PhLAM/NO_HOPG/data/vaspdata.Ei.0.1.Ts.100.NO.rand.zpe/vasprun-41.xml
37,52,1,/Users/samuel/Desktop/postdoc_PhLAM/NO_HOPG/data/vaspdata.Ei.0.1.Ts.100.NO.rand.zpe/vasprun-42.xml
37,325,1,/Users/samuel/Desktop/postdoc_PhLAM/NO_HOPG/data/vaspdata.Ei.0.1.Ts.100.NO.rand.zpe/vasprun-42.xml
37,533,1,/Users/samuel/Desktop/postdoc_PhLAM/NO_HOPG/data/vaspdata.Ei.0.1.Ts.100.NO.rand.zpe/vasprun-42.xml
37,812,1,/Users/samuel/Desktop/postdoc_PhLAM/NO_HOPG/data/vaspdata.Ei.0.1.Ts.100.NO.rand.zpe/vasprun-42.xml
37,1222,1,/Users/samuel/Desktop/postdoc_PhLAM/NO_HOPG/data/vaspdata.Ei.0.1.Ts.100.NO.rand.zpe/vasprun-42.xml
38,300,1,/Users/samuel/Desktop/postdoc_PhLAM/NO_HOPG/data/vaspdata.Ei.0.1.Ts.100.NO.rand.zpe/vasprun-43.xml
38,765,1,/Users/samuel/Desktop/postdoc_PhLAM/NO_HOPG/data/vaspdata.Ei.0.1.Ts.100.NO.rand.zpe/vasprun-43.xml
38,1145,1,/Users/samuel/Desktop/postdoc_PhLAM/NO_HOPG/data/vaspdata.Ei.0.1.Ts.100.NO.rand.zpe/vasprun-43.xml
39,111,1,/Users/samuel/Desktop/postdoc_PhLAM/NO_HOPG/data/vaspdata.Ei.0.1.Ts.100.NO.rand.zpe/vasprun-44.xml
39,305,1,/Users/samuel/Desktop/postdoc_PhLAM/NO_HOPG/data/vaspdata.Ei.0.1.Ts.100.NO.rand.zpe/vasprun-44.xml
39,311,1,/Users/samuel/Desktop/postdoc_PhLAM/NO_HOPG/data/vaspdata.Ei.0.1.Ts.100.NO.rand.zpe/vasprun-44.xml
39,579,1,/Users/samuel/Desktop/postdoc_PhLAM/NO_HOPG/data/vaspdata.Ei.0.1.Ts.100.NO.rand.zpe/vasprun-44.xml
39,620,1,/Users/samuel/Desktop/postdoc_PhLAM/NO_HOPG/data/vaspdata.Ei.0.1.Ts.100.NO.rand.zpe/vasprun-44.xml
39,832,1,/Users/samuel/Desktop/postdoc_PhLAM/NO_HOPG/data/vaspdata.Ei.0.1.Ts.100.NO.rand.zpe/vasprun-44.xml
39,865,1,/Users/samuel/Desktop/postdoc_PhLAM/NO_HOPG/data/vaspdata.Ei.0.1.Ts.100.NO.rand.zpe/vasprun-44.xml
39,909,1,/Users/samuel/Desktop/postdoc_PhLAM/NO_HOPG/data/vaspdata.Ei.0.1.Ts.100.NO.rand.zpe/vasprun-44.xml
39,1032,1,/Users/samuel/Desktop/postdoc_PhLAM/NO_HOPG/data/vaspdata.Ei.0.1.Ts.100.NO.rand.zpe/vasprun-44.xml
39,1105,1,/Users/samuel/Desktop/postdoc_PhLAM/NO_HOPG/data/vaspdata.Ei.0.1.Ts.100.NO.rand.zpe/vasprun-44.xml
39,1192,1,/Users/samuel/Desktop/postdoc_PhLAM/NO_HOPG/data/vaspdata.Ei.0.1.Ts.100.NO.rand.zpe/vasprun-44.xml
39,1222,1,/Users/samuel/Desktop/postdoc_PhLAM/NO_HOPG/data/vaspdata.Ei.0.1.Ts.100.NO.rand.zpe/vasprun-44.xml
40,80,1,/Users/samuel/Desktop/postdoc_PhLAM/NO_HOPG/data/vaspdata.Ei.0.1.Ts.100.NO.rand.zpe/vasprun-45.xml
40,460,1,/Users/samuel/Desktop/postdoc_PhLAM/NO_HOPG/data/vaspdata.Ei.0.1.Ts.100.NO.rand.zpe/vasprun-45.xml
40,515,1,/Users/samuel/Desktop/postdoc_PhLAM/NO_HOPG/data/vaspdata.Ei.0.1.Ts.100.NO.rand.zpe/vasprun-45.xml
40,589,1,/Users/samuel/Desktop/postdoc_PhLAM/NO_HOPG/data/vaspdata.Ei.0.1.Ts.100.NO.rand.zpe/vasprun-45.xml
40,606,1,/Users/samuel/Desktop/postdoc_PhLAM/NO_HOPG/data/vaspdata.Ei.0.1.Ts.100.NO.rand.zpe/vasprun-45.xml
40,713,1,/Users/samuel/Desktop/postdoc_PhLAM/NO_HOPG/data/vaspdata.Ei.0.1.Ts.100.NO.rand.zpe/vasprun-45.xml
40,737,1,/Users/samuel/Desktop/postdoc_PhLAM/NO_HOPG/data/vaspdata.Ei.0.1.Ts.100.NO.rand.zpe/vasprun-45.xml
40,765,1,/Users/samuel/Desktop/postdoc_PhLAM/NO_HOPG/data/vaspdata.Ei.0.1.Ts.100.NO.rand.zpe/vasprun-45.xml
40,769,1,/Users/samuel/Desktop/postdoc_PhLAM/NO_HOPG/data/vaspdata.Ei.0.1.Ts.100.NO.rand.zpe/vasprun-45.xml
40,792,1,/Users/samuel/Desktop/postdoc_PhLAM/NO_HOPG/data/vaspdata.Ei.0.1.Ts.100.NO.rand.zpe/vasprun-45.xml
40,851,1,/Users/samuel/Desktop/postdoc_PhLAM/NO_HOPG/data/vaspdata.Ei.0.1.Ts.100.NO.rand.zpe/vasprun-45.xml
41,232,1,/Users/samuel/Desktop/postdoc_PhLAM/NO_HOPG/data/vaspdata.Ei.0.1.Ts.100.NO.rand.zpe/vasprun-46.xml
41,476,1,/Users/samuel/Desktop/postdoc_PhLAM/NO_HOPG/data/vaspdata.Ei.0.1.Ts.100.NO.rand.zpe/vasprun-46.xml
41,716,1,/Users/samuel/Desktop/postdoc_PhLAM/NO_HOPG/data/vaspdata.Ei.0.1.Ts.100.NO.rand.zpe/vasprun-46.xml
41,874,1,/Users/samuel/Desktop/postdoc_PhLAM/NO_HOPG/data/vaspdata.Ei.0.1.Ts.100.NO.rand.zpe/vasprun-46.xml
41,1116,1,/Users/samuel/Desktop/postdoc_PhLAM/NO_HOPG/data/vaspdata.Ei.0.1.Ts.100.NO.rand.zpe/vasprun-46.xml
41,1130,1,/Users/samuel/Desktop/postdoc_PhLAM/NO_HOPG/data/vaspdata.Ei.0.1.Ts.100.NO.rand.zpe/vasprun-46.xml
41,1206,1,/Users/samuel/Desktop/postdoc_PhLAM/NO_HOPG/data/vaspdata.Ei.0.1.Ts.100.NO.rand.zpe/vasprun-46.xml
41,1207,1,/Users/samuel/Desktop/postdoc_PhLAM/NO_HOPG/data/vaspdata.Ei.0.1.Ts.100.NO.rand.zpe/vasprun-46.xml
42,97,1,/Users/samuel/Desktop/postdoc_PhLAM/NO_HOPG/data/vaspdata.Ei.0.1.Ts.100.NO.rand.zpe/vasprun-47.xml
42,171,1,/Users/samuel/Desktop/postdoc_PhLAM/NO_HOPG/data/vaspdata.Ei.0.1.Ts.100.NO.rand.zpe/vasprun-47.xml
42,180,1,/Users/samuel/Desktop/postdoc_PhLAM/NO_HOPG/data/vaspdata.Ei.0.1.Ts.100.NO.rand.zpe/vasprun-47.xml
42,196,1,/Users/samuel/Desktop/postdoc_PhLAM/NO_HOPG/data/vaspdata.Ei.0.1.Ts.100.NO.rand.zpe/vasprun-47.xml
42,204,1,/Users/samuel/Desktop/postdoc_PhLAM/NO_HOPG/data/vaspdata.Ei.0.1.Ts.100.NO.rand.zpe/vasprun-47.xml
42,251,1,/Users/samuel/Desktop/postdoc_PhLAM/NO_HOPG/data/vaspdata.Ei.0.1.Ts.100.NO.rand.zpe/vasprun-47.xml
42,344,1,/Users/samuel/Desktop/postdoc_PhLAM/NO_HOPG/data/vaspdata.Ei.0.1.Ts.100.NO.rand.zpe/vasprun-47.xml
42,357,1,/Users/samuel/Desktop/postdoc_PhLAM/NO_HOPG/data/vaspdata.Ei.0.1.Ts.100.NO.rand.zpe/vasprun-47.xml
42,534,1,/Users/samuel/Desktop/postdoc_PhLAM/NO_HOPG/data/vaspdata.Ei.0.1.Ts.100.NO.rand.zpe/vasprun-47.xml
42,585,1,/Users/samuel/Desktop/postdoc_PhLAM/NO_HOPG/data/vaspdata.Ei.0.1.Ts.100.NO.rand.zpe/vasprun-47.xml
42,677,1,/Users/samuel/Desktop/postdoc_PhLAM/NO_HOPG/data/vaspdata.Ei.0.1.Ts.100.NO.rand.zpe/vasprun-47.xml
42,788,1,/Users/samuel/Desktop/postdoc_PhLAM/NO_HOPG/data/vaspdata.Ei.0.1.Ts.100.NO.rand.zpe/vasprun-47.xml
42,794,1,/Users/samuel/Desktop/postdoc_PhLAM/NO_HOPG/data/vaspdata.Ei.0.1.Ts.100.NO.rand.zpe/vasprun-47.xml
42,876,1,/Users/samuel/Desktop/postdoc_PhLAM/NO_HOPG/data/vaspdata.Ei.0.1.Ts.100.NO.rand.zpe/vasprun-47.xml
42,1060,1,/Users/samuel/Desktop/postdoc_PhLAM/NO_HOPG/data/vaspdata.Ei.0.1.Ts.100.NO.rand.zpe/vasprun-47.xml
43,20,1,/Users/samuel/Desktop/postdoc_PhLAM/NO_HOPG/data/vaspdata.Ei.0.1.Ts.100.NO.rand.zpe/vasprun-48.xml
43,63,1,/Users/samuel/Desktop/postdoc_PhLAM/NO_HOPG/data/vaspdata.Ei.0.1.Ts.100.NO.rand.zpe/vasprun-48.xml
43,146,1,/Users/samuel/Desktop/postdoc_PhLAM/NO_HOPG/data/vaspdata.Ei.0.1.Ts.100.NO.rand.zpe/vasprun-48.xml
43,358,1,/Users/samuel/Desktop/postdoc_PhLAM/NO_HOPG/data/vaspdata.Ei.0.1.Ts.100.NO.rand.zpe/vasprun-48.xml
43,414,1,/Users/samuel/Desktop/postdoc_PhLAM/NO_HOPG/data/vaspdata.Ei.0.1.Ts.100.NO.rand.zpe/vasprun-48.xml
43,470,1,/Users/samuel/Desktop/postdoc_PhLAM/NO_HOPG/data/vaspdata.Ei.0.1.Ts.100.NO.rand.zpe/vasprun-48.xml
43,519,1,/Users/samuel/Desktop/postdoc_PhLAM/NO_HOPG/data/vaspdata.Ei.0.1.Ts.100.NO.rand.zpe/vasprun-48.xml
43,520,1,/Users/samuel/Desktop/postdoc_PhLAM/NO_HOPG/data/vaspdata.Ei.0.1.Ts.100.NO.rand.zpe/vasprun-48.xml
43,573,1,/Users/samuel/Desktop/postdoc_PhLAM/NO_HOPG/data/vaspdata.Ei.0.1.Ts.100.NO.rand.zpe/vasprun-48.xml
43,574,1,/Users/samuel/Desktop/postdoc_PhLAM/NO_HOPG/data/vaspdata.Ei.0.1.Ts.100.NO.rand.zpe/vasprun-48.xml
43,783,1,/Users/samuel/Desktop/postdoc_PhLAM/NO_HOPG/data/vaspdata.Ei.0.1.Ts.100.NO.rand.zpe/vasprun-48.xml
43,848,1,/Users/samuel/Desktop/postdoc_PhLAM/NO_HOPG/data/vaspdata.Ei.0.1.Ts.100.NO.rand.zpe/vasprun-48.xml
43,968,1,/Users/samuel/Desktop/postdoc_PhLAM/NO_HOPG/data/vaspdata.Ei.0.1.Ts.100.NO.rand.zpe/vasprun-48.xml
43,977,1,/Users/samuel/Desktop/postdoc_PhLAM/NO_HOPG/data/vaspdata.Ei.0.1.Ts.100.NO.rand.zpe/vasprun-48.xml
44,100,1,/Users/samuel/Desktop/postdoc_PhLAM/NO_HOPG/data/vaspdata.Ei.0.1.Ts.100.NO.rand.zpe/vasprun-49.xml
44,170,1,/Users/samuel/Desktop/postdoc_PhLAM/NO_HOPG/data/vaspdata.Ei.0.1.Ts.100.NO.rand.zpe/vasprun-49.xml
44,221,1,/Users/samuel/Desktop/postdoc_PhLAM/NO_HOPG/data/vaspdata.Ei.0.1.Ts.100.NO.rand.zpe/vasprun-49.xml
44,378,1,/Users/samuel/Desktop/postdoc_PhLAM/NO_HOPG/data/vaspdata.Ei.0.1.Ts.100.NO.rand.zpe/vasprun-49.xml
44,390,1,/Users/samuel/Desktop/postdoc_PhLAM/NO_HOPG/data/vaspdata.Ei.0.1.Ts.100.NO.rand.zpe/vasprun-49.xml
44,443,1,/Users/samuel/Desktop/postdoc_PhLAM/NO_HOPG/data/vaspdata.Ei.0.1.Ts.100.NO.rand.zpe/vasprun-49.xml
44,584,1,/Users/samuel/Desktop/postdoc_PhLAM/NO_HOPG/data/vaspdata.Ei.0.1.Ts.100.NO.rand.zpe/vasprun-49.xml
44,720,1,/Users/samuel/Desktop/postdoc_PhLAM/NO_HOPG/data/vaspdata.Ei.0.1.Ts.100.NO.rand.zpe/vasprun-49.xml
44,722,1,/Users/samuel/Desktop/postdoc_PhLAM/NO_HOPG/data/vaspdata.Ei.0.1.Ts.100.NO.rand.zpe/vasprun-49.xml
44,760,1,/Users/samuel/Desktop/postdoc_PhLAM/NO_HOPG/data/vaspdata.Ei.0.1.Ts.100.NO.rand.zpe/vasprun-49.xml
44,765,1,/Users/samuel/Desktop/postdoc_PhLAM/NO_HOPG/data/vaspdata.Ei.0.1.Ts.100.NO.rand.zpe/vasprun-49.xml
44,893,1,/Users/samuel/Desktop/postdoc_PhLAM/NO_HOPG/data/vaspdata.Ei.0.1.Ts.100.NO.rand.zpe/vasprun-49.xml
44,949,1,/Users/samuel/Desktop/postdoc_PhLAM/NO_HOPG/data/vaspdata.Ei.0.1.Ts.100.NO.rand.zpe/vasprun-49.xml
44,1087,1,/Users/samuel/Desktop/postdoc_PhLAM/NO_HOPG/data/vaspdata.Ei.0.1.Ts.100.NO.rand.zpe/vasprun-49.xml
44,1109,1,/Users/samuel/Desktop/postdoc_PhLAM/NO_HOPG/data/vaspdata.Ei.0.1.Ts.100.NO.rand.zpe/vasprun-49.xml
45,26,1,/Users/samuel/Desktop/postdoc_PhLAM/NO_HOPG/data/vaspdata.Ei.0.1.Ts.100.NO.rand.zpe/vasprun-5.xml
45,40,1,/Users/samuel/Desktop/postdoc_PhLAM/NO_HOPG/data/vaspdata.Ei.0.1.Ts.100.NO.rand.zpe/vasprun-5.xml
45,50,1,/Users/samuel/Desktop/postdoc_PhLAM/NO_HOPG/data/vaspdata.Ei.0.1.Ts.100.NO.rand.zpe/vasprun-5.xml
45,72,1,/Users/samuel/Desktop/postdoc_PhLAM/NO_HOPG/data/vaspdata.Ei.0.1.Ts.100.NO.rand.zpe/vasprun-5.xml
45,402,1,/Users/samuel/Desktop/postdoc_PhLAM/NO_HOPG/data/vaspdata.Ei.0.1.Ts.100.NO.rand.zpe/vasprun-5.xml
45,486,1,/Users/samuel/Desktop/postdoc_PhLAM/NO_HOPG/data/vaspdata.Ei.0.1.Ts.100.NO.rand.zpe/vasprun-5.xml
45,532,1,/Users/samuel/Desktop/postdoc_PhLAM/NO_HOPG/data/vaspdata.Ei.0.1.Ts.100.NO.rand.zpe/vasprun-5.xml
45,565,1,/Users/samuel/Desktop/postdoc_PhLAM/NO_HOPG/data/vaspdata.Ei.0.1.Ts.100.NO.rand.zpe/vasprun-5.xml
45,820,2,/Users/samuel/Desktop/postdoc_PhLAM/NO_HOPG/data/vaspdata.Ei.0.1.Ts.100.NO.rand.zpe/vasprun-5.xml
45,1002,1,/Users/samuel/Desktop/postdoc_PhLAM/NO_HOPG/data/vaspdata.Ei.0.1.Ts.100.NO.rand.zpe/vasprun-5.xml
45,1057,1,/Users/samuel/Desktop/postdoc_PhLAM/NO_HOPG/data/vaspdata.Ei.0.1.Ts.100.NO.rand.zpe/vasprun-5.xml
46,45,1,/Users/samuel/Desktop/postdoc_PhLAM/NO_HOPG/data/vaspdata.Ei.0.1.Ts.100.NO.rand.zpe/vasprun-50.xml
46,125,1,/Users/samuel/Desktop/postdoc_PhLAM/NO_HOPG/data/vaspdata.Ei.0.1.Ts.100.NO.rand.zpe/vasprun-50.xml
46,129,1,/Users/samuel/Desktop/postdoc_PhLAM/NO_HOPG/data/vaspdata.Ei.0.1.Ts.100.NO.rand.zpe/vasprun-50.xml
46,274,1,/Users/samuel/Desktop/postdoc_PhLAM/NO_HOPG/data/vaspdata.Ei.0.1.Ts.100.NO.rand.zpe/vasprun-50.xml
46,306,1,/Users/samuel/Desktop/postdoc_PhLAM/NO_HOPG/data/vaspdata.Ei.0.1.Ts.100.NO.rand.zpe/vasprun-50.xml
46,335,1,/Users/samuel/Desktop/postdoc_PhLAM/NO_HOPG/data/vaspdata.Ei.0.1.Ts.100.NO.rand.zpe/vasprun-50.xml
46,495,1,/Users/samuel/Desktop/postdoc_PhLAM/NO_HOPG/data/vaspdata.Ei.0.1.Ts.100.NO.rand.zpe/vasprun-50.xml
46,564,1,/Users/samuel/Desktop/postdoc_PhLAM/NO_HOPG/data/vaspdata.Ei.0.1.Ts.100.NO.rand.zpe/vasprun-50.xml
46,600,1,/Users/samuel/Desktop/postdoc_PhLAM/NO_HOPG/data/vaspdata.Ei.0.1.Ts.100.NO.rand.zpe/vasprun-50.xml
46,741,1,/Users/samuel/Desktop/postdoc_PhLAM/NO_HOPG/data/vaspdata.Ei.0.1.Ts.100.NO.rand.zpe/vasprun-50.xml
46,922,1,/Users/samuel/Desktop/postdoc_PhLAM/NO_HOPG/data/vaspdata.Ei.0.1.Ts.100.NO.rand.zpe/vasprun-50.xml
46,1084,1,/Users/samuel/Desktop/postdoc_PhLAM/NO_HOPG/data/vaspdata.Ei.0.1.Ts.100.NO.rand.zpe/vasprun-50.xml
47,409,1,/Users/samuel/Desktop/postdoc_PhLAM/NO_HOPG/data/vaspdata.Ei.0.1.Ts.100.NO.rand.zpe/vasprun-51.xml
47,592,1,/Users/samuel/Desktop/postdoc_PhLAM/NO_HOPG/data/vaspdata.Ei.0.1.Ts.100.NO.rand.zpe/vasprun-51.xml
47,636,1,/Users/samuel/Desktop/postdoc_PhLAM/NO_HOPG/data/vaspdata.Ei.0.1.Ts.100.NO.rand.zpe/vasprun-51.xml
47,716,1,/Users/samuel/Desktop/postdoc_PhLAM/NO_HOPG/data/vaspdata.Ei.0.1.Ts.100.NO.rand.zpe/vasprun-51.xml
47,886,1,/Users/samuel/Desktop/postdoc_PhLAM/NO_HOPG/data/vaspdata.Ei.0.1.Ts.100.NO.rand.zpe/vasprun-51.xml
47,1059,1,/Users/samuel/Desktop/postdoc_PhLAM/NO_HOPG/data/vaspdata.Ei.0.1.Ts.100.NO.rand.zpe/vasprun-51.xml
47,1128,1,/Users/samuel/Desktop/postdoc_PhLAM/NO_HOPG/data/vaspdata.Ei.0.1.Ts.100.NO.rand.zpe/vasprun-51.xml
47,1167,1,/Users/samuel/Desktop/postdoc_PhLAM/NO_HOPG/data/vaspdata.Ei.0.1.Ts.100.NO.rand.zpe/vasprun-51.xml
48,56,1,/Users/samuel/Desktop/postdoc_PhLAM/NO_HOPG/data/vaspdata.Ei.0.1.Ts.100.NO.rand.zpe/vasprun-52.xml
48,182,1,/Users/samuel/Desktop/postdoc_PhLAM/NO_HOPG/data/vaspdata.Ei.0.1.Ts.100.NO.rand.zpe/vasprun-52.xml
48,248,1,/Users/samuel/Desktop/postdoc_PhLAM/NO_HOPG/data/vaspdata.Ei.0.1.Ts.100.NO.rand.zpe/vasprun-52.xml
48,449,1,/Users/samuel/Desktop/postdoc_PhLAM/NO_HOPG/data/vaspdata.Ei.0.1.Ts.100.NO.rand.zpe/vasprun-52.xml
48,503,1,/Users/samuel/Desktop/postdoc_PhLAM/NO_HOPG/data/vaspdata.Ei.0.1.Ts.100.NO.rand.zpe/vasprun-52.xml
48,667,1,/Users/samuel/Desktop/postdoc_PhLAM/NO_HOPG/data/vaspdata.Ei.0.1.Ts.100.NO.rand.zpe/vasprun-52.xml
48,683,1,/Users/samuel/Desktop/postdoc_PhLAM/NO_HOPG/data/vaspdata.Ei.0.1.Ts.100.NO.rand.zpe/vasprun-52.xml
48,804,1,/Users/samuel/Desktop/postdoc_PhLAM/NO_HOPG/data/vaspdata.Ei.0.1.Ts.100.NO.rand.zpe/vasprun-52.xml
48,852,1,/Users/samuel/Desktop/postdoc_PhLAM/NO_HOPG/data/vaspdata.Ei.0.1.Ts.100.NO.rand.zpe/vasprun-52.xml
48,887,1,/Users/samuel/Desktop/postdoc_PhLAM/NO_HOPG/data/vaspdata.Ei.0.1.Ts.100.NO.rand.zpe/vasprun-52.xml
48,1156,1,/Users/samuel/Desktop/postdoc_PhLAM/NO_HOPG/data/vaspdata.Ei.0.1.Ts.100.NO.rand.zpe/vasprun-52.xml
49,68,1,/Users/samuel/Desktop/postdoc_PhLAM/NO_HOPG/data/vaspdata.Ei.0.1.Ts.100.NO.rand.zpe/vasprun-53.xml
49,70,1,/Users/samuel/Desktop/postdoc_PhLAM/NO_HOPG/data/vaspdata.Ei.0.1.Ts.100.NO.rand.zpe/vasprun-53.xml
49,124,1,/Users/samuel/Desktop/postdoc_PhLAM/NO_HOPG/data/vaspdata.Ei.0.1.Ts.100.NO.rand.zpe/vasprun-53.xml
49,131,1,/Users/samuel/Desktop/postdoc_PhLAM/NO_HOPG/data/vaspdata.Ei.0.1.Ts.100.NO.rand.zpe/vasprun-53.xml
49,193,1,/Users/samuel/Desktop/postdoc_PhLAM/NO_HOPG/data/vaspdata.Ei.0.1.Ts.100.NO.rand.zpe/vasprun-53.xml
49,280,1,/Users/samuel/Desktop/postdoc_PhLAM/NO_HOPG/data/vaspdata.Ei.0.1.Ts.100.NO.rand.zpe/vasprun-53.xml
49,521,2,/Users/samuel/Desktop/postdoc_PhLAM/NO_HOPG/data/vaspdata.Ei.0.1.Ts.100.NO.rand.zpe/vasprun-53.xml
49,634,1,/Users/samuel/Desktop/postdoc_PhLAM/NO_HOPG/data/vaspdata.Ei.0.1.Ts.100.NO.rand.zpe/vasprun-53.xml
49,1039,1,/Users/samuel/Desktop/postdoc_PhLAM/NO_HOPG/data/vaspdata.Ei.0.1.Ts.100.NO.rand.zpe/vasprun-53.xml
49,1091,1,/Users/samuel/Desktop/postdoc_PhLAM/NO_HOPG/data/vaspdata.Ei.0.1.Ts.100.NO.rand.zpe/vasprun-53.xml
50,5,1,/Users/samuel/Desktop/postdoc_PhLAM/NO_HOPG/data/vaspdata.Ei.0.1.Ts.100.NO.rand.zpe/vasprun-54.xml
50,101,1,/Users/samuel/Desktop/postdoc_PhLAM/NO_HOPG/data/vaspdata.Ei.0.1.Ts.100.NO.rand.zpe/vasprun-54.xml
50,163,1,/Users/samuel/Desktop/postdoc_PhLAM/NO_HOPG/data/vaspdata.Ei.0.1.Ts.100.NO.rand.zpe/vasprun-54.xml
50,213,1,/Users/samuel/Desktop/postdoc_PhLAM/NO_HOPG/data/vaspdata.Ei.0.1.Ts.100.NO.rand.zpe/vasprun-54.xml
50,416,1,/Users/samuel/Desktop/postdoc_PhLAM/NO_HOPG/data/vaspdata.Ei.0.1.Ts.100.NO.rand.zpe/vasprun-54.xml
50,550,1,/Users/samuel/Desktop/postdoc_PhLAM/NO_HOPG/data/vaspdata.Ei.0.1.Ts.100.NO.rand.zpe/vasprun-54.xml
50,751,1,/Users/samuel/Desktop/postdoc_PhLAM/NO_HOPG/data/vaspdata.Ei.0.1.Ts.100.NO.rand.zpe/vasprun-54.xml
50,763,1,/Users/samuel/Desktop/postdoc_PhLAM/NO_HOPG/data/vaspdata.Ei.0.1.Ts.100.NO.rand.zpe/vasprun-54.xml
50,805,1,/Users/samuel/Desktop/postdoc_PhLAM/NO_HOPG/data/vaspdata.Ei.0.1.Ts.100.NO.rand.zpe/vasprun-54.xml
50,988,1,/Users/samuel/Desktop/postdoc_PhLAM/NO_HOPG/data/vaspdata.Ei.0.1.Ts.100.NO.rand.zpe/vasprun-54.xml
50,996,1,/Users/samuel/Desktop/postdoc_PhLAM/NO_HOPG/data/vaspdata.Ei.0.1.Ts.100.NO.rand.zpe/vasprun-54.xml
50,1066,1,/Users/samuel/Desktop/postdoc_PhLAM/NO_HOPG/data/vaspdata.Ei.0.1.Ts.100.NO.rand.zpe/vasprun-54.xml
50,1128,1,/Users/samuel/Desktop/postdoc_PhLAM/NO_HOPG/data/vaspdata.Ei.0.1.Ts.100.NO.rand.zpe/vasprun-54.xml
51,232,1,/Users/samuel/Desktop/postdoc_PhLAM/NO_HOPG/data/vaspdata.Ei.0.1.Ts.100.NO.rand.zpe/vasprun-55.xml
51,239,1,/Users/samuel/Desktop/postdoc_PhLAM/NO_HOPG/data/vaspdata.Ei.0.1.Ts.100.NO.rand.zpe/vasprun-55.xml
51,620,1,/Users/samuel/Desktop/postdoc_PhLAM/NO_HOPG/data/vaspdata.Ei.0.1.Ts.100.NO.rand.zpe/vasprun-55.xml
51,747,1,/Users/samuel/Desktop/postdoc_PhLAM/NO_HOPG/data/vaspdata.Ei.0.1.Ts.100.NO.rand.zpe/vasprun-55.xml
51,777,1,/Users/samuel/Desktop/postdoc_PhLAM/NO_HOPG/data/vaspdata.Ei.0.1.Ts.100.NO.rand.zpe/vasprun-55.xml
51,917,1,/Users/samuel/Desktop/postdoc_PhLAM/NO_HOPG/data/vaspdata.Ei.0.1.Ts.100.NO.rand.zpe/vasprun-55.xml
51,978,1,/Users/samuel/Desktop/postdoc_PhLAM/NO_HOPG/data/vaspdata.Ei.0.1.Ts.100.NO.rand.zpe/vasprun-55.xml
51,1028,1,/Users/samuel/Desktop/postdoc_PhLAM/NO_HOPG/data/vaspdata.Ei.0.1.Ts.100.NO.rand.zpe/vasprun-55.xml
52,50,1,/Users/samuel/Desktop/postdoc_PhLAM/NO_HOPG/data/vaspdata.Ei.0.1.Ts.100.NO.rand.zpe/vasprun-56.xml
52,125,1,/Users/samuel/Desktop/postdoc_PhLAM/NO_HOPG/data/vaspdata.Ei.0.1.Ts.100.NO.rand.zpe/vasprun-56.xml
52,177,1,/Users/samuel/Desktop/postdoc_PhLAM/NO_HOPG/data/vaspdata.Ei.0.1.Ts.100.NO.rand.zpe/vasprun-56.xml
52,301,1,/Users/samuel/Desktop/postdoc_PhLAM/NO_HOPG/data/vaspdata.Ei.0.1.Ts.100.NO.rand.zpe/vasprun-56.xml
52,571,1,/Users/samuel/Desktop/postdoc_PhLAM/NO_HOPG/data/vaspdata.Ei.0.1.Ts.100.NO.rand.zpe/vasprun-56.xml
52,621,1,/Users/samuel/Desktop/postdoc_PhLAM/NO_HOPG/data/vaspdata.Ei.0.1.Ts.100.NO.rand.zpe/vasprun-56.xml
52,738,1,/Users/samuel/Desktop/postdoc_PhLAM/NO_HOPG/data/vaspdata.Ei.0.1.Ts.100.NO.rand.zpe/vasprun-56.xml
52,851,1,/Users/samuel/Desktop/postdoc_PhLAM/NO_HOPG/data/vaspdata.Ei.0.1.Ts.100.NO.rand.zpe/vasprun-56.xml
52,920,1,/Users/samuel/Desktop/postdoc_PhLAM/NO_HOPG/data/vaspdata.Ei.0.1.Ts.100.NO.rand.zpe/vasprun-56.xml
52,945,1,/Users/samuel/Desktop/postdoc_PhLAM/NO_HOPG/data/vaspdata.Ei.0.1.Ts.100.NO.rand.zpe/vasprun-56.xml
52,1121,1,/Users/samuel/Desktop/postdoc_PhLAM/NO_HOPG/data/vaspdata.Ei.0.1.Ts.100.NO.rand.zpe/vasprun-56.xml
52,1167,1,/Users/samuel/Desktop/postdoc_PhLAM/NO_HOPG/data/vaspdata.Ei.0.1.Ts.100.NO.rand.zpe/vasprun-56.xml
52,1176,1,/Users/samuel/Desktop/postdoc_PhLAM/NO_HOPG/data/vaspdata.Ei.0.1.Ts.100.NO.rand.zpe/vasprun-56.xml
53,4,1,/Users/samuel/Desktop/postdoc_PhLAM/NO_HOPG/data/vaspdata.Ei.0.1.Ts.100.NO.rand.zpe/vasprun-57.xml
53,138,1,/Users/samuel/Desktop/postdoc_PhLAM/NO_HOPG/data/vaspdata.Ei.0.1.Ts.100.NO.rand.zpe/vasprun-57.xml
53,167,1,/Users/samuel/Desktop/postdoc_PhLAM/NO_HOPG/data/vaspdata.Ei.0.1.Ts.100.NO.rand.zpe/vasprun-57.xml
53,179,1,/Users/samuel/Desktop/postdoc_PhLAM/NO_HOPG/data/vaspdata.Ei.0.1.Ts.100.NO.rand.zpe/vasprun-57.xml
53,198,1,/Users/samuel/Desktop/postdoc_PhLAM/NO_HOPG/data/vaspdata.Ei.0.1.Ts.100.NO.rand.zpe/vasprun-57.xml
53,343,1,/Users/samuel/Desktop/postdoc_PhLAM/NO_HOPG/data/vaspdata.Ei.0.1.Ts.100.NO.rand.zpe/vasprun-57.xml
53,447,1,/Users/samuel/Desktop/postdoc_PhLAM/NO_HOPG/data/vaspdata.Ei.0.1.Ts.100.NO.rand.zpe/vasprun-57.xml
53,900,1,/Users/samuel/Desktop/postdoc_PhLAM/NO_HOPG/data/vaspdata.Ei.0.1.Ts.100.NO.rand.zpe/vasprun-57.xml
53,904,1,/Users/samuel/Desktop/postdoc_PhLAM/NO_HOPG/data/vaspdata.Ei.0.1.Ts.100.NO.rand.zpe/vasprun-57.xml
53,965,1,/Users/samuel/Desktop/postdoc_PhLAM/NO_HOPG/data/vaspdata.Ei.0.1.Ts.100.NO.rand.zpe/vasprun-57.xml
53,1020,1,/Users/samuel/Desktop/postdoc_PhLAM/NO_HOPG/data/vaspdata.Ei.0.1.Ts.100.NO.rand.zpe/vasprun-57.xml
53,1083,1,/Users/samuel/Desktop/postdoc_PhLAM/NO_HOPG/data/vaspdata.Ei.0.1.Ts.100.NO.rand.zpe/vasprun-57.xml
53,1116,1,/Users/samuel/Desktop/postdoc_PhLAM/NO_HOPG/data/vaspdata.Ei.0.1.Ts.100.NO.rand.zpe/vasprun-57.xml
53,1138,1,/Users/samuel/Desktop/postdoc_PhLAM/NO_HOPG/data/vaspdata.Ei.0.1.Ts.100.NO.rand.zpe/vasprun-57.xml
53,1158,1,/Users/samuel/Desktop/postdoc_PhLAM/NO_HOPG/data/vaspdata.Ei.0.1.Ts.100.NO.rand.zpe/vasprun-57.xml
53,1209,1,/Users/samuel/Desktop/postdoc_PhLAM/NO_HOPG/data/vaspdata.Ei.0.1.Ts.100.NO.rand.zpe/vasprun-57.xml
54,160,1,/Users/samuel/Desktop/postdoc_PhLAM/NO_HOPG/data/vaspdata.Ei.0.1.Ts.100.NO.rand.zpe/vasprun-58.xml
54,416,1,/Users/samuel/Desktop/postdoc_PhLAM/NO_HOPG/data/vaspdata.Ei.0.1.Ts.100.NO.rand.zpe/vasprun-58.xml
54,1040,1,/Users/samuel/Desktop/postdoc_PhLAM/NO_HOPG/data/vaspdata.Ei.0.1.Ts.100.NO.rand.zpe/vasprun-58.xml
54,1097,1,/Users/samuel/Desktop/postdoc_PhLAM/NO_HOPG/data/vaspdata.Ei.0.1.Ts.100.NO.rand.zpe/vasprun-58.xml
54,1127,1,/Users/samuel/Desktop/postdoc_PhLAM/NO_HOPG/data/vaspdata.Ei.0.1.Ts.100.NO.rand.zpe/vasprun-58.xml
54,1143,1,/Users/samuel/Desktop/postdoc_PhLAM/NO_HOPG/data/vaspdata.Ei.0.1.Ts.100.NO.rand.zpe/vasprun-58.xml
54,1195,1,/Users/samuel/Desktop/postdoc_PhLAM/NO_HOPG/data/vaspdata.Ei.0.1.Ts.100.NO.rand.zpe/vasprun-58.xml
55,170,1,/Users/samuel/Desktop/postdoc_PhLAM/NO_HOPG/data/vaspdata.Ei.0.1.Ts.100.NO.rand.zpe/vasprun-59.xml
55,340,1,/Users/samuel/Desktop/postdoc_PhLAM/NO_HOPG/data/vaspdata.Ei.0.1.Ts.100.NO.rand.zpe/vasprun-59.xml
55,636,1,/Users/samuel/Desktop/postdoc_PhLAM/NO_HOPG/data/vaspdata.Ei.0.1.Ts.100.NO.rand.zpe/vasprun-59.xml
55,693,1,/Users/samuel/Desktop/postdoc_PhLAM/NO_HOPG/data/vaspdata.Ei.0.1.Ts.100.NO.rand.zpe/vasprun-59.xml
55,778,2,/Users/samuel/Desktop/postdoc_PhLAM/NO_HOPG/data/vaspdata.Ei.0.1.Ts.100.NO.rand.zpe/vasprun-59.xml
55,783,1,/Users/samuel/Desktop/postdoc_PhLAM/NO_HOPG/data/vaspdata.Ei.0.1.Ts.100.NO.rand.zpe/vasprun-59.xml
55,1031,1,/Users/samuel/Desktop/postdoc_PhLAM/NO_HOPG/data/vaspdata.Ei.0.1.Ts.100.NO.rand.zpe/vasprun-59.xml
56,166,1,/Users/samuel/Desktop/postdoc_PhLAM/NO_HOPG/data/vaspdata.Ei.0.1.Ts.100.NO.rand.zpe/vasprun-6.xml
56,239,1,/Users/samuel/Desktop/postdoc_PhLAM/NO_HOPG/data/vaspdata.Ei.0.1.Ts.100.NO.rand.zpe/vasprun-6.xml
56,377,1,/Users/samuel/Desktop/postdoc_PhLAM/NO_HOPG/data/vaspdata.Ei.0.1.Ts.100.NO.rand.zpe/vasprun-6.xml
56,396,1,/Users/samuel/Desktop/postdoc_PhLAM/NO_HOPG/data/vaspdata.Ei.0.1.Ts.100.NO.rand.zpe/vasprun-6.xml
56,565,1,/Users/samuel/Desktop/postdoc_PhLAM/NO_HOPG/data/vaspdata.Ei.0.1.Ts.100.NO.rand.zpe/vasprun-6.xml
56,594,1,/Users/samuel/Desktop/postdoc_PhLAM/NO_HOPG/data/vaspdata.Ei.0.1.Ts.100.NO.rand.zpe/vasprun-6.xml
56,602,1,/Users/samuel/Desktop/postdoc_PhLAM/NO_HOPG/data/vaspdata.Ei.0.1.Ts.100.NO.rand.zpe/vasprun-6.xml
56,952,1,/Users/samuel/Desktop/postdoc_PhLAM/NO_HOPG/data/vaspdata.Ei.0.1.Ts.100.NO.rand.zpe/vasprun-6.xml
57,107,1,/Users/samuel/Desktop/postdoc_PhLAM/NO_HOPG/data/vaspdata.Ei.0.1.Ts.100.NO.rand.zpe/vasprun-60.xml
57,161,1,/Users/samuel/Desktop/postdoc_PhLAM/NO_HOPG/data/vaspdata.Ei.0.1.Ts.100.NO.rand.zpe/vasprun-60.xml
57,237,1,/Users/samuel/Desktop/postdoc_PhLAM/NO_HOPG/data/vaspdata.Ei.0.1.Ts.100.NO.rand.zpe/vasprun-60.xml
57,243,1,/Users/samuel/Desktop/postdoc_PhLAM/NO_HOPG/data/vaspdata.Ei.0.1.Ts.100.NO.rand.zpe/vasprun-60.xml
57,409,1,/Users/samuel/Desktop/postdoc_PhLAM/NO_HOPG/data/vaspdata.Ei.0.1.Ts.100.NO.rand.zpe/vasprun-60.xml
57,450,1,/Users/samuel/Desktop/postdoc_PhLAM/NO_HOPG/data/vaspdata.Ei.0.1.Ts.100.NO.rand.zpe/vasprun-60.xml
57,547,1,/Users/samuel/Desktop/postdoc_PhLAM/NO_HOPG/data/vaspdata.Ei.0.1.Ts.100.NO.rand.zpe/vasprun-60.xml
57,575,1,/Users/samuel/Desktop/postdoc_PhLAM/NO_HOPG/data/vaspdata.Ei.0.1.Ts.100.NO.rand.zpe/vasprun-60.xml
57,674,1,/Users/samuel/Desktop/postdoc_PhLAM/NO_HOPG/data/vaspdata.Ei.0.1.Ts.100.NO.rand.zpe/vasprun-60.xml
57,875,1,/Users/samuel/Desktop/postdoc_PhLAM/NO_HOPG/data/vaspdata.Ei.0.1.Ts.100.NO.rand.zpe/vasprun-60.xml
57,963,1,/Users/samuel/Desktop/postdoc_PhLAM/NO_HOPG/data/vaspdata.Ei.0.1.Ts.100.NO.rand.zpe/vasprun-60.xml
57,1152,1,/Users/samuel/Desktop/postdoc_PhLAM/NO_HOPG/data/vaspdata.Ei.0.1.Ts.100.NO.rand.zpe/vasprun-60.xml
58,37,1,/Users/samuel/Desktop/postdoc_PhLAM/NO_HOPG/data/vaspdata.Ei.0.1.Ts.100.NO.rand.zpe/vasprun-61.xml
58,98,1,/Users/samuel/Desktop/postdoc_PhLAM/NO_HOPG/data/vaspdata.Ei.0.1.Ts.100.NO.rand.zpe/vasprun-61.xml
58,228,1,/Users/samuel/Desktop/postdoc_PhLAM/NO_HOPG/data/vaspdata.Ei.0.1.Ts.100.NO.rand.zpe/vasprun-61.xml
58,325,1,/Users/samuel/Desktop/postdoc_PhLAM/NO_HOPG/data/vaspdata.Ei.0.1.Ts.100.NO.rand.zpe/vasprun-61.xml
58,351,1,/Users/samuel/Desktop/postdoc_PhLAM/NO_HOPG/data/vaspdata.Ei.0.1.Ts.100.NO.rand.zpe/vasprun-61.xml
58,586,1,/Users/samuel/Desktop/postdoc_PhLAM/NO_HOPG/data/vaspdata.Ei.0.1.Ts.100.NO.rand.zpe/vasprun-61.xml
58,730,1,/Users/samuel/Desktop/postdoc_PhLAM/NO_HOPG/data/vaspdata.Ei.0.1.Ts.100.NO.rand.zpe/vasprun-61.xml
58,764,1,/Users/samuel/Desktop/postdoc_PhLAM/NO_HOPG/data/vaspdata.Ei.0.1.Ts.100.NO.rand.zpe/vasprun-61.xml
58,891,1,/Users/samuel/Desktop/postdoc_PhLAM/NO_HOPG/data/vaspdata.Ei.0.1.Ts.100.NO.rand.zpe/vasprun-61.xml
58,1099,1,/Users/samuel/Desktop/postdoc_PhLAM/NO_HOPG/data/vaspdata.Ei.0.1.Ts.100.NO.rand.zpe/vasprun-61.xml
58,1107,1,/Users/samuel/Desktop/postdoc_PhLAM/NO_HOPG/data/vaspdata.Ei.0.1.Ts.100.NO.rand.zpe/vasprun-61.xml
59,17,1,/Users/samuel/Desktop/postdoc_PhLAM/NO_HOPG/data/vaspdata.Ei.0.1.Ts.100.NO.rand.zpe/vasprun-62.xml
59,469,1,/Users/samuel/Desktop/postdoc_PhLAM/NO_HOPG/data/vaspdata.Ei.0.1.Ts.100.NO.rand.zpe/vasprun-62.xml
59,534,1,/Users/samuel/Desktop/postdoc_PhLAM/NO_HOPG/data/vaspdata.Ei.0.1.Ts.100.NO.rand.zpe/vasprun-62.xml
59,637,1,/Users/samuel/Desktop/postdoc_PhLAM/NO_HOPG/data/vaspdata.Ei.0.1.Ts.100.NO.rand.zpe/vasprun-62.xml
59,667,1,/Users/samuel/Desktop/postdoc_PhLAM/NO_HOPG/data/vaspdata.Ei.0.1.Ts.100.NO.rand.zpe/vasprun-62.xml
59,867,1,/Users/samuel/Desktop/postdoc_PhLAM/NO_HOPG/data/vaspdata.Ei.0.1.Ts.100.NO.rand.zpe/vasprun-62.xml
59,896,1,/Users/samuel/Desktop/postdoc_PhLAM/NO_HOPG/data/vaspdata.Ei.0.1.Ts.100.NO.rand.zpe/vasprun-62.xml
59,906,1,/Users/samuel/Desktop/postdoc_PhLAM/NO_HOPG/data/vaspdata.Ei.0.1.Ts.100.NO.rand.zpe/vasprun-62.xml
59,1078,1,/Users/samuel/Desktop/postdoc_PhLAM/NO_HOPG/data/vaspdata.Ei.0.1.Ts.100.NO.rand.zpe/vasprun-62.xml
59,1091,1,/Users/samuel/Desktop/postdoc_PhLAM/NO_HOPG/data/vaspdata.Ei.0.1.Ts.100.NO.rand.zpe/vasprun-62.xml
59,1096,1,/Users/samuel/Desktop/postdoc_PhLAM/NO_HOPG/data/vaspdata.Ei.0.1.Ts.100.NO.rand.zpe/vasprun-62.xml
59,1136,1,/Users/samuel/Desktop/postdoc_PhLAM/NO_HOPG/data/vaspdata.Ei.0.1.Ts.100.NO.rand.zpe/vasprun-62.xml
60,544,1,/Users/samuel/Desktop/postdoc_PhLAM/NO_HOPG/data/vaspdata.Ei.0.1.Ts.100.NO.rand.zpe/vasprun-63.xml
60,547,1,/Users/samuel/Desktop/postdoc_PhLAM/NO_HOPG/data/vaspdata.Ei.0.1.Ts.100.NO.rand.zpe/vasprun-63.xml
60,718,1,/Users/samuel/Desktop/postdoc_PhLAM/NO_HOPG/data/vaspdata.Ei.0.1.Ts.100.NO.rand.zpe/vasprun-63.xml
60,1037,1,/Users/samuel/Desktop/postdoc_PhLAM/NO_HOPG/data/vaspdata.Ei.0.1.Ts.100.NO.rand.zpe/vasprun-63.xml
60,1185,1,/Users/samuel/Desktop/postdoc_PhLAM/NO_HOPG/data/vaspdata.Ei.0.1.Ts.100.NO.rand.zpe/vasprun-63.xml
60,1248,1,/Users/samuel/Desktop/postdoc_PhLAM/NO_HOPG/data/vaspdata.Ei.0.1.Ts.100.NO.rand.zpe/vasprun-63.xml
61,101,1,/Users/samuel/Desktop/postdoc_PhLAM/NO_HOPG/data/vaspdata.Ei.0.1.Ts.100.NO.rand.zpe/vasprun-64.xml
61,220,1,/Users/samuel/Desktop/postdoc_PhLAM/NO_HOPG/data/vaspdata.Ei.0.1.Ts.100.NO.rand.zpe/vasprun-64.xml
61,254,1,/Users/samuel/Desktop/postdoc_PhLAM/NO_HOPG/data/vaspdata.Ei.0.1.Ts.100.NO.rand.zpe/vasprun-64.xml
61,282,1,/Users/samuel/Desktop/postdoc_PhLAM/NO_HOPG/data/vaspdata.Ei.0.1.Ts.100.NO.rand.zpe/vasprun-64.xml
61,444,1,/Users/samuel/Desktop/postdoc_PhLAM/NO_HOPG/data/vaspdata.Ei.0.1.Ts.100.NO.rand.zpe/vasprun-64.xml
61,595,1,/Users/samuel/Desktop/postdoc_PhLAM/NO_HOPG/data/vaspdata.Ei.0.1.Ts.100.NO.rand.zpe/vasprun-64.xml
61,719,1,/Users/samuel/Desktop/postdoc_PhLAM/NO_HOPG/data/vaspdata.Ei.0.1.Ts.100.NO.rand.zpe/vasprun-64.xml
61,757,1,/Users/samuel/Desktop/postdoc_PhLAM/NO_HOPG/data/vaspdata.Ei.0.1.Ts.100.NO.rand.zpe/vasprun-64.xml
61,782,1,/Users/samuel/Desktop/postdoc_PhLAM/NO_HOPG/data/vaspdata.Ei.0.1.Ts.100.NO.rand.zpe/vasprun-64.xml
61,799,1,/Users/samuel/Desktop/postdoc_PhLAM/NO_HOPG/data/vaspdata.Ei.0.1.Ts.100.NO.rand.zpe/vasprun-64.xml
61,804,1,/Users/samuel/Desktop/postdoc_PhLAM/NO_HOPG/data/vaspdata.Ei.0.1.Ts.100.NO.rand.zpe/vasprun-64.xml
61,819,1,/Users/samuel/Desktop/postdoc_PhLAM/NO_HOPG/data/vaspdata.Ei.0.1.Ts.100.NO.rand.zpe/vasprun-64.xml
61,985,1,/Users/samuel/Desktop/postdoc_PhLAM/NO_HOPG/data/vaspdata.Ei.0.1.Ts.100.NO.rand.zpe/vasprun-64.xml
61,1008,1,/Users/samuel/Desktop/postdoc_PhLAM/NO_HOPG/data/vaspdata.Ei.0.1.Ts.100.NO.rand.zpe/vasprun-64.xml
61,1045,1,/Users/samuel/Desktop/postdoc_PhLAM/NO_HOPG/data/vaspdata.Ei.0.1.Ts.100.NO.rand.zpe/vasprun-64.xml
61,1086,1,/Users/samuel/Desktop/postdoc_PhLAM/NO_HOPG/data/vaspdata.Ei.0.1.Ts.100.NO.rand.zpe/vasprun-64.xml
62,171,1,/Users/samuel/Desktop/postdoc_PhLAM/NO_HOPG/data/vaspdata.Ei.0.1.Ts.100.NO.rand.zpe/vasprun-65.xml
62,515,1,/Users/samuel/Desktop/postdoc_PhLAM/NO_HOPG/data/vaspdata.Ei.0.1.Ts.100.NO.rand.zpe/vasprun-65.xml
62,525,1,/Users/samuel/Desktop/postdoc_PhLAM/NO_HOPG/data/vaspdata.Ei.0.1.Ts.100.NO.rand.zpe/vasprun-65.xml
62,675,1,/Users/samuel/Desktop/postdoc_PhLAM/NO_HOPG/data/vaspdata.Ei.0.1.Ts.100.NO.rand.zpe/vasprun-65.xml
62,1162,1,/Users/samuel/Desktop/postdoc_PhLAM/NO_HOPG/data/vaspdata.Ei.0.1.Ts.100.NO.rand.zpe/vasprun-65.xml
63,67,1,/Users/samuel/Desktop/postdoc_PhLAM/NO_HOPG/data/vaspdata.Ei.0.1.Ts.100.NO.rand.zpe/vasprun-66.xml
63,135,1,/Users/samuel/Desktop/postdoc_PhLAM/NO_HOPG/data/vaspdata.Ei.0.1.Ts.100.NO.rand.zpe/vasprun-66.xml
63,172,1,/Users/samuel/Desktop/postdoc_PhLAM/NO_HOPG/data/vaspdata.Ei.0.1.Ts.100.NO.rand.zpe/vasprun-66.xml
63,382,1,/Users/samuel/Desktop/postdoc_PhLAM/NO_HOPG/data/vaspdata.Ei.0.1.Ts.100.NO.rand.zpe/vasprun-66.xml
63,383,1,/Users/samuel/Desktop/postdoc_PhLAM/NO_HOPG/data/vaspdata.Ei.0.1.Ts.100.NO.rand.zpe/vasprun-66.xml
63,445,1,/Users/samuel/Desktop/postdoc_PhLAM/NO_HOPG/data/vaspdata.Ei.0.1.Ts.100.NO.rand.zpe/vasprun-66.xml
63,461,1,/Users/samuel/Desktop/postdoc_PhLAM/NO_HOPG/data/vaspdata.Ei.0.1.Ts.100.NO.rand.zpe/vasprun-66.xml
63,674,1,/Users/samuel/Desktop/postdoc_PhLAM/NO_HOPG/data/vaspdata.Ei.0.1.Ts.100.NO.rand.zpe/vasprun-66.xml
63,690,1,/Users/samuel/Desktop/postdoc_PhLAM/NO_HOPG/data/vaspdata.Ei.0.1.Ts.100.NO.rand.zpe/vasprun-66.xml
63,896,1,/Users/samuel/Desktop/postdoc_PhLAM/NO_HOPG/data/vaspdata.Ei.0.1.Ts.100.NO.rand.zpe/vasprun-66.xml
63,1083,1,/Users/samuel/Desktop/postdoc_PhLAM/NO_HOPG/data/vaspdata.Ei.0.1.Ts.100.NO.rand.zpe/vasprun-66.xml
64,15,1,/Users/samuel/Desktop/postdoc_PhLAM/NO_HOPG/data/vaspdata.Ei.0.1.Ts.100.NO.rand.zpe/vasprun-67.xml
64,154,1,/Users/samuel/Desktop/postdoc_PhLAM/NO_HOPG/data/vaspdata.Ei.0.1.Ts.100.NO.rand.zpe/vasprun-67.xml
64,280,1,/Users/samuel/Desktop/postdoc_PhLAM/NO_HOPG/data/vaspdata.Ei.0.1.Ts.100.NO.rand.zpe/vasprun-67.xml
64,308,1,/Users/samuel/Desktop/postdoc_PhLAM/NO_HOPG/data/vaspdata.Ei.0.1.Ts.100.NO.rand.zpe/vasprun-67.xml
64,422,1,/Users/samuel/Desktop/postdoc_PhLAM/NO_HOPG/data/vaspdata.Ei.0.1.Ts.100.NO.rand.zpe/vasprun-67.xml
64,472,1,/Users/samuel/Desktop/postdoc_PhLAM/NO_HOPG/data/vaspdata.Ei.0.1.Ts.100.NO.rand.zpe/vasprun-67.xml
64,504,1,/Users/samuel/Desktop/postdoc_PhLAM/NO_HOPG/data/vaspdata.Ei.0.1.Ts.100.NO.rand.zpe/vasprun-67.xml
64,591,1,/Users/samuel/Desktop/postdoc_PhLAM/NO_HOPG/data/vaspdata.Ei.0.1.Ts.100.NO.rand.zpe/vasprun-67.xml
64,654,1,/Users/samuel/Desktop/postdoc_PhLAM/NO_HOPG/data/vaspdata.Ei.0.1.Ts.100.NO.rand.zpe/vasprun-67.xml
64,757,1,/Users/samuel/Desktop/postdoc_PhLAM/NO_HOPG/data/vaspdata.Ei.0.1.Ts.100.NO.rand.zpe/vasprun-67.xml
64,764,1,/Users/samuel/Desktop/postdoc_PhLAM/NO_HOPG/data/vaspdata.Ei.0.1.Ts.100.NO.rand.zpe/vasprun-67.xml
64,789,1,/Users/samuel/Desktop/postdoc_PhLAM/NO_HOPG/data/vaspdata.Ei.0.1.Ts.100.NO.rand.zpe/vasprun-67.xml
64,1073,1,/Users/samuel/Desktop/postdoc_PhLAM/NO_HOPG/data/vaspdata.Ei.0.1.Ts.100.NO.rand.zpe/vasprun-67.xml
64,1163,1,/Users/samuel/Desktop/postdoc_PhLAM/NO_HOPG/data/vaspdata.Ei.0.1.Ts.100.NO.rand.zpe/vasprun-67.xml
65,19,1,/Users/samuel/Desktop/postdoc_PhLAM/NO_HOPG/data/vaspdata.Ei.0.1.Ts.100.NO.rand.zpe/vasprun-68.xml
65,144,1,/Users/samuel/Desktop/postdoc_PhLAM/NO_HOPG/data/vaspdata.Ei.0.1.Ts.100.NO.rand.zpe/vasprun-68.xml
65,174,1,/Users/samuel/Desktop/postdoc_PhLAM/NO_HOPG/data/vaspdata.Ei.0.1.Ts.100.NO.rand.zpe/vasprun-68.xml
65,190,1,/Users/samuel/Desktop/postdoc_PhLAM/NO_HOPG/data/vaspdata.Ei.0.1.Ts.100.NO.rand.zpe/vasprun-68.xml
65,306,1,/Users/samuel/Desktop/postdoc_PhLAM/NO_HOPG/data/vaspdata.Ei.0.1.Ts.100.NO.rand.zpe/vasprun-68.xml
65,946,1,/Users/samuel/Desktop/postdoc_PhLAM/NO_HOPG/data/vaspdata.Ei.0.1.Ts.100.NO.rand.zpe/vasprun-68.xml
65,950,1,/Users/samuel/Desktop/postdoc_PhLAM/NO_HOPG/data/vaspdata.Ei.0.1.Ts.100.NO.rand.zpe/vasprun-68.xml
65,974,1,/Users/samuel/Desktop/postdoc_PhLAM/NO_HOPG/data/vaspdata.Ei.0.1.Ts.100.NO.rand.zpe/vasprun-68.xml
65,1138,1,/Users/samuel/Desktop/postdoc_PhLAM/NO_HOPG/data/vaspdata.Ei.0.1.Ts.100.NO.rand.zpe/vasprun-68.xml
66,90,1,/Users/samuel/Desktop/postdoc_PhLAM/NO_HOPG/data/vaspdata.Ei.0.1.Ts.100.NO.rand.zpe/vasprun-69.xml
66,93,1,/Users/samuel/Desktop/postdoc_PhLAM/NO_HOPG/data/vaspdata.Ei.0.1.Ts.100.NO.rand.zpe/vasprun-69.xml
66,296,1,/Users/samuel/Desktop/postdoc_PhLAM/NO_HOPG/data/vaspdata.Ei.0.1.Ts.100.NO.rand.zpe/vasprun-69.xml
66,361,1,/Users/samuel/Desktop/postdoc_PhLAM/NO_HOPG/data/vaspdata.Ei.0.1.Ts.100.NO.rand.zpe/vasprun-69.xml
66,439,1,/Users/samuel/Desktop/postdoc_PhLAM/NO_HOPG/data/vaspdata.Ei.0.1.Ts.100.NO.rand.zpe/vasprun-69.xml
66,537,1,/Users/samuel/Desktop/postdoc_PhLAM/NO_HOPG/data/vaspdata.Ei.0.1.Ts.100.NO.rand.zpe/vasprun-69.xml
66,683,1,/Users/samuel/Desktop/postdoc_PhLAM/NO_HOPG/data/vaspdata.Ei.0.1.Ts.100.NO.rand.zpe/vasprun-69.xml
66,726,1,/Users/samuel/Desktop/postdoc_PhLAM/NO_HOPG/data/vaspdata.Ei.0.1.Ts.100.NO.rand.zpe/vasprun-69.xml
66,733,1,/Users/samuel/Desktop/postdoc_PhLAM/NO_HOPG/data/vaspdata.Ei.0.1.Ts.100.NO.rand.zpe/vasprun-69.xml
66,766,1,/Users/samuel/Desktop/postdoc_PhLAM/NO_HOPG/data/vaspdata.Ei.0.1.Ts.100.NO.rand.zpe/vasprun-69.xml
66,1112,1,/Users/samuel/Desktop/postdoc_PhLAM/NO_HOPG/data/vaspdata.Ei.0.1.Ts.100.NO.rand.zpe/vasprun-69.xml
67,91,1,/Users/samuel/Desktop/postdoc_PhLAM/NO_HOPG/data/vaspdata.Ei.0.1.Ts.100.NO.rand.zpe/vasprun-7.xml
67,487,1,/Users/samuel/Desktop/postdoc_PhLAM/NO_HOPG/data/vaspdata.Ei.0.1.Ts.100.NO.rand.zpe/vasprun-7.xml
67,552,1,/Users/samuel/Desktop/postdoc_PhLAM/NO_HOPG/data/vaspdata.Ei.0.1.Ts.100.NO.rand.zpe/vasprun-7.xml
67,728,1,/Users/samuel/Desktop/postdoc_PhLAM/NO_HOPG/data/vaspdata.Ei.0.1.Ts.100.NO.rand.zpe/vasprun-7.xml
67,781,1,/Users/samuel/Desktop/postdoc_PhLAM/NO_HOPG/data/vaspdata.Ei.0.1.Ts.100.NO.rand.zpe/vasprun-7.xml
67,850,1,/Users/samuel/Desktop/postdoc_PhLAM/NO_HOPG/data/vaspdata.Ei.0.1.Ts.100.NO.rand.zpe/vasprun-7.xml
67,857,1,/Users/samuel/Desktop/postdoc_PhLAM/NO_HOPG/data/vaspdata.Ei.0.1.Ts.100.NO.rand.zpe/vasprun-7.xml
67,945,1,/Users/samuel/Desktop/postdoc_PhLAM/NO_HOPG/data/vaspdata.Ei.0.1.Ts.100.NO.rand.zpe/vasprun-7.xml
67,1127,1,/Users/samuel/Desktop/postdoc_PhLAM/NO_HOPG/data/vaspdata.Ei.0.1.Ts.100.NO.rand.zpe/vasprun-7.xml
67,1140,1,/Users/samuel/Desktop/postdoc_PhLAM/NO_HOPG/data/vaspdata.Ei.0.1.Ts.100.NO.rand.zpe/vasprun-7.xml
67,1192,1,/Users/samuel/Desktop/postdoc_PhLAM/NO_HOPG/data/vaspdata.Ei.0.1.Ts.100.NO.rand.zpe/vasprun-7.xml
68,12,1,/Users/samuel/Desktop/postdoc_PhLAM/NO_HOPG/data/vaspdata.Ei.0.1.Ts.100.NO.rand.zpe/vasprun-70.xml
68,193,1,/Users/samuel/Desktop/postdoc_PhLAM/NO_HOPG/data/vaspdata.Ei.0.1.Ts.100.NO.rand.zpe/vasprun-70.xml
68,427,1,/Users/samuel/Desktop/postdoc_PhLAM/NO_HOPG/data/vaspdata.Ei.0.1.Ts.100.NO.rand.zpe/vasprun-70.xml
68,560,1,/Users/samuel/Desktop/postdoc_PhLAM/NO_HOPG/data/vaspdata.Ei.0.1.Ts.100.NO.rand.zpe/vasprun-70.xml
68,1019,1,/Users/samuel/Desktop/postdoc_PhLAM/NO_HOPG/data/vaspdata.Ei.0.1.Ts.100.NO.rand.zpe/vasprun-70.xml
68,1086,1,/Users/samuel/Desktop/postdoc_PhLAM/NO_HOPG/data/vaspdata.Ei.0.1.Ts.100.NO.rand.zpe/vasprun-70.xml
68,1124,1,/Users/samuel/Desktop/postdoc_PhLAM/NO_HOPG/data/vaspdata.Ei.0.1.Ts.100.NO.rand.zpe/vasprun-70.xml
69,540,1,/Users/samuel/Desktop/postdoc_PhLAM/NO_HOPG/data/vaspdata.Ei.0.1.Ts.100.NO.rand.zpe/vasprun-71.xml
69,713,1,/Users/samuel/Desktop/postdoc_PhLAM/NO_HOPG/data/vaspdata.Ei.0.1.Ts.100.NO.rand.zpe/vasprun-71.xml
69,733,1,/Users/samuel/Desktop/postdoc_PhLAM/NO_HOPG/data/vaspdata.Ei.0.1.Ts.100.NO.rand.zpe/vasprun-71.xml
69,781,1,/Users/samuel/Desktop/postdoc_PhLAM/NO_HOPG/data/vaspdata.Ei.0.1.Ts.100.NO.rand.zpe/vasprun-71.xml
69,820,1,/Users/samuel/Desktop/postdoc_PhLAM/NO_HOPG/data/vaspdata.Ei.0.1.Ts.100.NO.rand.zpe/vasprun-71.xml
69,1017,1,/Users/samuel/Desktop/postdoc_PhLAM/NO_HOPG/data/vaspdata.Ei.0.1.Ts.100.NO.rand.zpe/vasprun-71.xml
69,1073,1,/Users/samuel/Desktop/postdoc_PhLAM/NO_HOPG/data/vaspdata.Ei.0.1.Ts.100.NO.rand.zpe/vasprun-71.xml
70,59,1,/Users/samuel/Desktop/postdoc_PhLAM/NO_HOPG/data/vaspdata.Ei.0.1.Ts.100.NO.rand.zpe/vasprun-72.xml
70,102,1,/Users/samuel/Desktop/postdoc_PhLAM/NO_HOPG/data/vaspdata.Ei.0.1.Ts.100.NO.rand.zpe/vasprun-72.xml
70,133,1,/Users/samuel/Desktop/postdoc_PhLAM/NO_HOPG/data/vaspdata.Ei.0.1.Ts.100.NO.rand.zpe/vasprun-72.xml
70,189,1,/Users/samuel/Desktop/postdoc_PhLAM/NO_HOPG/data/vaspdata.Ei.0.1.Ts.100.NO.rand.zpe/vasprun-72.xml
70,220,1,/Users/samuel/Desktop/postdoc_PhLAM/NO_HOPG/data/vaspdata.Ei.0.1.Ts.100.NO.rand.zpe/vasprun-72.xml
70,305,1,/Users/samuel/Desktop/postdoc_PhLAM/NO_HOPG/data/vaspdata.Ei.0.1.Ts.100.NO.rand.zpe/vasprun-72.xml
70,317,1,/Users/samuel/Desktop/postdoc_PhLAM/NO_HOPG/data/vaspdata.Ei.0.1.Ts.100.NO.rand.zpe/vasprun-72.xml
70,588,1,/Users/samuel/Desktop/postdoc_PhLAM/NO_HOPG/data/vaspdata.Ei.0.1.Ts.100.NO.rand.zpe/vasprun-72.xml
70,736,1,/Users/samuel/Desktop/postdoc_PhLAM/NO_HOPG/data/vaspdata.Ei.0.1.Ts.100.NO.rand.zpe/vasprun-72.xml
70,828,1,/Users/samuel/Desktop/postdoc_PhLAM/NO_HOPG/data/vaspdata.Ei.0.1.Ts.100.NO.rand.zpe/vasprun-72.xml
70,953,1,/Users/samuel/Desktop/postdoc_PhLAM/NO_HOPG/data/vaspdata.Ei.0.1.Ts.100.NO.rand.zpe/vasprun-72.xml
70,1057,1,/Users/samuel/Desktop/postdoc_PhLAM/NO_HOPG/data/vaspdata.Ei.0.1.Ts.100.NO.rand.zpe/vasprun-72.xml
70,1125,1,/Users/samuel/Desktop/postdoc_PhLAM/NO_HOPG/data/vaspdata.Ei.0.1.Ts.100.NO.rand.zpe/vasprun-72.xml
70,1157,1,/Users/samuel/Desktop/postdoc_PhLAM/NO_HOPG/data/vaspdata.Ei.0.1.Ts.100.NO.rand.zpe/vasprun-72.xml
71,414,1,/Users/samuel/Desktop/postdoc_PhLAM/NO_HOPG/data/vaspdata.Ei.0.1.Ts.100.NO.rand.zpe/vasprun-73.xml
71,444,1,/Users/samuel/Desktop/postdoc_PhLAM/NO_HOPG/data/vaspdata.Ei.0.1.Ts.100.NO.rand.zpe/vasprun-73.xml
71,540,1,/Users/samuel/Desktop/postdoc_PhLAM/NO_HOPG/data/vaspdata.Ei.0.1.Ts.100.NO.rand.zpe/vasprun-73.xml
71,575,1,/Users/samuel/Desktop/postdoc_PhLAM/NO_HOPG/data/vaspdata.Ei.0.1.Ts.100.NO.rand.zpe/vasprun-73.xml
71,645,1,/Users/samuel/Desktop/postdoc_PhLAM/NO_HOPG/data/vaspdata.Ei.0.1.Ts.100.NO.rand.zpe/vasprun-73.xml
71,679,1,/Users/samuel/Desktop/postdoc_PhLAM/NO_HOPG/data/vaspdata.Ei.0.1.Ts.100.NO.rand.zpe/vasprun-73.xml
71,685,1,/Users/samuel/Desktop/postdoc_PhLAM/NO_HOPG/data/vaspdata.Ei.0.1.Ts.100.NO.rand.zpe/vasprun-73.xml
71,751,1,/Users/samuel/Desktop/postdoc_PhLAM/NO_HOPG/data/vaspdata.Ei.0.1.Ts.100.NO.rand.zpe/vasprun-73.xml
71,838,2,/Users/samuel/Desktop/postdoc_PhLAM/NO_HOPG/data/vaspdata.Ei.0.1.Ts.100.NO.rand.zpe/vasprun-73.xml
71,847,1,/Users/samuel/Desktop/postdoc_PhLAM/NO_HOPG/data/vaspdata.Ei.0.1.Ts.100.NO.rand.zpe/vasprun-73.xml
71,924,1,/Users/samuel/Desktop/postdoc_PhLAM/NO_HOPG/data/vaspdata.Ei.0.1.Ts.100.NO.rand.zpe/vasprun-73.xml
71,933,1,/Users/samuel/Desktop/postdoc_PhLAM/NO_HOPG/data/vaspdata.Ei.0.1.Ts.100.NO.rand.zpe/vasprun-73.xml
72,180,1,/Users/samuel/Desktop/postdoc_PhLAM/NO_HOPG/data/vaspdata.Ei.0.1.Ts.100.NO.rand.zpe/vasprun-74.xml
72,344,1,/Users/samuel/Desktop/postdoc_PhLAM/NO_HOPG/data/vaspdata.Ei.0.1.Ts.100.NO.rand.zpe/vasprun-74.xml
72,400,1,/Users/samuel/Desktop/postdoc_PhLAM/NO_HOPG/data/vaspdata.Ei.0.1.Ts.100.NO.rand.zpe/vasprun-74.xml
72,495,1,/Users/samuel/Desktop/postdoc_PhLAM/NO_HOPG/data/vaspdata.Ei.0.1.Ts.100.NO.rand.zpe/vasprun-74.xml
72,579,1,/Users/samuel/Desktop/postdoc_PhLAM/NO_HOPG/data/vaspdata.Ei.0.1.Ts.100.NO.rand.zpe/vasprun-74.xml
72,585,1,/Users/samuel/Desktop/postdoc_PhLAM/NO_HOPG/data/vaspdata.Ei.0.1.Ts.100.NO.rand.zpe/vasprun-74.xml
72,799,1,/Users/samuel/Desktop/postdoc_PhLAM/NO_HOPG/data/vaspdata.Ei.0.1.Ts.100.NO.rand.zpe/vasprun-74.xml
72,826,1,/Users/samuel/Desktop/postdoc_PhLAM/NO_HOPG/data/vaspdata.Ei.0.1.Ts.100.NO.rand.zpe/vasprun-74.xml
72,900,1,/Users/samuel/Desktop/postdoc_PhLAM/NO_HOPG/data/vaspdata.Ei.0.1.Ts.100.NO.rand.zpe/vasprun-74.xml
73,140,1,/Users/samuel/Desktop/postdoc_PhLAM/NO_HOPG/data/vaspdata.Ei.0.1.Ts.100.NO.rand.zpe/vasprun-76.xml
73,625,1,/Users/samuel/Desktop/postdoc_PhLAM/NO_HOPG/data/vaspdata.Ei.0.1.Ts.100.NO.rand.zpe/vasprun-76.xml
73,694,1,/Users/samuel/Desktop/postdoc_PhLAM/NO_HOPG/data/vaspdata.Ei.0.1.Ts.100.NO.rand.zpe/vasprun-76.xml
73,747,1,/Users/samuel/Desktop/postdoc_PhLAM/NO_HOPG/data/vaspdata.Ei.0.1.Ts.100.NO.rand.zpe/vasprun-76.xml
73,908,1,/Users/samuel/Desktop/postdoc_PhLAM/NO_HOPG/data/vaspdata.Ei.0.1.Ts.100.NO.rand.zpe/vasprun-76.xml
73,1054,1,/Users/samuel/Desktop/postdoc_PhLAM/NO_HOPG/data/vaspdata.Ei.0.1.Ts.100.NO.rand.zpe/vasprun-76.xml
74,2,1,/Users/samuel/Desktop/postdoc_PhLAM/NO_HOPG/data/vaspdata.Ei.0.1.Ts.100.NO.rand.zpe/vasprun-77.xml
74,165,1,/Users/samuel/Desktop/postdoc_PhLAM/NO_HOPG/data/vaspdata.Ei.0.1.Ts.100.NO.rand.zpe/vasprun-77.xml
74,197,1,/Users/samuel/Desktop/postdoc_PhLAM/NO_HOPG/data/vaspdata.Ei.0.1.Ts.100.NO.rand.zpe/vasprun-77.xml
74,288,1,/Users/samuel/Desktop/postdoc_PhLAM/NO_HOPG/data/vaspdata.Ei.0.1.Ts.100.NO.rand.zpe/vasprun-77.xml
74,308,1,/Users/samuel/Desktop/postdoc_PhLAM/NO_HOPG/data/vaspdata.Ei.0.1.Ts.100.NO.rand.zpe/vasprun-77.xml
74,430,1,/Users/samuel/Desktop/postdoc_PhLAM/NO_HOPG/data/vaspdata.Ei.0.1.Ts.100.NO.rand.zpe/vasprun-77.xml
74,443,1,/Users/samuel/Desktop/postdoc_PhLAM/NO_HOPG/data/vaspdata.Ei.0.1.Ts.100.NO.rand.zpe/vasprun-77.xml
74,623,1,/Users/samuel/Desktop/postdoc_PhLAM/NO_HOPG/data/vaspdata.Ei.0.1.Ts.100.NO.rand.zpe/vasprun-77.xml
74,719,1,/Users/samuel/Desktop/postdoc_PhLAM/NO_HOPG/data/vaspdata.Ei.0.1.Ts.100.NO.rand.zpe/vasprun-77.xml
74,913,1,/Users/samuel/Desktop/postdoc_PhLAM/NO_HOPG/data/vaspdata.Ei.0.1.Ts.100.NO.rand.zpe/vasprun-77.xml
74,915,1,/Users/samuel/Desktop/postdoc_PhLAM/NO_HOPG/data/vaspdata.Ei.0.1.Ts.100.NO.rand.zpe/vasprun-77.xml
74,1060,1,/Users/samuel/Desktop/postdoc_PhLAM/NO_HOPG/data/vaspdata.Ei.0.1.Ts.100.NO.rand.zpe/vasprun-77.xml
74,1116,1,/Users/samuel/Desktop/postdoc_PhLAM/NO_HOPG/data/vaspdata.Ei.0.1.Ts.100.NO.rand.zpe/vasprun-77.xml
74,1131,1,/Users/samuel/Desktop/postdoc_PhLAM/NO_HOPG/data/vaspdata.Ei.0.1.Ts.100.NO.rand.zpe/vasprun-77.xml
75,108,1,/Users/samuel/Desktop/postdoc_PhLAM/NO_HOPG/data/vaspdata.Ei.0.1.Ts.100.NO.rand.zpe/vasprun-78.xml
75,157,1,/Users/samuel/Desktop/postdoc_PhLAM/NO_HOPG/data/vaspdata.Ei.0.1.Ts.100.NO.rand.zpe/vasprun-78.xml
75,446,1,/Users/samuel/Desktop/postdoc_PhLAM/NO_HOPG/data/vaspdata.Ei.0.1.Ts.100.NO.rand.zpe/vasprun-78.xml
75,518,1,/Users/samuel/Desktop/postdoc_PhLAM/NO_HOPG/data/vaspdata.Ei.0.1.Ts.100.NO.rand.zpe/vasprun-78.xml
75,590,1,/Users/samuel/Desktop/postdoc_PhLAM/NO_HOPG/data/vaspdata.Ei.0.1.Ts.100.NO.rand.zpe/vasprun-78.xml
75,631,1,/Users/samuel/Desktop/postdoc_PhLAM/NO_HOPG/data/vaspdata.Ei.0.1.Ts.100.NO.rand.zpe/vasprun-78.xml
75,675,1,/Users/samuel/Desktop/postdoc_PhLAM/NO_HOPG/data/vaspdata.Ei.0.1.Ts.100.NO.rand.zpe/vasprun-78.xml
75,707,1,/Users/samuel/Desktop/postdoc_PhLAM/NO_HOPG/data/vaspdata.Ei.0.1.Ts.100.NO.rand.zpe/vasprun-78.xml
75,764,1,/Users/samuel/Desktop/postdoc_PhLAM/NO_HOPG/data/vaspdata.Ei.0.1.Ts.100.NO.rand.zpe/vasprun-78.xml
75,862,1,/Users/samuel/Desktop/postdoc_PhLAM/NO_HOPG/data/vaspdata.Ei.0.1.Ts.100.NO.rand.zpe/vasprun-78.xml
75,865,1,/Users/samuel/Desktop/postdoc_PhLAM/NO_HOPG/data/vaspdata.Ei.0.1.Ts.100.NO.rand.zpe/vasprun-78.xml
75,908,1,/Users/samuel/Desktop/postdoc_PhLAM/NO_HOPG/data/vaspdata.Ei.0.1.Ts.100.NO.rand.zpe/vasprun-78.xml
75,980,1,/Users/samuel/Desktop/postdoc_PhLAM/NO_HOPG/data/vaspdata.Ei.0.1.Ts.100.NO.rand.zpe/vasprun-78.xml
75,1006,1,/Users/samuel/Desktop/postdoc_PhLAM/NO_HOPG/data/vaspdata.Ei.0.1.Ts.100.NO.rand.zpe/vasprun-78.xml
75,1136,1,/Users/samuel/Desktop/postdoc_PhLAM/NO_HOPG/data/vaspdata.Ei.0.1.Ts.100.NO.rand.zpe/vasprun-78.xml
75,1145,1,/Users/samuel/Desktop/postdoc_PhLAM/NO_HOPG/data/vaspdata.Ei.0.1.Ts.100.NO.rand.zpe/vasprun-78.xml
76,55,1,/Users/samuel/Desktop/postdoc_PhLAM/NO_HOPG/data/vaspdata.Ei.0.1.Ts.100.NO.rand.zpe/vasprun-79.xml
76,83,1,/Users/samuel/Desktop/postdoc_PhLAM/NO_HOPG/data/vaspdata.Ei.0.1.Ts.100.NO.rand.zpe/vasprun-79.xml
76,87,1,/Users/samuel/Desktop/postdoc_PhLAM/NO_HOPG/data/vaspdata.Ei.0.1.Ts.100.NO.rand.zpe/vasprun-79.xml
76,160,1,/Users/samuel/Desktop/postdoc_PhLAM/NO_HOPG/data/vaspdata.Ei.0.1.Ts.100.NO.rand.zpe/vasprun-79.xml
76,260,1,/Users/samuel/Desktop/postdoc_PhLAM/NO_HOPG/data/vaspdata.Ei.0.1.Ts.100.NO.rand.zpe/vasprun-79.xml
76,303,1,/Users/samuel/Desktop/postdoc_PhLAM/NO_HOPG/data/vaspdata.Ei.0.1.Ts.100.NO.rand.zpe/vasprun-79.xml
76,310,1,/Users/samuel/Desktop/postdoc_PhLAM/NO_HOPG/data/vaspdata.Ei.0.1.Ts.100.NO.rand.zpe/vasprun-79.xml
76,408,1,/Users/samuel/Desktop/postdoc_PhLAM/NO_HOPG/data/vaspdata.Ei.0.1.Ts.100.NO.rand.zpe/vasprun-79.xml
76,412,1,/Users/samuel/Desktop/postdoc_PhLAM/NO_HOPG/data/vaspdata.Ei.0.1.Ts.100.NO.rand.zpe/vasprun-79.xml
76,479,1,/Users/samuel/Desktop/postdoc_PhLAM/NO_HOPG/data/vaspdata.Ei.0.1.Ts.100.NO.rand.zpe/vasprun-79.xml
76,658,1,/Users/samuel/Desktop/postdoc_PhLAM/NO_HOPG/data/vaspdata.Ei.0.1.Ts.100.NO.rand.zpe/vasprun-79.xml
76,1090,1,/Users/samuel/Desktop/postdoc_PhLAM/NO_HOPG/data/vaspdata.Ei.0.1.Ts.100.NO.rand.zpe/vasprun-79.xml
76,1103,1,/Users/samuel/Desktop/postdoc_PhLAM/NO_HOPG/data/vaspdata.Ei.0.1.Ts.100.NO.rand.zpe/vasprun-79.xml
76,1186,1,/Users/samuel/Desktop/postdoc_PhLAM/NO_HOPG/data/vaspdata.Ei.0.1.Ts.100.NO.rand.zpe/vasprun-79.xml
77,135,1,/Users/samuel/Desktop/postdoc_PhLAM/NO_HOPG/data/vaspdata.Ei.0.1.Ts.100.NO.rand.zpe/vasprun-8.xml
77,163,1,/Users/samuel/Desktop/postdoc_PhLAM/NO_HOPG/data/vaspdata.Ei.0.1.Ts.100.NO.rand.zpe/vasprun-8.xml
77,176,1,/Users/samuel/Desktop/postdoc_PhLAM/NO_HOPG/data/vaspdata.Ei.0.1.Ts.100.NO.rand.zpe/vasprun-8.xml
77,225,1,/Users/samuel/Desktop/postdoc_PhLAM/NO_HOPG/data/vaspdata.Ei.0.1.Ts.100.NO.rand.zpe/vasprun-8.xml
77,362,2,/Users/samuel/Desktop/postdoc_PhLAM/NO_HOPG/data/vaspdata.Ei.0.1.Ts.100.NO.rand.zpe/vasprun-8.xml
77,650,1,/Users/samuel/Desktop/postdoc_PhLAM/NO_HOPG/data/vaspdata.Ei.0.1.Ts.100.NO.rand.zpe/vasprun-8.xml
77,820,1,/Users/samuel/Desktop/postdoc_PhLAM/NO_HOPG/data/vaspdata.Ei.0.1.Ts.100.NO.rand.zpe/vasprun-8.xml
77,843,1,/Users/samuel/Desktop/postdoc_PhLAM/NO_HOPG/data/vaspdata.Ei.0.1.Ts.100.NO.rand.zpe/vasprun-8.xml
77,854,1,/Users/samuel/Desktop/postdoc_PhLAM/NO_HOPG/data/vaspdata.Ei.0.1.Ts.100.NO.rand.zpe/vasprun-8.xml
77,915,1,/Users/samuel/Desktop/postdoc_PhLAM/NO_HOPG/data/vaspdata.Ei.0.1.Ts.100.NO.rand.zpe/vasprun-8.xml
77,977,1,/Users/samuel/Desktop/postdoc_PhLAM/NO_HOPG/data/vaspdata.Ei.0.1.Ts.100.NO.rand.zpe/vasprun-8.xml
77,1103,1,/Users/samuel/Desktop/postdoc_PhLAM/NO_HOPG/data/vaspdata.Ei.0.1.Ts.100.NO.rand.zpe/vasprun-8.xml
78,6,1,/Users/samuel/Desktop/postdoc_PhLAM/NO_HOPG/data/vaspdata.Ei.0.1.Ts.100.NO.rand.zpe/vasprun-81.xml
78,34,1,/Users/samuel/Desktop/postdoc_PhLAM/NO_HOPG/data/vaspdata.Ei.0.1.Ts.100.NO.rand.zpe/vasprun-81.xml
78,39,1,/Users/samuel/Desktop/postdoc_PhLAM/NO_HOPG/data/vaspdata.Ei.0.1.Ts.100.NO.rand.zpe/vasprun-81.xml
78,78,1,/Users/samuel/Desktop/postdoc_PhLAM/NO_HOPG/data/vaspdata.Ei.0.1.Ts.100.NO.rand.zpe/vasprun-81.xml
78,94,1,/Users/samuel/Desktop/postdoc_PhLAM/NO_HOPG/data/vaspdata.Ei.0.1.Ts.100.NO.rand.zpe/vasprun-81.xml
78,414,1,/Users/samuel/Desktop/postdoc_PhLAM/NO_HOPG/data/vaspdata.Ei.0.1.Ts.100.NO.rand.zpe/vasprun-81.xml
78,492,1,/Users/samuel/Desktop/postdoc_PhLAM/NO_HOPG/data/vaspdata.Ei.0.1.Ts.100.NO.rand.zpe/vasprun-81.xml
78,503,1,/Users/samuel/Desktop/postdoc_PhLAM/NO_HOPG/data/vaspdata.Ei.0.1.Ts.100.NO.rand.zpe/vasprun-81.xml
78,507,1,/Users/samuel/Desktop/postdoc_PhLAM/NO_HOPG/data/vaspdata.Ei.0.1.Ts.100.NO.rand.zpe/vasprun-81.xml
78,539,1,/Users/samuel/Desktop/postdoc_PhLAM/NO_HOPG/data/vaspdata.Ei.0.1.Ts.100.NO.rand.zpe/vasprun-81.xml
78,1095,1,/Users/samuel/Desktop/postdoc_PhLAM/NO_HOPG/data/vaspdata.Ei.0.1.Ts.100.NO.rand.zpe/vasprun-81.xml
78,1170,1,/Users/samuel/Desktop/postdoc_PhLAM/NO_HOPG/data/vaspdata.Ei.0.1.Ts.100.NO.rand.zpe/vasprun-81.xml
79,242,1,/Users/samuel/Desktop/postdoc_PhLAM/NO_HOPG/data/vaspdata.Ei.0.1.Ts.100.NO.rand.zpe/vasprun-82.xml
79,309,1,/Users/samuel/Desktop/postdoc_PhLAM/NO_HOPG/data/vaspdata.Ei.0.1.Ts.100.NO.rand.zpe/vasprun-82.xml
79,626,1,/Users/samuel/Desktop/postdoc_PhLAM/NO_HOPG/data/vaspdata.Ei.0.1.Ts.100.NO.rand.zpe/vasprun-82.xml
79,647,1,/Users/samuel/Desktop/postdoc_PhLAM/NO_HOPG/data/vaspdata.Ei.0.1.Ts.100.NO.rand.zpe/vasprun-82.xml
79,841,1,/Users/samuel/Desktop/postdoc_PhLAM/NO_HOPG/data/vaspdata.Ei.0.1.Ts.100.NO.rand.zpe/vasprun-82.xml
79,968,1,/Users/samuel/Desktop/postdoc_PhLAM/NO_HOPG/data/vaspdata.Ei.0.1.Ts.100.NO.rand.zpe/vasprun-82.xml
80,10,1,/Users/samuel/Desktop/postdoc_PhLAM/NO_HOPG/data/vaspdata.Ei.0.1.Ts.100.NO.rand.zpe/vasprun-83.xml
80,99,1,/Users/samuel/Desktop/postdoc_PhLAM/NO_HOPG/data/vaspdata.Ei.0.1.Ts.100.NO.rand.zpe/vasprun-83.xml
80,161,1,/Users/samuel/Desktop/postdoc_PhLAM/NO_HOPG/data/vaspdata.Ei.0.1.Ts.100.NO.rand.zpe/vasprun-83.xml
80,174,1,/Users/samuel/Desktop/postdoc_PhLAM/NO_HOPG/data/vaspdata.Ei.0.1.Ts.100.NO.rand.zpe/vasprun-83.xml
80,200,1,/Users/samuel/Desktop/postdoc_PhLAM/NO_HOPG/data/vaspdata.Ei.0.1.Ts.100.NO.rand.zpe/vasprun-83.xml
80,355,1,/Users/samuel/Desktop/postdoc_PhLAM/NO_HOPG/data/vaspdata.Ei.0.1.Ts.100.NO.rand.zpe/vasprun-83.xml
80,429,1,/Users/samuel/Desktop/postdoc_PhLAM/NO_HOPG/data/vaspdata.Ei.0.1.Ts.100.NO.rand.zpe/vasprun-83.xml
80,571,1,/Users/samuel/Desktop/postdoc_PhLAM/NO_HOPG/data/vaspdata.Ei.0.1.Ts.100.NO.rand.zpe/vasprun-83.xml
80,612,1,/Users/samuel/Desktop/postdoc_PhLAM/NO_HOPG/data/vaspdata.Ei.0.1.Ts.100.NO.rand.zpe/vasprun-83.xml
80,756,1,/Users/samuel/Desktop/postdoc_PhLAM/NO_HOPG/data/vaspdata.Ei.0.1.Ts.100.NO.rand.zpe/vasprun-83.xml
80,769,1,/Users/samuel/Desktop/postdoc_PhLAM/NO_HOPG/data/vaspdata.Ei.0.1.Ts.100.NO.rand.zpe/vasprun-83.xml
80,901,1,/Users/samuel/Desktop/postdoc_PhLAM/NO_HOPG/data/vaspdata.Ei.0.1.Ts.100.NO.rand.zpe/vasprun-83.xml
80,951,1,/Users/samuel/Desktop/postdoc_PhLAM/NO_HOPG/data/vaspdata.Ei.0.1.Ts.100.NO.rand.zpe/vasprun-83.xml
80,958,1,/Users/samuel/Desktop/postdoc_PhLAM/NO_HOPG/data/vaspdata.Ei.0.1.Ts.100.NO.rand.zpe/vasprun-83.xml
80,1047,1,/Users/samuel/Desktop/postdoc_PhLAM/NO_HOPG/data/vaspdata.Ei.0.1.Ts.100.NO.rand.zpe/vasprun-83.xml
80,1075,1,/Users/samuel/Desktop/postdoc_PhLAM/NO_HOPG/data/vaspdata.Ei.0.1.Ts.100.NO.rand.zpe/vasprun-83.xml
81,242,1,/Users/samuel/Desktop/postdoc_PhLAM/NO_HOPG/data/vaspdata.Ei.0.1.Ts.100.NO.rand.zpe/vasprun-84.xml
81,268,1,/Users/samuel/Desktop/postdoc_PhLAM/NO_HOPG/data/vaspdata.Ei.0.1.Ts.100.NO.rand.zpe/vasprun-84.xml
81,370,1,/Users/samuel/Desktop/postdoc_PhLAM/NO_HOPG/data/vaspdata.Ei.0.1.Ts.100.NO.rand.zpe/vasprun-84.xml
81,571,1,/Users/samuel/Desktop/postdoc_PhLAM/NO_HOPG/data/vaspdata.Ei.0.1.Ts.100.NO.rand.zpe/vasprun-84.xml
81,623,1,/Users/samuel/Desktop/postdoc_PhLAM/NO_HOPG/data/vaspdata.Ei.0.1.Ts.100.NO.rand.zpe/vasprun-84.xml
81,698,1,/Users/samuel/Desktop/postdoc_PhLAM/NO_HOPG/data/vaspdata.Ei.0.1.Ts.100.NO.rand.zpe/vasprun-84.xml
81,706,1,/Users/samuel/Desktop/postdoc_PhLAM/NO_HOPG/data/vaspdata.Ei.0.1.Ts.100.NO.rand.zpe/vasprun-84.xml
81,801,1,/Users/samuel/Desktop/postdoc_PhLAM/NO_HOPG/data/vaspdata.Ei.0.1.Ts.100.NO.rand.zpe/vasprun-84.xml
81,1027,1,/Users/samuel/Desktop/postdoc_PhLAM/NO_HOPG/data/vaspdata.Ei.0.1.Ts.100.NO.rand.zpe/vasprun-84.xml
81,1202,1,/Users/samuel/Desktop/postdoc_PhLAM/NO_HOPG/data/vaspdata.Ei.0.1.Ts.100.NO.rand.zpe/vasprun-84.xml
82,54,1,/Users/samuel/Desktop/postdoc_PhLAM/NO_HOPG/data/vaspdata.Ei.0.1.Ts.100.NO.rand.zpe/vasprun-85.xml
82,116,1,/Users/samuel/Desktop/postdoc_PhLAM/NO_HOPG/data/vaspdata.Ei.0.1.Ts.100.NO.rand.zpe/vasprun-85.xml
82,140,1,/Users/samuel/Desktop/postdoc_PhLAM/NO_HOPG/data/vaspdata.Ei.0.1.Ts.100.NO.rand.zpe/vasprun-85.xml
82,213,1,/Users/samuel/Desktop/postdoc_PhLAM/NO_HOPG/data/vaspdata.Ei.0.1.Ts.100.NO.rand.zpe/vasprun-85.xml
82,401,1,/Users/samuel/Desktop/postdoc_PhLAM/NO_HOPG/data/vaspdata.Ei.0.1.Ts.100.NO.rand.zpe/vasprun-85.xml
82,502,1,/Users/samuel/Desktop/postdoc_PhLAM/NO_HOPG/data/vaspdata.Ei.0.1.Ts.100.NO.rand.zpe/vasprun-85.xml
82,541,1,/Users/samuel/Desktop/postdoc_PhLAM/NO_HOPG/data/vaspdata.Ei.0.1.Ts.100.NO.rand.zpe/vasprun-85.xml
82,634,1,/Users/samuel/Desktop/postdoc_PhLAM/NO_HOPG/data/vaspdata.Ei.0.1.Ts.100.NO.rand.zpe/vasprun-85.xml
82,703,1,/Users/samuel/Desktop/postdoc_PhLAM/NO_HOPG/data/vaspdata.Ei.0.1.Ts.100.NO.rand.zpe/vasprun-85.xml
82,706,1,/Users/samuel/Desktop/postdoc_PhLAM/NO_HOPG/data/vaspdata.Ei.0.1.Ts.100.NO.rand.zpe/vasprun-85.xml
82,967,1,/Users/samuel/Desktop/postdoc_PhLAM/NO_HOPG/data/vaspdata.Ei.0.1.Ts.100.NO.rand.zpe/vasprun-85.xml
82,1064,1,/Users/samuel/Desktop/postdoc_PhLAM/NO_HOPG/data/vaspdata.Ei.0.1.Ts.100.NO.rand.zpe/vasprun-85.xml
82,1084,1,/Users/samuel/Desktop/postdoc_PhLAM/NO_HOPG/data/vaspdata.Ei.0.1.Ts.100.NO.rand.zpe/vasprun-85.xml
82,1165,1,/Users/samuel/Desktop/postdoc_PhLAM/NO_HOPG/data/vaspdata.Ei.0.1.Ts.100.NO.rand.zpe/vasprun-85.xml
82,1234,1,/Users/samuel/Desktop/postdoc_PhLAM/NO_HOPG/data/vaspdata.Ei.0.1.Ts.100.NO.rand.zpe/vasprun-85.xml
83,108,1,/Users/samuel/Desktop/postdoc_PhLAM/NO_HOPG/data/vaspdata.Ei.0.1.Ts.100.NO.rand.zpe/vasprun-86.xml
83,225,1,/Users/samuel/Desktop/postdoc_PhLAM/NO_HOPG/data/vaspdata.Ei.0.1.Ts.100.NO.rand.zpe/vasprun-86.xml
83,304,1,/Users/samuel/Desktop/postdoc_PhLAM/NO_HOPG/data/vaspdata.Ei.0.1.Ts.100.NO.rand.zpe/vasprun-86.xml
83,340,1,/Users/samuel/Desktop/postdoc_PhLAM/NO_HOPG/data/vaspdata.Ei.0.1.Ts.100.NO.rand.zpe/vasprun-86.xml
83,596,1,/Users/samuel/Desktop/postdoc_PhLAM/NO_HOPG/data/vaspdata.Ei.0.1.Ts.100.NO.rand.zpe/vasprun-86.xml
83,919,1,/Users/samuel/Desktop/postdoc_PhLAM/NO_HOPG/data/vaspdata.Ei.0.1.Ts.100.NO.rand.zpe/vasprun-86.xml
83,1018,1,/Users/samuel/Desktop/postdoc_PhLAM/NO_HOPG/data/vaspdata.Ei.0.1.Ts.100.NO.rand.zpe/vasprun-86.xml
84,177,1,/Users/samuel/Desktop/postdoc_PhLAM/NO_HOPG/data/vaspdata.Ei.0.1.Ts.100.NO.rand.zpe/vasprun-87.xml
84,206,1,/Users/samuel/Desktop/postdoc_PhLAM/NO_HOPG/data/vaspdata.Ei.0.1.Ts.100.NO.rand.zpe/vasprun-87.xml
84,794,1,/Users/samuel/Desktop/postdoc_PhLAM/NO_HOPG/data/vaspdata.Ei.0.1.Ts.100.NO.rand.zpe/vasprun-87.xml
84,1009,1,/Users/samuel/Desktop/postdoc_PhLAM/NO_HOPG/data/vaspdata.Ei.0.1.Ts.100.NO.rand.zpe/vasprun-87.xml
84,1063,1,/Users/samuel/Desktop/postdoc_PhLAM/NO_HOPG/data/vaspdata.Ei.0.1.Ts.100.NO.rand.zpe/vasprun-87.xml
85,188,1,/Users/samuel/Desktop/postdoc_PhLAM/NO_HOPG/data/vaspdata.Ei.0.1.Ts.100.NO.rand.zpe/vasprun-88.xml
85,338,1,/Users/samuel/Desktop/postdoc_PhLAM/NO_HOPG/data/vaspdata.Ei.0.1.Ts.100.NO.rand.zpe/vasprun-88.xml
85,622,1,/Users/samuel/Desktop/postdoc_PhLAM/NO_HOPG/data/vaspdata.Ei.0.1.Ts.100.NO.rand.zpe/vasprun-88.xml
85,922,1,/Users/samuel/Desktop/postdoc_PhLAM/NO_HOPG/data/vaspdata.Ei.0.1.Ts.100.NO.rand.zpe/vasprun-88.xml
85,1170,1,/Users/samuel/Desktop/postdoc_PhLAM/NO_HOPG/data/vaspdata.Ei.0.1.Ts.100.NO.rand.zpe/vasprun-88.xml
86,134,1,/Users/samuel/Desktop/postdoc_PhLAM/NO_HOPG/data/vaspdata.Ei.0.1.Ts.100.NO.rand.zpe/vasprun-89.xml
86,283,1,/Users/samuel/Desktop/postdoc_PhLAM/NO_HOPG/data/vaspdata.Ei.0.1.Ts.100.NO.rand.zpe/vasprun-89.xml
86,479,1,/Users/samuel/Desktop/postdoc_PhLAM/NO_HOPG/data/vaspdata.Ei.0.1.Ts.100.NO.rand.zpe/vasprun-89.xml
86,583,1,/Users/samuel/Desktop/postdoc_PhLAM/NO_HOPG/data/vaspdata.Ei.0.1.Ts.100.NO.rand.zpe/vasprun-89.xml
86,611,1,/Users/samuel/Desktop/postdoc_PhLAM/NO_HOPG/data/vaspdata.Ei.0.1.Ts.100.NO.rand.zpe/vasprun-89.xml
86,751,1,/Users/samuel/Desktop/postdoc_PhLAM/NO_HOPG/data/vaspdata.Ei.0.1.Ts.100.NO.rand.zpe/vasprun-89.xml
86,792,1,/Users/samuel/Desktop/postdoc_PhLAM/NO_HOPG/data/vaspdata.Ei.0.1.Ts.100.NO.rand.zpe/vasprun-89.xml
86,806,1,/Users/samuel/Desktop/postdoc_PhLAM/NO_HOPG/data/vaspdata.Ei.0.1.Ts.100.NO.rand.zpe/vasprun-89.xml
86,1111,1,/Users/samuel/Desktop/postdoc_PhLAM/NO_HOPG/data/vaspdata.Ei.0.1.Ts.100.NO.rand.zpe/vasprun-89.xml
86,1219,1,/Users/samuel/Desktop/postdoc_PhLAM/NO_HOPG/data/vaspdata.Ei.0.1.Ts.100.NO.rand.zpe/vasprun-89.xml
87,108,1,/Users/samuel/Desktop/postdoc_PhLAM/NO_HOPG/data/vaspdata.Ei.0.1.Ts.100.NO.rand.zpe/vasprun-9.xml
87,146,1,/Users/samuel/Desktop/postdoc_PhLAM/NO_HOPG/data/vaspdata.Ei.0.1.Ts.100.NO.rand.zpe/vasprun-9.xml
87,407,1,/Users/samuel/Desktop/postdoc_PhLAM/NO_HOPG/data/vaspdata.Ei.0.1.Ts.100.NO.rand.zpe/vasprun-9.xml
87,641,1,/Users/samuel/Desktop/postdoc_PhLAM/NO_HOPG/data/vaspdata.Ei.0.1.Ts.100.NO.rand.zpe/vasprun-9.xml
87,650,1,/Users/samuel/Desktop/postdoc_PhLAM/NO_HOPG/data/vaspdata.Ei.0.1.Ts.100.NO.rand.zpe/vasprun-9.xml
87,985,1,/Users/samuel/Desktop/postdoc_PhLAM/NO_HOPG/data/vaspdata.Ei.0.1.Ts.100.NO.rand.zpe/vasprun-9.xml
87,987,1,/Users/samuel/Desktop/postdoc_PhLAM/NO_HOPG/data/vaspdata.Ei.0.1.Ts.100.NO.rand.zpe/vasprun-9.xml
88,158,1,/Users/samuel/Desktop/postdoc_PhLAM/NO_HOPG/data/vaspdata.Ei.0.1.Ts.100.NO.rand.zpe/vasprun-90.xml
88,265,1,/Users/samuel/Desktop/postdoc_PhLAM/NO_HOPG/data/vaspdata.Ei.0.1.Ts.100.NO.rand.zpe/vasprun-90.xml
88,407,1,/Users/samuel/Desktop/postdoc_PhLAM/NO_HOPG/data/vaspdata.Ei.0.1.Ts.100.NO.rand.zpe/vasprun-90.xml
88,771,1,/Users/samuel/Desktop/postdoc_PhLAM/NO_HOPG/data/vaspdata.Ei.0.1.Ts.100.NO.rand.zpe/vasprun-90.xml
88,950,1,/Users/samuel/Desktop/postdoc_PhLAM/NO_HOPG/data/vaspdata.Ei.0.1.Ts.100.NO.rand.zpe/vasprun-90.xml
88,1036,1,/Users/samuel/Desktop/postdoc_PhLAM/NO_HOPG/data/vaspdata.Ei.0.1.Ts.100.NO.rand.zpe/vasprun-90.xml
88,1078,1,/Users/samuel/Desktop/postdoc_PhLAM/NO_HOPG/data/vaspdata.Ei.0.1.Ts.100.NO.rand.zpe/vasprun-90.xml
89,40,1,/Users/samuel/Desktop/postdoc_PhLAM/NO_HOPG/data/vaspdata.Ei.0.1.Ts.100.NO.rand.zpe/vasprun-91.xml
89,140,1,/Users/samuel/Desktop/postdoc_PhLAM/NO_HOPG/data/vaspdata.Ei.0.1.Ts.100.NO.rand.zpe/vasprun-91.xml
89,197,1,/Users/samuel/Desktop/postdoc_PhLAM/NO_HOPG/data/vaspdata.Ei.0.1.Ts.100.NO.rand.zpe/vasprun-91.xml
89,336,1,/Users/samuel/Desktop/postdoc_PhLAM/NO_HOPG/data/vaspdata.Ei.0.1.Ts.100.NO.rand.zpe/vasprun-91.xml
89,379,1,/Users/samuel/Desktop/postdoc_PhLAM/NO_HOPG/data/vaspdata.Ei.0.1.Ts.100.NO.rand.zpe/vasprun-91.xml
89,435,1,/Users/samuel/Desktop/postdoc_PhLAM/NO_HOPG/data/vaspdata.Ei.0.1.Ts.100.NO.rand.zpe/vasprun-91.xml
89,514,1,/Users/samuel/Desktop/postdoc_PhLAM/NO_HOPG/data/vaspdata.Ei.0.1.Ts.100.NO.rand.zpe/vasprun-91.xml
89,614,1,/Users/samuel/Desktop/postdoc_PhLAM/NO_HOPG/data/vaspdata.Ei.0.1.Ts.100.NO.rand.zpe/vasprun-91.xml
89,717,1,/Users/samuel/Desktop/postdoc_PhLAM/NO_HOPG/data/vaspdata.Ei.0.1.Ts.100.NO.rand.zpe/vasprun-91.xml
89,887,1,/Users/samuel/Desktop/postdoc_PhLAM/NO_HOPG/data/vaspdata.Ei.0.1.Ts.100.NO.rand.zpe/vasprun-91.xml
89,892,1,/Users/samuel/Desktop/postdoc_PhLAM/NO_HOPG/data/vaspdata.Ei.0.1.Ts.100.NO.rand.zpe/vasprun-91.xml
89,922,1,/Users/samuel/Desktop/postdoc_PhLAM/NO_HOPG/data/vaspdata.Ei.0.1.Ts.100.NO.rand.zpe/vasprun-91.xml
89,1007,1,/Users/samuel/Desktop/postdoc_PhLAM/NO_HOPG/data/vaspdata.Ei.0.1.Ts.100.NO.rand.zpe/vasprun-91.xml
89,1083,1,/Users/samuel/Desktop/postdoc_PhLAM/NO_HOPG/data/vaspdata.Ei.0.1.Ts.100.NO.rand.zpe/vasprun-91.xml
89,1113,1,/Users/samuel/Desktop/postdoc_PhLAM/NO_HOPG/data/vaspdata.Ei.0.1.Ts.100.NO.rand.zpe/vasprun-91.xml
90,18,1,/Users/samuel/Desktop/postdoc_PhLAM/NO_HOPG/data/vaspdata.Ei.0.1.Ts.100.NO.rand.zpe/vasprun-92.xml
90,25,1,/Users/samuel/Desktop/postdoc_PhLAM/NO_HOPG/data/vaspdata.Ei.0.1.Ts.100.NO.rand.zpe/vasprun-92.xml
90,57,1,/Users/samuel/Desktop/postdoc_PhLAM/NO_HOPG/data/vaspdata.Ei.0.1.Ts.100.NO.rand.zpe/vasprun-92.xml
90,461,1,/Users/samuel/Desktop/postdoc_PhLAM/NO_HOPG/data/vaspdata.Ei.0.1.Ts.100.NO.rand.zpe/vasprun-92.xml
90,477,1,/Users/samuel/Desktop/postdoc_PhLAM/NO_HOPG/data/vaspdata.Ei.0.1.Ts.100.NO.rand.zpe/vasprun-92.xml
90,669,1,/Users/samuel/Desktop/postdoc_PhLAM/NO_HOPG/data/vaspdata.Ei.0.1.Ts.100.NO.rand.zpe/vasprun-92.xml
90,693,1,/Users/samuel/Desktop/postdoc_PhLAM/NO_HOPG/data/vaspdata.Ei.0.1.Ts.100.NO.rand.zpe/vasprun-92.xml
90,828,1,/Users/samuel/Desktop/postdoc_PhLAM/NO_HOPG/data/vaspdata.Ei.0.1.Ts.100.NO.rand.zpe/vasprun-92.xml
90,1015,1,/Users/samuel/Desktop/postdoc_PhLAM/NO_HOPG/data/vaspdata.Ei.0.1.Ts.100.NO.rand.zpe/vasprun-92.xml
90,1024,1,/Users/samuel/Desktop/postdoc_PhLAM/NO_HOPG/data/vaspdata.Ei.0.1.Ts.100.NO.rand.zpe/vasprun-92.xml
90,1038,1,/Users/samuel/Desktop/postdoc_PhLAM/NO_HOPG/data/vaspdata.Ei.0.1.Ts.100.NO.rand.zpe/vasprun-92.xml
90,1039,1,/Users/samuel/Desktop/postdoc_PhLAM/NO_HOPG/data/vaspdata.Ei.0.1.Ts.100.NO.rand.zpe/vasprun-92.xml
90,1115,1,/Users/samuel/Desktop/postdoc_PhLAM/NO_HOPG/data/vaspdata.Ei.0.1.Ts.100.NO.rand.zpe/vasprun-92.xml
91,12,1,/Users/samuel/Desktop/postdoc_PhLAM/NO_HOPG/data/vaspdata.Ei.0.1.Ts.100.NO.rand.zpe/vasprun-93.xml
91,37,1,/Users/samuel/Desktop/postdoc_PhLAM/NO_HOPG/data/vaspdata.Ei.0.1.Ts.100.NO.rand.zpe/vasprun-93.xml
91,122,1,/Users/samuel/Desktop/postdoc_PhLAM/NO_HOPG/data/vaspdata.Ei.0.1.Ts.100.NO.rand.zpe/vasprun-93.xml
91,302,1,/Users/samuel/Desktop/postdoc_PhLAM/NO_HOPG/data/vaspdata.Ei.0.1.Ts.100.NO.rand.zpe/vasprun-93.xml
91,344,1,/Users/samuel/Desktop/postdoc_PhLAM/NO_HOPG/data/vaspdata.Ei.0.1.Ts.100.NO.rand.zpe/vasprun-93.xml
91,982,1,/Users/samuel/Desktop/postdoc_PhLAM/NO_HOPG/data/vaspdata.Ei.0.1.Ts.100.NO.rand.zpe/vasprun-93.xml
91,984,1,/Users/samuel/Desktop/postdoc_PhLAM/NO_HOPG/data/vaspdata.Ei.0.1.Ts.100.NO.rand.zpe/vasprun-93.xml
91,1180,1,/Users/samuel/Desktop/postdoc_PhLAM/NO_HOPG/data/vaspdata.Ei.0.1.Ts.100.NO.rand.zpe/vasprun-93.xml
91,1200,1,/Users/samuel/Desktop/postdoc_PhLAM/NO_HOPG/data/vaspdata.Ei.0.1.Ts.100.NO.rand.zpe/vasprun-93.xml
92,98,1,/Users/samuel/Desktop/postdoc_PhLAM/NO_HOPG/data/vaspdata.Ei.0.1.Ts.100.NO.rand.zpe/vasprun-95.xml
92,100,1,/Users/samuel/Desktop/postdoc_PhLAM/NO_HOPG/data/vaspdata.Ei.0.1.Ts.100.NO.rand.zpe/vasprun-95.xml
92,126,1,/Users/samuel/Desktop/postdoc_PhLAM/NO_HOPG/data/vaspdata.Ei.0.1.Ts.100.NO.rand.zpe/vasprun-95.xml
92,137,1,/Users/samuel/Desktop/postdoc_PhLAM/NO_HOPG/data/vaspdata.Ei.0.1.Ts.100.NO.rand.zpe/vasprun-95.xml
92,377,1,/Users/samuel/Desktop/postdoc_PhLAM/NO_HOPG/data/vaspdata.Ei.0.1.Ts.100.NO.rand.zpe/vasprun-95.xml
92,531,1,/Users/samuel/Desktop/postdoc_PhLAM/NO_HOPG/data/vaspdata.Ei.0.1.Ts.100.NO.rand.zpe/vasprun-95.xml
92,574,1,/Users/samuel/Desktop/postdoc_PhLAM/NO_HOPG/data/vaspdata.Ei.0.1.Ts.100.NO.rand.zpe/vasprun-95.xml
92,676,1,/Users/samuel/Desktop/postdoc_PhLAM/NO_HOPG/data/vaspdata.Ei.0.1.Ts.100.NO.rand.zpe/vasprun-95.xml
92,896,1,/Users/samuel/Desktop/postdoc_PhLAM/NO_HOPG/data/vaspdata.Ei.0.1.Ts.100.NO.rand.zpe/vasprun-95.xml
93,11,1,/Users/samuel/Desktop/postdoc_PhLAM/NO_HOPG/data/vaspdata.Ei.0.1.Ts.100.NO.rand.zpe/vasprun-96.xml
93,53,1,/Users/samuel/Desktop/postdoc_PhLAM/NO_HOPG/data/vaspdata.Ei.0.1.Ts.100.NO.rand.zpe/vasprun-96.xml
93,83,1,/Users/samuel/Desktop/postdoc_PhLAM/NO_HOPG/data/vaspdata.Ei.0.1.Ts.100.NO.rand.zpe/vasprun-96.xml
93,144,1,/Users/samuel/Desktop/postdoc_PhLAM/NO_HOPG/data/vaspdata.Ei.0.1.Ts.100.NO.rand.zpe/vasprun-96.xml
93,178,1,/Users/samuel/Desktop/postdoc_PhLAM/NO_HOPG/data/vaspdata.Ei.0.1.Ts.100.NO.rand.zpe/vasprun-96.xml
93,216,1,/Users/samuel/Desktop/postdoc_PhLAM/NO_HOPG/data/vaspdata.Ei.0.1.Ts.100.NO.rand.zpe/vasprun-96.xml
93,243,1,/Users/samuel/Desktop/postdoc_PhLAM/NO_HOPG/data/vaspdata.Ei.0.1.Ts.100.NO.rand.zpe/vasprun-96.xml
93,339,1,/Users/samuel/Desktop/postdoc_PhLAM/NO_HOPG/data/vaspdata.Ei.0.1.Ts.100.NO.rand.zpe/vasprun-96.xml
93,397,1,/Users/samuel/Desktop/postdoc_PhLAM/NO_HOPG/data/vaspdata.Ei.0.1.Ts.100.NO.rand.zpe/vasprun-96.xml
93,404,1,/Users/samuel/Desktop/postdoc_PhLAM/NO_HOPG/data/vaspdata.Ei.0.1.Ts.100.NO.rand.zpe/vasprun-96.xml
93,492,1,/Users/samuel/Desktop/postdoc_PhLAM/NO_HOPG/data/vaspdata.Ei.0.1.Ts.100.NO.rand.zpe/vasprun-96.xml
93,560,1,/Users/samuel/Desktop/postdoc_PhLAM/NO_HOPG/data/vaspdata.Ei.0.1.Ts.100.NO.rand.zpe/vasprun-96.xml
93,563,1,/Users/samuel/Desktop/postdoc_PhLAM/NO_HOPG/data/vaspdata.Ei.0.1.Ts.100.NO.rand.zpe/vasprun-96.xml
93,918,1,/Users/samuel/Desktop/postdoc_PhLAM/NO_HOPG/data/vaspdata.Ei.0.1.Ts.100.NO.rand.zpe/vasprun-96.xml
93,1008,1,/Users/samuel/Desktop/postdoc_PhLAM/NO_HOPG/data/vaspdata.Ei.0.1.Ts.100.NO.rand.zpe/vasprun-96.xml
93,1064,1,/Users/samuel/Desktop/postdoc_PhLAM/NO_HOPG/data/vaspdata.Ei.0.1.Ts.100.NO.rand.zpe/vasprun-96.xml
93,1153,1,/Users/samuel/Desktop/postdoc_PhLAM/NO_HOPG/data/vaspdata.Ei.0.1.Ts.100.NO.rand.zpe/vasprun-96.xml
93,1166,1,/Users/samuel/Desktop/postdoc_PhLAM/NO_HOPG/data/vaspdata.Ei.0.1.Ts.100.NO.rand.zpe/vasprun-96.xml
94,31,1,/Users/samuel/Desktop/postdoc_PhLAM/NO_HOPG/data/vaspdata.Ei.0.1.Ts.100.NO.rand.zpe/vasprun-97.xml
94,49,1,/Users/samuel/Desktop/postdoc_PhLAM/NO_HOPG/data/vaspdata.Ei.0.1.Ts.100.NO.rand.zpe/vasprun-97.xml
94,56,1,/Users/samuel/Desktop/postdoc_PhLAM/NO_HOPG/data/vaspdata.Ei.0.1.Ts.100.NO.rand.zpe/vasprun-97.xml
94,209,1,/Users/samuel/Desktop/postdoc_PhLAM/NO_HOPG/data/vaspdata.Ei.0.1.Ts.100.NO.rand.zpe/vasprun-97.xml
94,308,1,/Users/samuel/Desktop/postdoc_PhLAM/NO_HOPG/data/vaspdata.Ei.0.1.Ts.100.NO.rand.zpe/vasprun-97.xml
94,345,1,/Users/samuel/Desktop/postdoc_PhLAM/NO_HOPG/data/vaspdata.Ei.0.1.Ts.100.NO.rand.zpe/vasprun-97.xml
94,498,1,/Users/samuel/Desktop/postdoc_PhLAM/NO_HOPG/data/vaspdata.Ei.0.1.Ts.100.NO.rand.zpe/vasprun-97.xml
94,537,1,/Users/samuel/Desktop/postdoc_PhLAM/NO_HOPG/data/vaspdata.Ei.0.1.Ts.100.NO.rand.zpe/vasprun-97.xml
94,737,1,/Users/samuel/Desktop/postdoc_PhLAM/NO_HOPG/data/vaspdata.Ei.0.1.Ts.100.NO.rand.zpe/vasprun-97.xml
94,789,1,/Users/samuel/Desktop/postdoc_PhLAM/NO_HOPG/data/vaspdata.Ei.0.1.Ts.100.NO.rand.zpe/vasprun-97.xml
95,55,1,/Users/samuel/Desktop/postdoc_PhLAM/NO_HOPG/data/vaspdata.Ei.0.1.Ts.100.NO.rand.zpe/vasprun-98.xml
95,112,1,/Users/samuel/Desktop/postdoc_PhLAM/NO_HOPG/data/vaspdata.Ei.0.1.Ts.100.NO.rand.zpe/vasprun-98.xml
95,114,1,/Users/samuel/Desktop/postdoc_PhLAM/NO_HOPG/data/vaspdata.Ei.0.1.Ts.100.NO.rand.zpe/vasprun-98.xml
95,133,1,/Users/samuel/Desktop/postdoc_PhLAM/NO_HOPG/data/vaspdata.Ei.0.1.Ts.100.NO.rand.zpe/vasprun-98.xml
95,424,1,/Users/samuel/Desktop/postdoc_PhLAM/NO_HOPG/data/vaspdata.Ei.0.1.Ts.100.NO.rand.zpe/vasprun-98.xml
95,627,1,/Users/samuel/Desktop/postdoc_PhLAM/NO_HOPG/data/vaspdata.Ei.0.1.Ts.100.NO.rand.zpe/vasprun-98.xml
95,889,1,/Users/samuel/Desktop/postdoc_PhLAM/NO_HOPG/data/vaspdata.Ei.0.1.Ts.100.NO.rand.zpe/vasprun-98.xml
96,24,1,/Users/samuel/Desktop/postdoc_PhLAM/NO_HOPG/data/vaspdata.Ei.0.1.Ts.100.NO.rand.zpe/vasprun-99.xml
96,225,1,/Users/samuel/Desktop/postdoc_PhLAM/NO_HOPG/data/vaspdata.Ei.0.1.Ts.100.NO.rand.zpe/vasprun-99.xml
96,342,1,/Users/samuel/Desktop/postdoc_PhLAM/NO_HOPG/data/vaspdata.Ei.0.1.Ts.100.NO.rand.zpe/vasprun-99.xml
96,374,1,/Users/samuel/Desktop/postdoc_PhLAM/NO_HOPG/data/vaspdata.Ei.0.1.Ts.100.NO.rand.zpe/vasprun-99.xml
96,604,1,/Users/samuel/Desktop/postdoc_PhLAM/NO_HOPG/data/vaspdata.Ei.0.1.Ts.100.NO.rand.zpe/vasprun-99.xml
96,780,1,/Users/samuel/Desktop/postdoc_PhLAM/NO_HOPG/data/vaspdata.Ei.0.1.Ts.100.NO.rand.zpe/vasprun-99.xml
96,851,1,/Users/samuel/Desktop/postdoc_PhLAM/NO_HOPG/data/vaspdata.Ei.0.1.Ts.100.NO.rand.zpe/vasprun-99.xml
96,896,1,/Users/samuel/Desktop/postdoc_PhLAM/NO_HOPG/data/vaspdata.Ei.0.1.Ts.100.NO.rand.zpe/vasprun-99.xml
96,1009,1,/Users/samuel/Desktop/postdoc_PhLAM/NO_HOPG/data/vaspdata.Ei.0.1.Ts.100.NO.rand.zpe/vasprun-99.xml
96,1140,1,/Users/samuel/Desktop/postdoc_PhLAM/NO_HOPG/data/vaspdata.Ei.0.1.Ts.100.NO.rand.zpe/vasprun-99.xml
