file_id,struct_id,n_atoms_hit,file_path
0,218,1,/Users/samuel/Desktop/postdoc_PhLAM/NO_HOPG/data/vaspdata.Ei.0.1.Ts.100.NO.rand.zpe/vasprun-1.xml
0,419,1,/Users/samuel/Desktop/postdoc_PhLAM/NO_HOPG/data/vaspdata.Ei.0.1.Ts.100.NO.rand.zpe/vasprun-1.xml
0,485,1,/Users/samuel/Desktop/postdoc_PhLAM/NO_HOPG/data/vaspdata.Ei.0.1.Ts.100.NO.rand.zpe/vasprun-1.xml
0,513,1,/Users/samuel/Desktop/postdoc_PhLAM/NO_HOPG/data/vaspdata.Ei.0.1.Ts.100.NO.rand.zpe/vasprun-1.xml
0,519,1,/Users/samuel/Desktop/postdoc_PhLAM/NO_HOPG/data/vaspdata.Ei.0.1.Ts.100.NO.rand.zpe/vasprun-1.xml
0,562,1,/Users/samuel/Desktop/postdoc_PhLAM/NO_HOPG/data/vaspdata.Ei.0.1.Ts.100.NO.rand.zpe/vasprun-1.xml
0,582,1,/Users/samuel/Desktop/postdoc_PhLAM/NO_HOPG/data/vaspdata.Ei.0.1.Ts.100.NO.rand.zpe/vasprun-1.xml
0,643,1,/Users/samuel/Desktop/postdoc_PhLAM/NO_HOPG/data/vaspdata.Ei.0.1.Ts.100.NO.rand.zpe/vasprun-1.xml
0,727,1,/Users/samuel/Desktop/postdoc_PhLAM/NO_HOPG/data/vaspdata.Ei.0.1.Ts.100.NO.rand.zpe/vasprun-1.xml
0,836,1,/Users/samuel/Desktop/postdoc_PhLAM/NO_HOPG/data/vaspdata.Ei.0.1.Ts.100.NO.rand.zpe/vasprun-1.xml
0,857,1,/Users/samuel/Desktop/postdoc_PhLAM/NO_HOPG/data/vaspdata.Ei.0.1.Ts.100.NO.rand.zpe/vasprun-1.xml
0,931,1,/Users/samuel/Desktop/postdoc_PhLAM/NO_HOPG/data/vaspdata.Ei.0.1.Ts.100.NO.rand.zpe/vasprun-1.xml
0,1078,1,/Users/samuel/Desktop/postdoc_PhLAM/NO_HOPG/data/vaspdata.Ei.0.1.Ts.100.NO.rand.zpe/vasprun-1.xml
1,239,1,/Users/samuel/Desktop/postdoc_PhLAM/NO_HOPG/data/vaspdata.Ei.0.1.Ts.100.NO.rand.zpe/vasprun-10.xml
1,393,1,/Users/samuel/Desktop/postdoc_PhLAM/NO_HOPG/data/vaspdata.Ei.0.1.Ts.100.NO.rand.zpe/vasprun-10.xml
1,396,1,/Users/samuel/Desktop/postdoc_PhLAM/NO_HOPG/data/vaspdata.Ei.0.1.Ts.100.NO.rand.zpe/vasprun-10.xml
1,581,1,/Users/samuel/Desktop/postdoc_PhLAM/NO_HOPG/data/vaspdata.Ei.0.1.Ts.100.NO.rand.zpe/vasprun-10.xml
1,592,1,/Users/samuel/Desktop/postdoc_PhLAM/NO_HOPG/data/vaspdata.Ei.0.1.Ts.100.NO.rand.zpe/vasprun-10.xml
1,605,1,/Users/samuel/Desktop/postdoc_PhLAM/NO_HOPG/data/vaspdata.Ei.0.1.Ts.100.NO.rand.zpe/vasprun-10.xml
1,622,1,/Users/samuel/Desktop/postdoc_PhLAM/NO_HOPG/data/vaspdata.Ei.0.1.Ts.100.NO.rand.zpe/vasprun-10.xml
1,696,1,/Users/samuel/Desktop/postdoc_PhLAM/NO_HOPG/data/vaspdata.Ei.0.1.Ts.100.NO.rand.zpe/vasprun-10.xml
1,708,1,/Users/samuel/Desktop/postdoc_PhLAM/NO_HOPG/data/vaspdata.Ei.0.1.Ts.100.NO.rand.zpe/vasprun-10.xml
1,789,1,/Users/samuel/Desktop/postdoc_PhLAM/NO_HOPG/data/vaspdata.Ei.0.1.Ts.100.NO.rand.zpe/vasprun-10.xml
1,1088,1,/Users/samuel/Desktop/postdoc_PhLAM/NO_HOPG/data/vaspdata.Ei.0.1.Ts.100.NO.rand.zpe/vasprun-10.xml
1,1095,1,/Users/samuel/Desktop/postdoc_PhLAM/NO_HOPG/data/vaspdata.Ei.0.1.Ts.100.NO.rand.zpe/vasprun-10.xml
1,1143,1,/Users/samuel/Desktop/postdoc_PhLAM/NO_HOPG/data/vaspdata.Ei.0.1.Ts.100.NO.rand.zpe/vasprun-10.xml
2,443,1,/Users/samuel/Desktop/postdoc_PhLAM/NO_HOPG/data/vaspdata.Ei.0.1.Ts.100.NO.rand.zpe/vasprun-100.xml
2,464,1,/Users/samuel/Desktop/postdoc_PhLAM/NO_HOPG/data/vaspdata.Ei.0.1.Ts.100.NO.rand.zpe/vasprun-100.xml
2,497,1,/Users/samuel/Desktop/postdoc_PhLAM/NO_HOPG/data/vaspdata.Ei.0.1.Ts.100.NO.rand.zpe/vasprun-100.xml
2,924,1,/Users/samuel/Desktop/postdoc_PhLAM/NO_HOPG/data/vaspdata.Ei.0.1.Ts.100.NO.rand.zpe/vasprun-100.xml
2,1018,1,/Users/samuel/Desktop/postdoc_PhLAM/NO_HOPG/data/vaspdata.Ei.0.1.Ts.100.NO.rand.zpe/vasprun-100.xml
2,1097,1,/Users/samuel/Desktop/postdoc_PhLAM/NO_HOPG/data/vaspdata.Ei.0.1.Ts.100.NO.rand.zpe/vasprun-100.xml
2,1140,1,/Users/samuel/Desktop/postdoc_PhLAM/NO_HOPG/data/vaspdata.Ei.0.1.Ts.100.NO.rand.zpe/vasprun-100.xml
2,1146,1,/Users/samuel/Desktop/postdoc_PhLAM/NO_HOPG/data/vaspdata.Ei.0.1.Ts.100.NO.rand.zpe/vasprun-100.xml
3,395,1,/Users/samuel/Desktop/postdoc_PhLAM/NO_HOPG/data/vaspdata.Ei.0.1.Ts.100.NO.rand.zpe/vasprun-11.xml
3,424,1,/Users/samuel/Desktop/postdoc_PhLAM/NO_HOPG/data/vaspdata.Ei.0.1.Ts.100.NO.rand.zpe/vasprun-11.xml
3,471,1,/Users/samuel/Desktop/postdoc_PhLAM/NO_HOPG/data/vaspdata.Ei.0.1.Ts.100.NO.rand.zpe/vasprun-11.xml
3,498,1,/Users/samuel/Desktop/postdoc_PhLAM/NO_HOPG/data/vaspdata.Ei.0.1.Ts.100.NO.rand.zpe/vasprun-11.xml
3,500,1,/Users/samuel/Desktop/postdoc_PhLAM/NO_HOPG/data/vaspdata.Ei.0.1.Ts.100.NO.rand.zpe/vasprun-11.xml
3,525,1,/Users/samuel/Desktop/postdoc_PhLAM/NO_HOPG/data/vaspdata.Ei.0.1.Ts.100.NO.rand.zpe/vasprun-11.xml
3,559,1,/Users/samuel/Desktop/postdoc_PhLAM/NO_HOPG/data/vaspdata.Ei.0.1.Ts.100.NO.rand.zpe/vasprun-11.xml
3,592,1,/Users/samuel/Desktop/postdoc_PhLAM/NO_HOPG/data/vaspdata.Ei.0.1.Ts.100.NO.rand.zpe/vasprun-11.xml
3,625,1,/Users/samuel/Desktop/postdoc_PhLAM/NO_HOPG/data/vaspdata.Ei.0.1.Ts.100.NO.rand.zpe/vasprun-11.xml
3,888,1,/Users/samuel/Desktop/postdoc_PhLAM/NO_HOPG/data/vaspdata.Ei.0.1.Ts.100.NO.rand.zpe/vasprun-11.xml
3,1199,1,/Users/samuel/Desktop/postdoc_PhLAM/NO_HOPG/data/vaspdata.Ei.0.1.Ts.100.NO.rand.zpe/vasprun-11.xml
4,439,1,/Users/samuel/Desktop/postdoc_PhLAM/NO_HOPG/data/vaspdata.Ei.0.1.Ts.100.NO.rand.zpe/vasprun-12.xml
4,449,1,/Users/samuel/Desktop/postdoc_PhLAM/NO_HOPG/data/vaspdata.Ei.0.1.Ts.100.NO.rand.zpe/vasprun-12.xml
4,451,1,/Users/samuel/Desktop/postdoc_PhLAM/NO_HOPG/data/vaspdata.Ei.0.1.Ts.100.NO.rand.zpe/vasprun-12.xml
4,485,1,/Users/samuel/Desktop/postdoc_PhLAM/NO_HOPG/data/vaspdata.Ei.0.1.Ts.100.NO.rand.zpe/vasprun-12.xml
4,591,1,/Users/samuel/Desktop/postdoc_PhLAM/NO_HOPG/data/vaspdata.Ei.0.1.Ts.100.NO.rand.zpe/vasprun-12.xml
4,597,1,/Users/samuel/Desktop/postdoc_PhLAM/NO_HOPG/data/vaspdata.Ei.0.1.Ts.100.NO.rand.zpe/vasprun-12.xml
4,646,1,/Users/samuel/Desktop/postdoc_PhLAM/NO_HOPG/data/vaspdata.Ei.0.1.Ts.100.NO.rand.zpe/vasprun-12.xml
4,650,1,/Users/samuel/Desktop/postdoc_PhLAM/NO_HOPG/data/vaspdata.Ei.0.1.Ts.100.NO.rand.zpe/vasprun-12.xml
4,661,1,/Users/samuel/Desktop/postdoc_PhLAM/NO_HOPG/data/vaspdata.Ei.0.1.Ts.100.NO.rand.zpe/vasprun-12.xml
4,806,1,/Users/samuel/Desktop/postdoc_PhLAM/NO_HOPG/data/vaspdata.Ei.0.1.Ts.100.NO.rand.zpe/vasprun-12.xml
4,1121,1,/Users/samuel/Desktop/postdoc_PhLAM/NO_HOPG/data/vaspdata.Ei.0.1.Ts.100.NO.rand.zpe/vasprun-12.xml
4,1134,1,/Users/samuel/Desktop/postdoc_PhLAM/NO_HOPG/data/vaspdata.Ei.0.1.Ts.100.NO.rand.zpe/vasprun-12.xml
4,1151,1,/Users/samuel/Desktop/postdoc_PhLAM/NO_HOPG/data/vaspdata.Ei.0.1.Ts.100.NO.rand.zpe/vasprun-12.xml
4,1222,1,/Users/samuel/Desktop/postdoc_PhLAM/NO_HOPG/data/vaspdata.Ei.0.1.Ts.100.NO.rand.zpe/vasprun-12.xml
5,250,1,/Users/samuel/Desktop/postdoc_PhLAM/NO_HOPG/data/vaspdata.Ei.0.1.Ts.100.NO.rand.zpe/vasprun-13.xml
5,572,1,/Users/samuel/Desktop/postdoc_PhLAM/NO_HOPG/data/vaspdata.Ei.0.1.Ts.100.NO.rand.zpe/vasprun-13.xml
5,591,1,/Users/samuel/Desktop/postdoc_PhLAM/NO_HOPG/data/vaspdata.Ei.0.1.Ts.100.NO.rand.zpe/vasprun-13.xml
5,684,1,/Users/samuel/Desktop/postdoc_PhLAM/NO_HOPG/data/vaspdata.Ei.0.1.Ts.100.NO.rand.zpe/vasprun-13.xml
5,1085,1,/Users/samuel/Desktop/postdoc_PhLAM/NO_HOPG/data/vaspdata.Ei.0.1.Ts.100.NO.rand.zpe/vasprun-13.xml
5,1182,1,/Users/samuel/Desktop/postdoc_PhLAM/NO_HOPG/data/vaspdata.Ei.0.1.Ts.100.NO.rand.zpe/vasprun-13.xml
6,405,1,/Users/samuel/Desktop/postdoc_PhLAM/NO_HOPG/data/vaspdata.Ei.0.1.Ts.100.NO.rand.zpe/vasprun-14.xml
6,479,1,/Users/samuel/Desktop/postdoc_PhLAM/NO_HOPG/data/vaspdata.Ei.0.1.Ts.100.NO.rand.zpe/vasprun-14.xml
6,485,1,/Users/samuel/Desktop/postdoc_PhLAM/NO_HOPG/data/vaspdata.Ei.0.1.Ts.100.NO.rand.zpe/vasprun-14.xml
6,500,1,/Users/samuel/Desktop/postdoc_PhLAM/NO_HOPG/data/vaspdata.Ei.0.1.Ts.100.NO.rand.zpe/vasprun-14.xml
6,542,1,/Users/samuel/Desktop/postdoc_PhLAM/NO_HOPG/data/vaspdata.Ei.0.1.Ts.100.NO.rand.zpe/vasprun-14.xml
6,560,1,/Users/samuel/Desktop/postdoc_PhLAM/NO_HOPG/data/vaspdata.Ei.0.1.Ts.100.NO.rand.zpe/vasprun-14.xml
6,627,1,/Users/samuel/Desktop/postdoc_PhLAM/NO_HOPG/data/vaspdata.Ei.0.1.Ts.100.NO.rand.zpe/vasprun-14.xml
6,738,1,/Users/samuel/Desktop/postdoc_PhLAM/NO_HOPG/data/vaspdata.Ei.0.1.Ts.100.NO.rand.zpe/vasprun-14.xml
6,896,1,/Users/samuel/Desktop/postdoc_PhLAM/NO_HOPG/data/vaspdata.Ei.0.1.Ts.100.NO.rand.zpe/vasprun-14.xml
6,926,1,/Users/samuel/Desktop/postdoc_PhLAM/NO_HOPG/data/vaspdata.Ei.0.1.Ts.100.NO.rand.zpe/vasprun-14.xml
6,1229,1,/Users/samuel/Desktop/postdoc_PhLAM/NO_HOPG/data/vaspdata.Ei.0.1.Ts.100.NO.rand.zpe/vasprun-14.xml
6,1235,1,/Users/samuel/Desktop/postdoc_PhLAM/NO_HOPG/data/vaspdata.Ei.0.1.Ts.100.NO.rand.zpe/vasprun-14.xml
7,152,1,/Users/samuel/Desktop/postdoc_PhLAM/NO_HOPG/data/vaspdata.Ei.0.1.Ts.100.NO.rand.zpe/vasprun-15.xml
7,562,1,/Users/samuel/Desktop/postdoc_PhLAM/NO_HOPG/data/vaspdata.Ei.0.1.Ts.100.NO.rand.zpe/vasprun-15.xml
7,640,1,/Users/samuel/Desktop/postdoc_PhLAM/NO_HOPG/data/vaspdata.Ei.0.1.Ts.100.NO.rand.zpe/vasprun-15.xml
7,679,1,/Users/samuel/Desktop/postdoc_PhLAM/NO_HOPG/data/vaspdata.Ei.0.1.Ts.100.NO.rand.zpe/vasprun-15.xml
7,683,1,/Users/samuel/Desktop/postdoc_PhLAM/NO_HOPG/data/vaspdata.Ei.0.1.Ts.100.NO.rand.zpe/vasprun-15.xml
7,723,1,/Users/samuel/Desktop/postdoc_PhLAM/NO_HOPG/data/vaspdata.Ei.0.1.Ts.100.NO.rand.zpe/vasprun-15.xml
7,1051,1,/Users/samuel/Desktop/postdoc_PhLAM/NO_HOPG/data/vaspdata.Ei.0.1.Ts.100.NO.rand.zpe/vasprun-15.xml
7,1095,1,/Users/samuel/Desktop/postdoc_PhLAM/NO_HOPG/data/vaspdata.Ei.0.1.Ts.100.NO.rand.zpe/vasprun-15.xml
7,1157,1,/Users/samuel/Desktop/postdoc_PhLAM/NO_HOPG/data/vaspdata.Ei.0.1.Ts.100.NO.rand.zpe/vasprun-15.xml
7,1189,1,/Users/samuel/Desktop/postdoc_PhLAM/NO_HOPG/data/vaspdata.Ei.0.1.Ts.100.NO.rand.zpe/vasprun-15.xml
8,293,1,/Users/samuel/Desktop/postdoc_PhLAM/NO_HOPG/data/vaspdata.Ei.0.1.Ts.100.NO.rand.zpe/vasprun-16.xml
8,448,1,/Users/samuel/Desktop/postdoc_PhLAM/NO_HOPG/data/vaspdata.Ei.0.1.Ts.100.NO.rand.zpe/vasprun-16.xml
8,662,1,/Users/samuel/Desktop/postdoc_PhLAM/NO_HOPG/data/vaspdata.Ei.0.1.Ts.100.NO.rand.zpe/vasprun-16.xml
8,693,1,/Users/samuel/Desktop/postdoc_PhLAM/NO_HOPG/data/vaspdata.Ei.0.1.Ts.100.NO.rand.zpe/vasprun-16.xml
8,831,1,/Users/samuel/Desktop/postdoc_PhLAM/NO_HOPG/data/vaspdata.Ei.0.1.Ts.100.NO.rand.zpe/vasprun-16.xml
8,982,1,/Users/samuel/Desktop/postdoc_PhLAM/NO_HOPG/data/vaspdata.Ei.0.1.Ts.100.NO.rand.zpe/vasprun-16.xml
8,1171,1,/Users/samuel/Desktop/postdoc_PhLAM/NO_HOPG/data/vaspdata.Ei.0.1.Ts.100.NO.rand.zpe/vasprun-16.xml
9,144,1,/Users/samuel/Desktop/postdoc_PhLAM/NO_HOPG/data/vaspdata.Ei.0.1.Ts.100.NO.rand.zpe/vasprun-17.xml
9,235,1,/Users/samuel/Desktop/postdoc_PhLAM/NO_HOPG/data/vaspdata.Ei.0.1.Ts.100.NO.rand.zpe/vasprun-17.xml
9,257,1,/Users/samuel/Desktop/postdoc_PhLAM/NO_HOPG/data/vaspdata.Ei.0.1.Ts.100.NO.rand.zpe/vasprun-17.xml
9,365,1,/Users/samuel/Desktop/postdoc_PhLAM/NO_HOPG/data/vaspdata.Ei.0.1.Ts.100.NO.rand.zpe/vasprun-17.xml
9,449,1,/Users/samuel/Desktop/postdoc_PhLAM/NO_HOPG/data/vaspdata.Ei.0.1.Ts.100.NO.rand.zpe/vasprun-17.xml
9,475,1,/Users/samuel/Desktop/postdoc_PhLAM/NO_HOPG/data/vaspdata.Ei.0.1.Ts.100.NO.rand.zpe/vasprun-17.xml
9,526,1,/Users/samuel/Desktop/postdoc_PhLAM/NO_HOPG/data/vaspdata.Ei.0.1.Ts.100.NO.rand.zpe/vasprun-17.xml
9,691,1,/Users/samuel/Desktop/postdoc_PhLAM/NO_HOPG/data/vaspdata.Ei.0.1.Ts.100.NO.rand.zpe/vasprun-17.xml
9,705,1,/Users/samuel/Desktop/postdoc_PhLAM/NO_HOPG/data/vaspdata.Ei.0.1.Ts.100.NO.rand.zpe/vasprun-17.xml
9,955,1,/Users/samuel/Desktop/postdoc_PhLAM/NO_HOPG/data/vaspdata.Ei.0.1.Ts.100.NO.rand.zpe/vasprun-17.xml
9,1040,1,/Users/samuel/Desktop/postdoc_PhLAM/NO_HOPG/data/vaspdata.Ei.0.1.Ts.100.NO.rand.zpe/vasprun-17.xml
10,396,1,/Users/samuel/Desktop/postdoc_PhLAM/NO_HOPG/data/vaspdata.Ei.0.1.Ts.100.NO.rand.zpe/vasprun-18.xml
10,503,1,/Users/samuel/Desktop/postdoc_PhLAM/NO_HOPG/data/vaspdata.Ei.0.1.Ts.100.NO.rand.zpe/vasprun-18.xml
10,553,1,/Users/samuel/Desktop/postdoc_PhLAM/NO_HOPG/data/vaspdata.Ei.0.1.Ts.100.NO.rand.zpe/vasprun-18.xml
10,608,1,/Users/samuel/Desktop/postdoc_PhLAM/NO_HOPG/data/vaspdata.Ei.0.1.Ts.100.NO.rand.zpe/vasprun-18.xml
10,609,1,/Users/samuel/Desktop/postdoc_PhLAM/NO_HOPG/data/vaspdata.Ei.0.1.Ts.100.NO.rand.zpe/vasprun-18.xml
10,650,1,/Users/samuel/Desktop/postdoc_PhLAM/NO_HOPG/data/vaspdata.Ei.0.1.Ts.100.NO.rand.zpe/vasprun-18.xml
10,705,1,/Users/samuel/Desktop/postdoc_PhLAM/NO_HOPG/data/vaspdata.Ei.0.1.Ts.100.NO.rand.zpe/vasprun-18.xml
10,750,1,/Users/samuel/Desktop/postdoc_PhLAM/NO_HOPG/data/vaspdata.Ei.0.1.Ts.100.NO.rand.zpe/vasprun-18.xml
10,880,1,/Users/samuel/Desktop/postdoc_PhLAM/NO_HOPG/data/vaspdata.Ei.0.1.Ts.100.NO.rand.zpe/vasprun-18.xml
10,1122,1,/Users/samuel/Desktop/postdoc_PhLAM/NO_HOPG/data/vaspdata.Ei.0.1.Ts.100.NO.rand.zpe/vasprun-18.xml
10,1148,1,/Users/samuel/Desktop/postdoc_PhLAM/NO_HOPG/data/vaspdata.Ei.0.1.Ts.100.NO.rand.zpe/vasprun-18.xml
11,341,1,/Users/samuel/Desktop/postdoc_PhLAM/NO_HOPG/data/vaspdata.Ei.0.1.Ts.100.NO.rand.zpe/vasprun-19.xml
11,495,1,/Users/samuel/Desktop/postdoc_PhLAM/NO_HOPG/data/vaspdata.Ei.0.1.Ts.100.NO.rand.zpe/vasprun-19.xml
11,510,1,/Users/samuel/Desktop/postdoc_PhLAM/NO_HOPG/data/vaspdata.Ei.0.1.Ts.100.NO.rand.zpe/vasprun-19.xml
11,592,1,/Users/samuel/Desktop/postdoc_PhLAM/NO_HOPG/data/vaspdata.Ei.0.1.Ts.100.NO.rand.zpe/vasprun-19.xml
12,129,1,/Users/samuel/Desktop/postdoc_PhLAM/NO_HOPG/data/vaspdata.Ei.0.1.Ts.100.NO.rand.zpe/vasprun-2.xml
12,403,1,/Users/samuel/Desktop/postdoc_PhLAM/NO_HOPG/data/vaspdata.Ei.0.1.Ts.100.NO.rand.zpe/vasprun-2.xml
12,427,1,/Users/samuel/Desktop/postdoc_PhLAM/NO_HOPG/data/vaspdata.Ei.0.1.Ts.100.NO.rand.zpe/vasprun-2.xml
12,431,1,/Users/samuel/Desktop/postdoc_PhLAM/NO_HOPG/data/vaspdata.Ei.0.1.Ts.100.NO.rand.zpe/vasprun-2.xml
12,462,1,/Users/samuel/Desktop/postdoc_PhLAM/NO_HOPG/data/vaspdata.Ei.0.1.Ts.100.NO.rand.zpe/vasprun-2.xml
12,632,1,/Users/samuel/Desktop/postdoc_PhLAM/NO_HOPG/data/vaspdata.Ei.0.1.Ts.100.NO.rand.zpe/vasprun-2.xml
12,992,1,/Users/samuel/Desktop/postdoc_PhLAM/NO_HOPG/data/vaspdata.Ei.0.1.Ts.100.NO.rand.zpe/vasprun-2.xml
12,1024,1,/Users/samuel/Desktop/postdoc_PhLAM/NO_HOPG/data/vaspdata.Ei.0.1.Ts.100.NO.rand.zpe/vasprun-2.xml
12,1079,1,/Users/samuel/Desktop/postdoc_PhLAM/NO_HOPG/data/vaspdata.Ei.0.1.Ts.100.NO.rand.zpe/vasprun-2.xml
12,1196,1,/Users/samuel/Desktop/postdoc_PhLAM/NO_HOPG/data/vaspdata.Ei.0.1.Ts.100.NO.rand.zpe/vasprun-2.xml
12,1232,1,/Users/samuel/Desktop/postdoc_PhLAM/NO_HOPG/data/vaspdata.Ei.0.1.Ts.100.NO.rand.zpe/vasprun-2.xml
13,280,1,/Users/samuel/Desktop/postdoc_PhLAM/NO_HOPG/data/vaspdata.Ei.0.1.Ts.100.NO.rand.zpe/vasprun-20.xml
13,358,1,/Users/samuel/Desktop/postdoc_PhLAM/NO_HOPG/data/vaspdata.Ei.0.1.Ts.100.NO.rand.zpe/vasprun-20.xml
13,454,1,/Users/samuel/Desktop/postdoc_PhLAM/NO_HOPG/data/vaspdata.Ei.0.1.Ts.100.NO.rand.zpe/vasprun-20.xml
13,474,1,/Users/samuel/Desktop/postdoc_PhLAM/NO_HOPG/data/vaspdata.Ei.0.1.Ts.100.NO.rand.zpe/vasprun-20.xml
13,554,1,/Users/samuel/Desktop/postdoc_PhLAM/NO_HOPG/data/vaspdata.Ei.0.1.Ts.100.NO.rand.zpe/vasprun-20.xml
13,876,1,/Users/samuel/Desktop/postdoc_PhLAM/NO_HOPG/data/vaspdata.Ei.0.1.Ts.100.NO.rand.zpe/vasprun-20.xml
13,888,1,/Users/samuel/Desktop/postdoc_PhLAM/NO_HOPG/data/vaspdata.Ei.0.1.Ts.100.NO.rand.zpe/vasprun-20.xml
13,907,1,/Users/samuel/Desktop/postdoc_PhLAM/NO_HOPG/data/vaspdata.Ei.0.1.Ts.100.NO.rand.zpe/vasprun-20.xml
13,1002,1,/Users/samuel/Desktop/postdoc_PhLAM/NO_HOPG/data/vaspdata.Ei.0.1.Ts.100.NO.rand.zpe/vasprun-20.xml
13,1105,1,/Users/samuel/Desktop/postdoc_PhLAM/NO_HOPG/data/vaspdata.Ei.0.1.Ts.100.NO.rand.zpe/vasprun-20.xml
13,1107,1,/Users/samuel/Desktop/postdoc_PhLAM/NO_HOPG/data/vaspdata.Ei.0.1.Ts.100.NO.rand.zpe/vasprun-20.xml
13,1160,1,/Users/samuel/Desktop/postdoc_PhLAM/NO_HOPG/data/vaspdata.Ei.0.1.Ts.100.NO.rand.zpe/vasprun-20.xml
13,1192,1,/Users/samuel/Desktop/postdoc_PhLAM/NO_HOPG/data/vaspdata.Ei.0.1.Ts.100.NO.rand.zpe/vasprun-20.xml
13,1211,1,/Users/samuel/Desktop/postdoc_PhLAM/NO_HOPG/data/vaspdata.Ei.0.1.Ts.100.NO.rand.zpe/vasprun-20.xml
14,233,1,/Users/samuel/Desktop/postdoc_PhLAM/NO_HOPG/data/vaspdata.Ei.0.1.Ts.100.NO.rand.zpe/vasprun-21.xml
14,304,1,/Users/samuel/Desktop/postdoc_PhLAM/NO_HOPG/data/vaspdata.Ei.0.1.Ts.100.NO.rand.zpe/vasprun-21.xml
14,377,1,/Users/samuel/Desktop/postdoc_PhLAM/NO_HOPG/data/vaspdata.Ei.0.1.Ts.100.NO.rand.zpe/vasprun-21.xml
14,495,1,/Users/samuel/Desktop/postdoc_PhLAM/NO_HOPG/data/vaspdata.Ei.0.1.Ts.100.NO.rand.zpe/vasprun-21.xml
14,544,1,/Users/samuel/Desktop/postdoc_PhLAM/NO_HOPG/data/vaspdata.Ei.0.1.Ts.100.NO.rand.zpe/vasprun-21.xml
14,565,1,/Users/samuel/Desktop/postdoc_PhLAM/NO_HOPG/data/vaspdata.Ei.0.1.Ts.100.NO.rand.zpe/vasprun-21.xml
14,658,1,/Users/samuel/Desktop/postdoc_PhLAM/NO_HOPG/data/vaspdata.Ei.0.1.Ts.100.NO.rand.zpe/vasprun-21.xml
14,741,1,/Users/samuel/Desktop/postdoc_PhLAM/NO_HOPG/data/vaspdata.Ei.0.1.Ts.100.NO.rand.zpe/vasprun-21.xml
14,776,1,/Users/samuel/Desktop/postdoc_PhLAM/NO_HOPG/data/vaspdata.Ei.0.1.Ts.100.NO.rand.zpe/vasprun-21.xml
14,868,1,/Users/samuel/Desktop/postdoc_PhLAM/NO_HOPG/data/vaspdata.Ei.0.1.Ts.100.NO.rand.zpe/vasprun-21.xml
14,1086,1,/Users/samuel/Desktop/postdoc_PhLAM/NO_HOPG/data/vaspdata.Ei.0.1.Ts.100.NO.rand.zpe/vasprun-21.xml
14,1094,1,/Users/samuel/Desktop/postdoc_PhLAM/NO_HOPG/data/vaspdata.Ei.0.1.Ts.100.NO.rand.zpe/vasprun-21.xml
15,464,1,/Users/samuel/Desktop/postdoc_PhLAM/NO_HOPG/data/vaspdata.Ei.0.1.Ts.100.NO.rand.zpe/vasprun-22.xml
15,532,1,/Users/samuel/Desktop/postdoc_PhLAM/NO_HOPG/data/vaspdata.Ei.0.1.Ts.100.NO.rand.zpe/vasprun-22.xml
15,545,1,/Users/samuel/Desktop/postdoc_PhLAM/NO_HOPG/data/vaspdata.Ei.0.1.Ts.100.NO.rand.zpe/vasprun-22.xml
15,557,1,/Users/samuel/Desktop/postdoc_PhLAM/NO_HOPG/data/vaspdata.Ei.0.1.Ts.100.NO.rand.zpe/vasprun-22.xml
15,564,1,/Users/samuel/Desktop/postdoc_PhLAM/NO_HOPG/data/vaspdata.Ei.0.1.Ts.100.NO.rand.zpe/vasprun-22.xml
15,569,1,/Users/samuel/Desktop/postdoc_PhLAM/NO_HOPG/data/vaspdata.Ei.0.1.Ts.100.NO.rand.zpe/vasprun-22.xml
15,600,1,/Users/samuel/Desktop/postdoc_PhLAM/NO_HOPG/data/vaspdata.Ei.0.1.Ts.100.NO.rand.zpe/vasprun-22.xml
15,673,1,/Users/samuel/Desktop/postdoc_PhLAM/NO_HOPG/data/vaspdata.Ei.0.1.Ts.100.NO.rand.zpe/vasprun-22.xml
15,741,1,/Users/samuel/Desktop/postdoc_PhLAM/NO_HOPG/data/vaspdata.Ei.0.1.Ts.100.NO.rand.zpe/vasprun-22.xml
15,751,1,/Users/samuel/Desktop/postdoc_PhLAM/NO_HOPG/data/vaspdata.Ei.0.1.Ts.100.NO.rand.zpe/vasprun-22.xml
15,761,1,/Users/samuel/Desktop/postdoc_PhLAM/NO_HOPG/data/vaspdata.Ei.0.1.Ts.100.NO.rand.zpe/vasprun-22.xml
15,774,1,/Users/samuel/Desktop/postdoc_PhLAM/NO_HOPG/data/vaspdata.Ei.0.1.Ts.100.NO.rand.zpe/vasprun-22.xml
15,892,1,/Users/samuel/Desktop/postdoc_PhLAM/NO_HOPG/data/vaspdata.Ei.0.1.Ts.100.NO.rand.zpe/vasprun-22.xml
15,976,1,/Users/samuel/Desktop/postdoc_PhLAM/NO_HOPG/data/vaspdata.Ei.0.1.Ts.100.NO.rand.zpe/vasprun-22.xml
15,1031,1,/Users/samuel/Desktop/postdoc_PhLAM/NO_HOPG/data/vaspdata.Ei.0.1.Ts.100.NO.rand.zpe/vasprun-22.xml
15,1130,1,/Users/samuel/Desktop/postdoc_PhLAM/NO_HOPG/data/vaspdata.Ei.0.1.Ts.100.NO.rand.zpe/vasprun-22.xml
15,1173,1,/Users/samuel/Desktop/postdoc_PhLAM/NO_HOPG/data/vaspdata.Ei.0.1.Ts.100.NO.rand.zpe/vasprun-22.xml
15,1204,1,/Users/samuel/Desktop/postdoc_PhLAM/NO_HOPG/data/vaspdata.Ei.0.1.Ts.100.NO.rand.zpe/vasprun-22.xml
15,1214,1,/Users/samuel/Desktop/postdoc_PhLAM/NO_HOPG/data/vaspdata.Ei.0.1.Ts.100.NO.rand.zpe/vasprun-22.xml
15,1242,1,/Users/samuel/Desktop/postdoc_PhLAM/NO_HOPG/data/vaspdata.Ei.0.1.Ts.100.NO.rand.zpe/vasprun-22.xml
16,314,1,/Users/samuel/Desktop/postdoc_PhLAM/NO_HOPG/data/vaspdata.Ei.0.1.Ts.100.NO.rand.zpe/vasprun-23.xml
16,378,1,/Users/samuel/Desktop/postdoc_PhLAM/NO_HOPG/data/vaspdata.Ei.0.1.Ts.100.NO.rand.zpe/vasprun-23.xml
16,449,1,/Users/samuel/Desktop/postdoc_PhLAM/NO_HOPG/data/vaspdata.Ei.0.1.Ts.100.NO.rand.zpe/vasprun-23.xml
16,467,1,/Users/samuel/Desktop/postdoc_PhLAM/NO_HOPG/data/vaspdata.Ei.0.1.Ts.100.NO.rand.zpe/vasprun-23.xml
16,480,1,/Users/samuel/Desktop/postdoc_PhLAM/NO_HOPG/data/vaspdata.Ei.0.1.Ts.100.NO.rand.zpe/vasprun-23.xml
16,527,1,/Users/samuel/Desktop/postdoc_PhLAM/NO_HOPG/data/vaspdata.Ei.0.1.Ts.100.NO.rand.zpe/vasprun-23.xml
16,536,1,/Users/samuel/Desktop/postdoc_PhLAM/NO_HOPG/data/vaspdata.Ei.0.1.Ts.100.NO.rand.zpe/vasprun-23.xml
16,627,1,/Users/samuel/Desktop/postdoc_PhLAM/NO_HOPG/data/vaspdata.Ei.0.1.Ts.100.NO.rand.zpe/vasprun-23.xml
16,639,1,/Users/samuel/Desktop/postdoc_PhLAM/NO_HOPG/data/vaspdata.Ei.0.1.Ts.100.NO.rand.zpe/vasprun-23.xml
16,645,1,/Users/samuel/Desktop/postdoc_PhLAM/NO_HOPG/data/vaspdata.Ei.0.1.Ts.100.NO.rand.zpe/vasprun-23.xml
16,750,1,/Users/samuel/Desktop/postdoc_PhLAM/NO_HOPG/data/vaspdata.Ei.0.1.Ts.100.NO.rand.zpe/vasprun-23.xml
16,841,1,/Users/samuel/Desktop/postdoc_PhLAM/NO_HOPG/data/vaspdata.Ei.0.1.Ts.100.NO.rand.zpe/vasprun-23.xml
16,892,1,/Users/samuel/Desktop/postdoc_PhLAM/NO_HOPG/data/vaspdata.Ei.0.1.Ts.100.NO.rand.zpe/vasprun-23.xml
16,1043,1,/Users/samuel/Desktop/postdoc_PhLAM/NO_HOPG/data/vaspdata.Ei.0.1.Ts.100.NO.rand.zpe/vasprun-23.xml
16,1044,1,/Users/samuel/Desktop/postdoc_PhLAM/NO_HOPG/data/vaspdata.Ei.0.1.Ts.100.NO.rand.zpe/vasprun-23.xml
16,1128,1,/Users/samuel/Desktop/postdoc_PhLAM/NO_HOPG/data/vaspdata.Ei.0.1.Ts.100.NO.rand.zpe/vasprun-23.xml
16,1221,1,/Users/samuel/Desktop/postdoc_PhLAM/NO_HOPG/data/vaspdata.Ei.0.1.Ts.100.NO.rand.zpe/vasprun-23.xml
17,463,1,/Users/samuel/Desktop/postdoc_PhLAM/NO_HOPG/data/vaspdata.Ei.0.1.Ts.100.NO.rand.zpe/vasprun-24.xml
17,503,1,/Users/samuel/Desktop/postdoc_PhLAM/NO_HOPG/data/vaspdata.Ei.0.1.Ts.100.NO.rand.zpe/vasprun-24.xml
17,544,1,/Users/samuel/Desktop/postdoc_PhLAM/NO_HOPG/data/vaspdata.Ei.0.1.Ts.100.NO.rand.zpe/vasprun-24.xml
17,1113,1,/Users/samuel/Desktop/postdoc_PhLAM/NO_HOPG/data/vaspdata.Ei.0.1.Ts.100.NO.rand.zpe/vasprun-24.xml
17,1122,1,/Users/samuel/Desktop/postdoc_PhLAM/NO_HOPG/data/vaspdata.Ei.0.1.Ts.100.NO.rand.zpe/vasprun-24.xml
17,1161,1,/Users/samuel/Desktop/postdoc_PhLAM/NO_HOPG/data/vaspdata.Ei.0.1.Ts.100.NO.rand.zpe/vasprun-24.xml
18,440,1,/Users/samuel/Desktop/postdoc_PhLAM/NO_HOPG/data/vaspdata.Ei.0.1.Ts.100.NO.rand.zpe/vasprun-25.xml
18,466,1,/Users/samuel/Desktop/postdoc_PhLAM/NO_HOPG/data/vaspdata.Ei.0.1.Ts.100.NO.rand.zpe/vasprun-25.xml
18,467,1,/Users/samuel/Desktop/postdoc_PhLAM/NO_HOPG/data/vaspdata.Ei.0.1.Ts.100.NO.rand.zpe/vasprun-25.xml
18,486,1,/Users/samuel/Desktop/postdoc_PhLAM/NO_HOPG/data/vaspdata.Ei.0.1.Ts.100.NO.rand.zpe/vasprun-25.xml
18,511,1,/Users/samuel/Desktop/postdoc_PhLAM/NO_HOPG/data/vaspdata.Ei.0.1.Ts.100.NO.rand.zpe/vasprun-25.xml
18,626,1,/Users/samuel/Desktop/postdoc_PhLAM/NO_HOPG/data/vaspdata.Ei.0.1.Ts.100.NO.rand.zpe/vasprun-25.xml
18,711,1,/Users/samuel/Desktop/postdoc_PhLAM/NO_HOPG/data/vaspdata.Ei.0.1.Ts.100.NO.rand.zpe/vasprun-25.xml
18,731,1,/Users/samuel/Desktop/postdoc_PhLAM/NO_HOPG/data/vaspdata.Ei.0.1.Ts.100.NO.rand.zpe/vasprun-25.xml
18,1009,1,/Users/samuel/Desktop/postdoc_PhLAM/NO_HOPG/data/vaspdata.Ei.0.1.Ts.100.NO.rand.zpe/vasprun-25.xml
18,1083,1,/Users/samuel/Desktop/postdoc_PhLAM/NO_HOPG/data/vaspdata.Ei.0.1.Ts.100.NO.rand.zpe/vasprun-25.xml
18,1101,1,/Users/samuel/Desktop/postdoc_PhLAM/NO_HOPG/data/vaspdata.Ei.0.1.Ts.100.NO.rand.zpe/vasprun-25.xml
18,1197,1,/Users/samuel/Desktop/postdoc_PhLAM/NO_HOPG/data/vaspdata.Ei.0.1.Ts.100.NO.rand.zpe/vasprun-25.xml
18,1219,1,/Users/samuel/Desktop/postdoc_PhLAM/NO_HOPG/data/vaspdata.Ei.0.1.Ts.100.NO.rand.zpe/vasprun-25.xml
19,184,1,/Users/samuel/Desktop/postdoc_PhLAM/NO_HOPG/data/vaspdata.Ei.0.1.Ts.100.NO.rand.zpe/vasprun-26.xml
19,280,1,/Users/samuel/Desktop/postdoc_PhLAM/NO_HOPG/data/vaspdata.Ei.0.1.Ts.100.NO.rand.zpe/vasprun-26.xml
19,398,1,/Users/samuel/Desktop/postdoc_PhLAM/NO_HOPG/data/vaspdata.Ei.0.1.Ts.100.NO.rand.zpe/vasprun-26.xml
19,504,1,/Users/samuel/Desktop/postdoc_PhLAM/NO_HOPG/data/vaspdata.Ei.0.1.Ts.100.NO.rand.zpe/vasprun-26.xml
19,590,1,/Users/samuel/Desktop/postdoc_PhLAM/NO_HOPG/data/vaspdata.Ei.0.1.Ts.100.NO.rand.zpe/vasprun-26.xml
19,630,1,/Users/samuel/Desktop/postdoc_PhLAM/NO_HOPG/data/vaspdata.Ei.0.1.Ts.100.NO.rand.zpe/vasprun-26.xml
20,26,1,/Users/samuel/Desktop/postdoc_PhLAM/NO_HOPG/data/vaspdata.Ei.0.1.Ts.100.NO.rand.zpe/vasprun-27.xml
20,223,1,/Users/samuel/Desktop/postdoc_PhLAM/NO_HOPG/data/vaspdata.Ei.0.1.Ts.100.NO.rand.zpe/vasprun-27.xml
20,392,1,/Users/samuel/Desktop/postdoc_PhLAM/NO_HOPG/data/vaspdata.Ei.0.1.Ts.100.NO.rand.zpe/vasprun-27.xml
20,501,1,/Users/samuel/Desktop/postdoc_PhLAM/NO_HOPG/data/vaspdata.Ei.0.1.Ts.100.NO.rand.zpe/vasprun-27.xml
20,682,1,/Users/samuel/Desktop/postdoc_PhLAM/NO_HOPG/data/vaspdata.Ei.0.1.Ts.100.NO.rand.zpe/vasprun-27.xml
20,719,1,/Users/samuel/Desktop/postdoc_PhLAM/NO_HOPG/data/vaspdata.Ei.0.1.Ts.100.NO.rand.zpe/vasprun-27.xml
20,771,1,/Users/samuel/Desktop/postdoc_PhLAM/NO_HOPG/data/vaspdata.Ei.0.1.Ts.100.NO.rand.zpe/vasprun-27.xml
20,817,1,/Users/samuel/Desktop/postdoc_PhLAM/NO_HOPG/data/vaspdata.Ei.0.1.Ts.100.NO.rand.zpe/vasprun-27.xml
20,1134,1,/Users/samuel/Desktop/postdoc_PhLAM/NO_HOPG/data/vaspdata.Ei.0.1.Ts.100.NO.rand.zpe/vasprun-27.xml
20,1151,1,/Users/samuel/Desktop/postdoc_PhLAM/NO_HOPG/data/vaspdata.Ei.0.1.Ts.100.NO.rand.zpe/vasprun-27.xml
21,501,1,/Users/samuel/Desktop/postdoc_PhLAM/NO_HOPG/data/vaspdata.Ei.0.1.Ts.100.NO.rand.zpe/vasprun-28.xml
21,510,1,/Users/samuel/Desktop/postdoc_PhLAM/NO_HOPG/data/vaspdata.Ei.0.1.Ts.100.NO.rand.zpe/vasprun-28.xml
21,540,1,/Users/samuel/Desktop/postdoc_PhLAM/NO_HOPG/data/vaspdata.Ei.0.1.Ts.100.NO.rand.zpe/vasprun-28.xml
21,664,1,/Users/samuel/Desktop/postdoc_PhLAM/NO_HOPG/data/vaspdata.Ei.0.1.Ts.100.NO.rand.zpe/vasprun-28.xml
21,916,1,/Users/samuel/Desktop/postdoc_PhLAM/NO_HOPG/data/vaspdata.Ei.0.1.Ts.100.NO.rand.zpe/vasprun-28.xml
21,992,1,/Users/samuel/Desktop/postdoc_PhLAM/NO_HOPG/data/vaspdata.Ei.0.1.Ts.100.NO.rand.zpe/vasprun-28.xml
22,103,1,/Users/samuel/Desktop/postdoc_PhLAM/NO_HOPG/data/vaspdata.Ei.0.1.Ts.100.NO.rand.zpe/vasprun-29.xml
22,390,1,/Users/samuel/Desktop/postdoc_PhLAM/NO_HOPG/data/vaspdata.Ei.0.1.Ts.100.NO.rand.zpe/vasprun-29.xml
22,452,1,/Users/samuel/Desktop/postdoc_PhLAM/NO_HOPG/data/vaspdata.Ei.0.1.Ts.100.NO.rand.zpe/vasprun-29.xml
22,457,1,/Users/samuel/Desktop/postdoc_PhLAM/NO_HOPG/data/vaspdata.Ei.0.1.Ts.100.NO.rand.zpe/vasprun-29.xml
22,481,1,/Users/samuel/Desktop/postdoc_PhLAM/NO_HOPG/data/vaspdata.Ei.0.1.Ts.100.NO.rand.zpe/vasprun-29.xml
22,562,1,/Users/samuel/Desktop/postdoc_PhLAM/NO_HOPG/data/vaspdata.Ei.0.1.Ts.100.NO.rand.zpe/vasprun-29.xml
22,567,1,/Users/samuel/Desktop/postdoc_PhLAM/NO_HOPG/data/vaspdata.Ei.0.1.Ts.100.NO.rand.zpe/vasprun-29.xml
22,611,1,/Users/samuel/Desktop/postdoc_PhLAM/NO_HOPG/data/vaspdata.Ei.0.1.Ts.100.NO.rand.zpe/vasprun-29.xml
22,631,1,/Users/samuel/Desktop/postdoc_PhLAM/NO_HOPG/data/vaspdata.Ei.0.1.Ts.100.NO.rand.zpe/vasprun-29.xml
22,856,1,/Users/samuel/Desktop/postdoc_PhLAM/NO_HOPG/data/vaspdata.Ei.0.1.Ts.100.NO.rand.zpe/vasprun-29.xml
22,862,1,/Users/samuel/Desktop/postdoc_PhLAM/NO_HOPG/data/vaspdata.Ei.0.1.Ts.100.NO.rand.zpe/vasprun-29.xml
22,971,1,/Users/samuel/Desktop/postdoc_PhLAM/NO_HOPG/data/vaspdata.Ei.0.1.Ts.100.NO.rand.zpe/vasprun-29.xml
22,1137,1,/Users/samuel/Desktop/postdoc_PhLAM/NO_HOPG/data/vaspdata.Ei.0.1.Ts.100.NO.rand.zpe/vasprun-29.xml
23,223,1,/Users/samuel/Desktop/postdoc_PhLAM/NO_HOPG/data/vaspdata.Ei.0.1.Ts.100.NO.rand.zpe/vasprun-3.xml
23,336,1,/Users/samuel/Desktop/postdoc_PhLAM/NO_HOPG/data/vaspdata.Ei.0.1.Ts.100.NO.rand.zpe/vasprun-3.xml
23,422,1,/Users/samuel/Desktop/postdoc_PhLAM/NO_HOPG/data/vaspdata.Ei.0.1.Ts.100.NO.rand.zpe/vasprun-3.xml
23,484,1,/Users/samuel/Desktop/postdoc_PhLAM/NO_HOPG/data/vaspdata.Ei.0.1.Ts.100.NO.rand.zpe/vasprun-3.xml
23,503,1,/Users/samuel/Desktop/postdoc_PhLAM/NO_HOPG/data/vaspdata.Ei.0.1.Ts.100.NO.rand.zpe/vasprun-3.xml
23,535,1,/Users/samuel/Desktop/postdoc_PhLAM/NO_HOPG/data/vaspdata.Ei.0.1.Ts.100.NO.rand.zpe/vasprun-3.xml
23,586,1,/Users/samuel/Desktop/postdoc_PhLAM/NO_HOPG/data/vaspdata.Ei.0.1.Ts.100.NO.rand.zpe/vasprun-3.xml
23,595,1,/Users/samuel/Desktop/postdoc_PhLAM/NO_HOPG/data/vaspdata.Ei.0.1.Ts.100.NO.rand.zpe/vasprun-3.xml
23,722,1,/Users/samuel/Desktop/postdoc_PhLAM/NO_HOPG/data/vaspdata.Ei.0.1.Ts.100.NO.rand.zpe/vasprun-3.xml
23,741,1,/Users/samuel/Desktop/postdoc_PhLAM/NO_HOPG/data/vaspdata.Ei.0.1.Ts.100.NO.rand.zpe/vasprun-3.xml
23,996,1,/Users/samuel/Desktop/postdoc_PhLAM/NO_HOPG/data/vaspdata.Ei.0.1.Ts.100.NO.rand.zpe/vasprun-3.xml
23,1199,1,/Users/samuel/Desktop/postdoc_PhLAM/NO_HOPG/data/vaspdata.Ei.0.1.Ts.100.NO.rand.zpe/vasprun-3.xml
24,231,1,/Users/samuel/Desktop/postdoc_PhLAM/NO_HOPG/data/vaspdata.Ei.0.1.Ts.100.NO.rand.zpe/vasprun-30.xml
24,433,1,/Users/samuel/Desktop/postdoc_PhLAM/NO_HOPG/data/vaspdata.Ei.0.1.Ts.100.NO.rand.zpe/vasprun-30.xml
24,453,1,/Users/samuel/Desktop/postdoc_PhLAM/NO_HOPG/data/vaspdata.Ei.0.1.Ts.100.NO.rand.zpe/vasprun-30.xml
24,473,1,/Users/samuel/Desktop/postdoc_PhLAM/NO_HOPG/data/vaspdata.Ei.0.1.Ts.100.NO.rand.zpe/vasprun-30.xml
24,504,1,/Users/samuel/Desktop/postdoc_PhLAM/NO_HOPG/data/vaspdata.Ei.0.1.Ts.100.NO.rand.zpe/vasprun-30.xml
24,526,1,/Users/samuel/Desktop/postdoc_PhLAM/NO_HOPG/data/vaspdata.Ei.0.1.Ts.100.NO.rand.zpe/vasprun-30.xml
24,623,1,/Users/samuel/Desktop/postdoc_PhLAM/NO_HOPG/data/vaspdata.Ei.0.1.Ts.100.NO.rand.zpe/vasprun-30.xml
24,640,1,/Users/samuel/Desktop/postdoc_PhLAM/NO_HOPG/data/vaspdata.Ei.0.1.Ts.100.NO.rand.zpe/vasprun-30.xml
24,765,1,/Users/samuel/Desktop/postdoc_PhLAM/NO_HOPG/data/vaspdata.Ei.0.1.Ts.100.NO.rand.zpe/vasprun-30.xml
24,1018,1,/Users/samuel/Desktop/postdoc_PhLAM/NO_HOPG/data/vaspdata.Ei.0.1.Ts.100.NO.rand.zpe/vasprun-30.xml
24,1037,1,/Users/samuel/Desktop/postdoc_PhLAM/NO_HOPG/data/vaspdata.Ei.0.1.Ts.100.NO.rand.zpe/vasprun-30.xml
24,1081,1,/Users/samuel/Desktop/postdoc_PhLAM/NO_HOPG/data/vaspdata.Ei.0.1.Ts.100.NO.rand.zpe/vasprun-30.xml
24,1126,1,/Users/samuel/Desktop/postdoc_PhLAM/NO_HOPG/data/vaspdata.Ei.0.1.Ts.100.NO.rand.zpe/vasprun-30.xml
24,1135,1,/Users/samuel/Desktop/postdoc_PhLAM/NO_HOPG/data/vaspdata.Ei.0.1.Ts.100.NO.rand.zpe/vasprun-30.xml
25,132,1,/Users/samuel/Desktop/postdoc_PhLAM/NO_HOPG/data/vaspdata.Ei.0.1.Ts.100.NO.rand.zpe/vasprun-31.xml
25,409,1,/Users/samuel/Desktop/postdoc_PhLAM/NO_HOPG/data/vaspdata.Ei.0.1.Ts.100.NO.rand.zpe/vasprun-31.xml
25,453,1,/Users/samuel/Desktop/postdoc_PhLAM/NO_HOPG/data/vaspdata.Ei.0.1.Ts.100.NO.rand.zpe/vasprun-31.xml
25,501,1,/Users/samuel/Desktop/postdoc_PhLAM/NO_HOPG/data/vaspdata.Ei.0.1.Ts.100.NO.rand.zpe/vasprun-31.xml
25,722,1,/Users/samuel/Desktop/postdoc_PhLAM/NO_HOPG/data/vaspdata.Ei.0.1.Ts.100.NO.rand.zpe/vasprun-31.xml
25,853,1,/Users/samuel/Desktop/postdoc_PhLAM/NO_HOPG/data/vaspdata.Ei.0.1.Ts.100.NO.rand.zpe/vasprun-31.xml
25,971,1,/Users/samuel/Desktop/postdoc_PhLAM/NO_HOPG/data/vaspdata.Ei.0.1.Ts.100.NO.rand.zpe/vasprun-31.xml
25,972,1,/Users/samuel/Desktop/postdoc_PhLAM/NO_HOPG/data/vaspdata.Ei.0.1.Ts.100.NO.rand.zpe/vasprun-31.xml
25,1164,1,/Users/samuel/Desktop/postdoc_PhLAM/NO_HOPG/data/vaspdata.Ei.0.1.Ts.100.NO.rand.zpe/vasprun-31.xml
26,12,1,/Users/samuel/Desktop/postdoc_PhLAM/NO_HOPG/data/vaspdata.Ei.0.1.Ts.100.NO.rand.zpe/vasprun-32.xml
26,481,1,/Users/samuel/Desktop/postdoc_PhLAM/NO_HOPG/data/vaspdata.Ei.0.1.Ts.100.NO.rand.zpe/vasprun-32.xml
26,488,1,/Users/samuel/Desktop/postdoc_PhLAM/NO_HOPG/data/vaspdata.Ei.0.1.Ts.100.NO.rand.zpe/vasprun-32.xml
26,518,1,/Users/samuel/Desktop/postdoc_PhLAM/NO_HOPG/data/vaspdata.Ei.0.1.Ts.100.NO.rand.zpe/vasprun-32.xml
26,520,1,/Users/samuel/Desktop/postdoc_PhLAM/NO_HOPG/data/vaspdata.Ei.0.1.Ts.100.NO.rand.zpe/vasprun-32.xml
26,595,1,/Users/samuel/Desktop/postdoc_PhLAM/NO_HOPG/data/vaspdata.Ei.0.1.Ts.100.NO.rand.zpe/vasprun-32.xml
26,601,1,/Users/samuel/Desktop/postdoc_PhLAM/NO_HOPG/data/vaspdata.Ei.0.1.Ts.100.NO.rand.zpe/vasprun-32.xml
26,838,1,/Users/samuel/Desktop/postdoc_PhLAM/NO_HOPG/data/vaspdata.Ei.0.1.Ts.100.NO.rand.zpe/vasprun-32.xml
26,886,1,/Users/samuel/Desktop/postdoc_PhLAM/NO_HOPG/data/vaspdata.Ei.0.1.Ts.100.NO.rand.zpe/vasprun-32.xml
26,961,1,/Users/samuel/Desktop/postdoc_PhLAM/NO_HOPG/data/vaspdata.Ei.0.1.Ts.100.NO.rand.zpe/vasprun-32.xml
27,13,1,/Users/samuel/Desktop/postdoc_PhLAM/NO_HOPG/data/vaspdata.Ei.0.1.Ts.100.NO.rand.zpe/vasprun-33.xml
27,473,1,/Users/samuel/Desktop/postdoc_PhLAM/NO_HOPG/data/vaspdata.Ei.0.1.Ts.100.NO.rand.zpe/vasprun-33.xml
27,530,1,/Users/samuel/Desktop/postdoc_PhLAM/NO_HOPG/data/vaspdata.Ei.0.1.Ts.100.NO.rand.zpe/vasprun-33.xml
27,585,1,/Users/samuel/Desktop/postdoc_PhLAM/NO_HOPG/data/vaspdata.Ei.0.1.Ts.100.NO.rand.zpe/vasprun-33.xml
27,649,1,/Users/samuel/Desktop/postdoc_PhLAM/NO_HOPG/data/vaspdata.Ei.0.1.Ts.100.NO.rand.zpe/vasprun-33.xml
27,1114,1,/Users/samuel/Desktop/postdoc_PhLAM/NO_HOPG/data/vaspdata.Ei.0.1.Ts.100.NO.rand.zpe/vasprun-33.xml
28,176,1,/Users/samuel/Desktop/postdoc_PhLAM/NO_HOPG/data/vaspdata.Ei.0.1.Ts.100.NO.rand.zpe/vasprun-34.xml
28,213,1,/Users/samuel/Desktop/postdoc_PhLAM/NO_HOPG/data/vaspdata.Ei.0.1.Ts.100.NO.rand.zpe/vasprun-34.xml
28,299,1,/Users/samuel/Desktop/postdoc_PhLAM/NO_HOPG/data/vaspdata.Ei.0.1.Ts.100.NO.rand.zpe/vasprun-34.xml
28,311,1,/Users/samuel/Desktop/postdoc_PhLAM/NO_HOPG/data/vaspdata.Ei.0.1.Ts.100.NO.rand.zpe/vasprun-34.xml
28,462,1,/Users/samuel/Desktop/postdoc_PhLAM/NO_HOPG/data/vaspdata.Ei.0.1.Ts.100.NO.rand.zpe/vasprun-34.xml
28,463,1,/Users/samuel/Desktop/postdoc_PhLAM/NO_HOPG/data/vaspdata.Ei.0.1.Ts.100.NO.rand.zpe/vasprun-34.xml
28,551,1,/Users/samuel/Desktop/postdoc_PhLAM/NO_HOPG/data/vaspdata.Ei.0.1.Ts.100.NO.rand.zpe/vasprun-34.xml
28,785,1,/Users/samuel/Desktop/postdoc_PhLAM/NO_HOPG/data/vaspdata.Ei.0.1.Ts.100.NO.rand.zpe/vasprun-34.xml
28,1019,1,/Users/samuel/Desktop/postdoc_PhLAM/NO_HOPG/data/vaspdata.Ei.0.1.Ts.100.NO.rand.zpe/vasprun-34.xml
28,1111,1,/Users/samuel/Desktop/postdoc_PhLAM/NO_HOPG/data/vaspdata.Ei.0.1.Ts.100.NO.rand.zpe/vasprun-34.xml
28,1143,1,/Users/samuel/Desktop/postdoc_PhLAM/NO_HOPG/data/vaspdata.Ei.0.1.Ts.100.NO.rand.zpe/vasprun-34.xml
28,1199,1,/Users/samuel/Desktop/postdoc_PhLAM/NO_HOPG/data/vaspdata.Ei.0.1.Ts.100.NO.rand.zpe/vasprun-34.xml
29,51,1,/Users/samuel/Desktop/postdoc_PhLAM/NO_HOPG/data/vaspdata.Ei.0.1.Ts.100.NO.rand.zpe/vasprun-35.xml
29,447,1,/Users/samuel/Desktop/postdoc_PhLAM/NO_HOPG/data/vaspdata.Ei.0.1.Ts.100.NO.rand.zpe/vasprun-35.xml
29,486,1,/Users/samuel/Desktop/postdoc_PhLAM/NO_HOPG/data/vaspdata.Ei.0.1.Ts.100.NO.rand.zpe/vasprun-35.xml
29,488,1,/Users/samuel/Desktop/postdoc_PhLAM/NO_HOPG/data/vaspdata.Ei.0.1.Ts.100.NO.rand.zpe/vasprun-35.xml
29,495,1,/Users/samuel/Desktop/postdoc_PhLAM/NO_HOPG/data/vaspdata.Ei.0.1.Ts.100.NO.rand.zpe/vasprun-35.xml
29,511,1,/Users/samuel/Desktop/postdoc_PhLAM/NO_HOPG/data/vaspdata.Ei.0.1.Ts.100.NO.rand.zpe/vasprun-35.xml
29,526,2,/Users/samuel/Desktop/postdoc_PhLAM/NO_HOPG/data/vaspdata.Ei.0.1.Ts.100.NO.rand.zpe/vasprun-35.xml
29,527,1,/Users/samuel/Desktop/postdoc_PhLAM/NO_HOPG/data/vaspdata.Ei.0.1.Ts.100.NO.rand.zpe/vasprun-35.xml
29,576,1,/Users/samuel/Desktop/postdoc_PhLAM/NO_HOPG/data/vaspdata.Ei.0.1.Ts.100.NO.rand.zpe/vasprun-35.xml
29,738,1,/Users/samuel/Desktop/postdoc_PhLAM/NO_HOPG/data/vaspdata.Ei.0.1.Ts.100.NO.rand.zpe/vasprun-35.xml
29,783,1,/Users/samuel/Desktop/postdoc_PhLAM/NO_HOPG/data/vaspdata.Ei.0.1.Ts.100.NO.rand.zpe/vasprun-35.xml
29,943,1,/Users/samuel/Desktop/postdoc_PhLAM/NO_HOPG/data/vaspdata.Ei.0.1.Ts.100.NO.rand.zpe/vasprun-35.xml
30,412,1,/Users/samuel/Desktop/postdoc_PhLAM/NO_HOPG/data/vaspdata.Ei.0.1.Ts.100.NO.rand.zpe/vasprun-36.xml
30,548,1,/Users/samuel/Desktop/postdoc_PhLAM/NO_HOPG/data/vaspdata.Ei.0.1.Ts.100.NO.rand.zpe/vasprun-36.xml
30,578,1,/Users/samuel/Desktop/postdoc_PhLAM/NO_HOPG/data/vaspdata.Ei.0.1.Ts.100.NO.rand.zpe/vasprun-36.xml
30,723,1,/Users/samuel/Desktop/postdoc_PhLAM/NO_HOPG/data/vaspdata.Ei.0.1.Ts.100.NO.rand.zpe/vasprun-36.xml
30,725,1,/Users/samuel/Desktop/postdoc_PhLAM/NO_HOPG/data/vaspdata.Ei.0.1.Ts.100.NO.rand.zpe/vasprun-36.xml
30,741,1,/Users/samuel/Desktop/postdoc_PhLAM/NO_HOPG/data/vaspdata.Ei.0.1.Ts.100.NO.rand.zpe/vasprun-36.xml
30,1145,1,/Users/samuel/Desktop/postdoc_PhLAM/NO_HOPG/data/vaspdata.Ei.0.1.Ts.100.NO.rand.zpe/vasprun-36.xml
31,213,1,/Users/samuel/Desktop/postdoc_PhLAM/NO_HOPG/data/vaspdata.Ei.0.1.Ts.100.NO.rand.zpe/vasprun-37.xml
31,379,1,/Users/samuel/Desktop/postdoc_PhLAM/NO_HOPG/data/vaspdata.Ei.0.1.Ts.100.NO.rand.zpe/vasprun-37.xml
31,395,1,/Users/samuel/Desktop/postdoc_PhLAM/NO_HOPG/data/vaspdata.Ei.0.1.Ts.100.NO.rand.zpe/vasprun-37.xml
31,402,1,/Users/samuel/Desktop/postdoc_PhLAM/NO_HOPG/data/vaspdata.Ei.0.1.Ts.100.NO.rand.zpe/vasprun-37.xml
31,443,1,/Users/samuel/Desktop/postdoc_PhLAM/NO_HOPG/data/vaspdata.Ei.0.1.Ts.100.NO.rand.zpe/vasprun-37.xml
31,531,1,/Users/samuel/Desktop/postdoc_PhLAM/NO_HOPG/data/vaspdata.Ei.0.1.Ts.100.NO.rand.zpe/vasprun-37.xml
31,540,1,/Users/samuel/Desktop/postdoc_PhLAM/NO_HOPG/data/vaspdata.Ei.0.1.Ts.100.NO.rand.zpe/vasprun-37.xml
31,599,1,/Users/samuel/Desktop/postdoc_PhLAM/NO_HOPG/data/vaspdata.Ei.0.1.Ts.100.NO.rand.zpe/vasprun-37.xml
31,768,1,/Users/samuel/Desktop/postdoc_PhLAM/NO_HOPG/data/vaspdata.Ei.0.1.Ts.100.NO.rand.zpe/vasprun-37.xml
31,787,1,/Users/samuel/Desktop/postdoc_PhLAM/NO_HOPG/data/vaspdata.Ei.0.1.Ts.100.NO.rand.zpe/vasprun-37.xml
31,789,1,/Users/samuel/Desktop/postdoc_PhLAM/NO_HOPG/data/vaspdata.Ei.0.1.Ts.100.NO.rand.zpe/vasprun-37.xml
31,917,1,/Users/samuel/Desktop/postdoc_PhLAM/NO_HOPG/data/vaspdata.Ei.0.1.Ts.100.NO.rand.zpe/vasprun-37.xml
31,1119,1,/Users/samuel/Desktop/postdoc_PhLAM/NO_HOPG/data/vaspdata.Ei.0.1.Ts.100.NO.rand.zpe/vasprun-37.xml
31,1135,1,/Users/samuel/Desktop/postdoc_PhLAM/NO_HOPG/data/vaspdata.Ei.0.1.Ts.100.NO.rand.zpe/vasprun-37.xml
32,226,1,/Users/samuel/Desktop/postdoc_PhLAM/NO_HOPG/data/vaspdata.Ei.0.1.Ts.100.NO.rand.zpe/vasprun-38.xml
32,251,1,/Users/samuel/Desktop/postdoc_PhLAM/NO_HOPG/data/vaspdata.Ei.0.1.Ts.100.NO.rand.zpe/vasprun-38.xml
32,352,1,/Users/samuel/Desktop/postdoc_PhLAM/NO_HOPG/data/vaspdata.Ei.0.1.Ts.100.NO.rand.zpe/vasprun-38.xml
32,447,1,/Users/samuel/Desktop/postdoc_PhLAM/NO_HOPG/data/vaspdata.Ei.0.1.Ts.100.NO.rand.zpe/vasprun-38.xml
32,521,1,/Users/samuel/Desktop/postdoc_PhLAM/NO_HOPG/data/vaspdata.Ei.0.1.Ts.100.NO.rand.zpe/vasprun-38.xml
32,545,1,/Users/samuel/Desktop/postdoc_PhLAM/NO_HOPG/data/vaspdata.Ei.0.1.Ts.100.NO.rand.zpe/vasprun-38.xml
32,704,1,/Users/samuel/Desktop/postdoc_PhLAM/NO_HOPG/data/vaspdata.Ei.0.1.Ts.100.NO.rand.zpe/vasprun-38.xml
32,891,1,/Users/samuel/Desktop/postdoc_PhLAM/NO_HOPG/data/vaspdata.Ei.0.1.Ts.100.NO.rand.zpe/vasprun-38.xml
32,1170,1,/Users/samuel/Desktop/postdoc_PhLAM/NO_HOPG/data/vaspdata.Ei.0.1.Ts.100.NO.rand.zpe/vasprun-38.xml
33,493,1,/Users/samuel/Desktop/postdoc_PhLAM/NO_HOPG/data/vaspdata.Ei.0.1.Ts.100.NO.rand.zpe/vasprun-39.xml
33,691,1,/Users/samuel/Desktop/postdoc_PhLAM/NO_HOPG/data/vaspdata.Ei.0.1.Ts.100.NO.rand.zpe/vasprun-39.xml
33,709,1,/Users/samuel/Desktop/postdoc_PhLAM/NO_HOPG/data/vaspdata.Ei.0.1.Ts.100.NO.rand.zpe/vasprun-39.xml
33,800,1,/Users/samuel/Desktop/postdoc_PhLAM/NO_HOPG/data/vaspdata.Ei.0.1.Ts.100.NO.rand.zpe/vasprun-39.xml
33,976,1,/Users/samuel/Desktop/postdoc_PhLAM/NO_HOPG/data/vaspdata.Ei.0.1.Ts.100.NO.rand.zpe/vasprun-39.xml
33,1051,1,/Users/samuel/Desktop/postdoc_PhLAM/NO_HOPG/data/vaspdata.Ei.0.1.Ts.100.NO.rand.zpe/vasprun-39.xml
34,219,1,/Users/samuel/Desktop/postdoc_PhLAM/NO_HOPG/data/vaspdata.Ei.0.1.Ts.100.NO.rand.zpe/vasprun-4.xml
34,263,1,/Users/samuel/Desktop/postdoc_PhLAM/NO_HOPG/data/vaspdata.Ei.0.1.Ts.100.NO.rand.zpe/vasprun-4.xml
34,427,1,/Users/samuel/Desktop/postdoc_PhLAM/NO_HOPG/data/vaspdata.Ei.0.1.Ts.100.NO.rand.zpe/vasprun-4.xml
34,525,1,/Users/samuel/Desktop/postdoc_PhLAM/NO_HOPG/data/vaspdata.Ei.0.1.Ts.100.NO.rand.zpe/vasprun-4.xml
34,555,1,/Users/samuel/Desktop/postdoc_PhLAM/NO_HOPG/data/vaspdata.Ei.0.1.Ts.100.NO.rand.zpe/vasprun-4.xml
34,581,1,/Users/samuel/Desktop/postdoc_PhLAM/NO_HOPG/data/vaspdata.Ei.0.1.Ts.100.NO.rand.zpe/vasprun-4.xml
34,582,1,/Users/samuel/Desktop/postdoc_PhLAM/NO_HOPG/data/vaspdata.Ei.0.1.Ts.100.NO.rand.zpe/vasprun-4.xml
34,608,1,/Users/samuel/Desktop/postdoc_PhLAM/NO_HOPG/data/vaspdata.Ei.0.1.Ts.100.NO.rand.zpe/vasprun-4.xml
34,904,1,/Users/samuel/Desktop/postdoc_PhLAM/NO_HOPG/data/vaspdata.Ei.0.1.Ts.100.NO.rand.zpe/vasprun-4.xml
34,944,1,/Users/samuel/Desktop/postdoc_PhLAM/NO_HOPG/data/vaspdata.Ei.0.1.Ts.100.NO.rand.zpe/vasprun-4.xml
34,993,1,/Users/samuel/Desktop/postdoc_PhLAM/NO_HOPG/data/vaspdata.Ei.0.1.Ts.100.NO.rand.zpe/vasprun-4.xml
34,1096,1,/Users/samuel/Desktop/postdoc_PhLAM/NO_HOPG/data/vaspdata.Ei.0.1.Ts.100.NO.rand.zpe/vasprun-4.xml
34,1208,1,/Users/samuel/Desktop/postdoc_PhLAM/NO_HOPG/data/vaspdata.Ei.0.1.Ts.100.NO.rand.zpe/vasprun-4.xml
35,93,1,/Users/samuel/Desktop/postdoc_PhLAM/NO_HOPG/data/vaspdata.Ei.0.1.Ts.100.NO.rand.zpe/vasprun-40.xml
35,250,1,/Users/samuel/Desktop/postdoc_PhLAM/NO_HOPG/data/vaspdata.Ei.0.1.Ts.100.NO.rand.zpe/vasprun-40.xml
35,488,1,/Users/samuel/Desktop/postdoc_PhLAM/NO_HOPG/data/vaspdata.Ei.0.1.Ts.100.NO.rand.zpe/vasprun-40.xml
35,503,1,/Users/samuel/Desktop/postdoc_PhLAM/NO_HOPG/data/vaspdata.Ei.0.1.Ts.100.NO.rand.zpe/vasprun-40.xml
35,510,1,/Users/samuel/Desktop/postdoc_PhLAM/NO_HOPG/data/vaspdata.Ei.0.1.Ts.100.NO.rand.zpe/vasprun-40.xml
35,538,1,/Users/samuel/Desktop/postdoc_PhLAM/NO_HOPG/data/vaspdata.Ei.0.1.Ts.100.NO.rand.zpe/vasprun-40.xml
35,559,1,/Users/samuel/Desktop/postdoc_PhLAM/NO_HOPG/data/vaspdata.Ei.0.1.Ts.100.NO.rand.zpe/vasprun-40.xml
35,584,1,/Users/samuel/Desktop/postdoc_PhLAM/NO_HOPG/data/vaspdata.Ei.0.1.Ts.100.NO.rand.zpe/vasprun-40.xml
35,762,1,/Users/samuel/Desktop/postdoc_PhLAM/NO_HOPG/data/vaspdata.Ei.0.1.Ts.100.NO.rand.zpe/vasprun-40.xml
35,1134,1,/Users/samuel/Desktop/postdoc_PhLAM/NO_HOPG/data/vaspdata.Ei.0.1.Ts.100.NO.rand.zpe/vasprun-40.xml
36,253,1,/Users/samuel/Desktop/postdoc_PhLAM/NO_HOPG/data/vaspdata.Ei.0.1.Ts.100.NO.rand.zpe/vasprun-41.xml
36,310,1,/Users/samuel/Desktop/postdoc_PhLAM/NO_HOPG/data/vaspdata.Ei.0.1.Ts.100.NO.rand.zpe/vasprun-41.xml
36,436,1,/Users/samuel/Desktop/postdoc_PhLAM/NO_HOPG/data/vaspdata.Ei.0.1.Ts.100.NO.rand.zpe/vasprun-41.xml
36,438,1,/Users/samuel/Desktop/postdoc_PhLAM/NO_HOPG/data/vaspdata.Ei.0.1.Ts.100.NO.rand.zpe/vasprun-41.xml
36,509,1,/Users/samuel/Desktop/postdoc_PhLAM/NO_HOPG/data/vaspdata.Ei.0.1.Ts.100.NO.rand.zpe/vasprun-41.xml
36,515,1,/Users/samuel/Desktop/postdoc_PhLAM/NO_HOPG/data/vaspdata.Ei.0.1.Ts.100.NO.rand.zpe/vasprun-41.xml
36,521,1,/Users/samuel/Desktop/postdoc_PhLAM/NO_HOPG/data/vaspdata.Ei.0.1.Ts.100.NO.rand.zpe/vasprun-41.xml
36,546,1,/Users/samuel/Desktop/postdoc_PhLAM/NO_HOPG/data/vaspdata.Ei.0.1.Ts.100.NO.rand.zpe/vasprun-41.xml
36,559,1,/Users/samuel/Desktop/postdoc_PhLAM/NO_HOPG/data/vaspdata.Ei.0.1.Ts.100.NO.rand.zpe/vasprun-41.xml
36,712,1,/Users/samuel/Desktop/postdoc_PhLAM/NO_HOPG/data/vaspdata.Ei.0.1.Ts.100.NO.rand.zpe/vasprun-41.xml
36,767,1,/Users/samuel/Desktop/postdoc_PhLAM/NO_HOPG/data/vaspdata.Ei.0.1.Ts.100.NO.rand.zpe/vasprun-41.xml
36,1012,1,/Users/samuel/Desktop/postdoc_PhLAM/NO_HOPG/data/vaspdata.Ei.0.1.Ts.100.NO.rand.zpe/vasprun-41.xml
36,1060,1,/Users/samuel/Desktop/postdoc_PhLAM/NO_HOPG/data/vaspdata.Ei.0.1.Ts.100.NO.rand.zpe/vasprun-41.xml
37,367,2,/Users/samuel/Desktop/postdoc_PhLAM/NO_HOPG/data/vaspdata.Ei.0.1.Ts.100.NO.rand.zpe/vasprun-42.xml
37,454,1,/Users/samuel/Desktop/postdoc_PhLAM/NO_HOPG/data/vaspdata.Ei.0.1.Ts.100.NO.rand.zpe/vasprun-42.xml
37,460,1,/Users/samuel/Desktop/postdoc_PhLAM/NO_HOPG/data/vaspdata.Ei.0.1.Ts.100.NO.rand.zpe/vasprun-42.xml
37,490,1,/Users/samuel/Desktop/postdoc_PhLAM/NO_HOPG/data/vaspdata.Ei.0.1.Ts.100.NO.rand.zpe/vasprun-42.xml
37,506,1,/Users/samuel/Desktop/postdoc_PhLAM/NO_HOPG/data/vaspdata.Ei.0.1.Ts.100.NO.rand.zpe/vasprun-42.xml
37,515,1,/Users/samuel/Desktop/postdoc_PhLAM/NO_HOPG/data/vaspdata.Ei.0.1.Ts.100.NO.rand.zpe/vasprun-42.xml
37,570,1,/Users/samuel/Desktop/postdoc_PhLAM/NO_HOPG/data/vaspdata.Ei.0.1.Ts.100.NO.rand.zpe/vasprun-42.xml
37,1125,1,/Users/samuel/Desktop/postdoc_PhLAM/NO_HOPG/data/vaspdata.Ei.0.1.Ts.100.NO.rand.zpe/vasprun-42.xml
38,449,1,/Users/samuel/Desktop/postdoc_PhLAM/NO_HOPG/data/vaspdata.Ei.0.1.Ts.100.NO.rand.zpe/vasprun-43.xml
38,485,1,/Users/samuel/Desktop/postdoc_PhLAM/NO_HOPG/data/vaspdata.Ei.0.1.Ts.100.NO.rand.zpe/vasprun-43.xml
38,489,1,/Users/samuel/Desktop/postdoc_PhLAM/NO_HOPG/data/vaspdata.Ei.0.1.Ts.100.NO.rand.zpe/vasprun-43.xml
38,503,1,/Users/samuel/Desktop/postdoc_PhLAM/NO_HOPG/data/vaspdata.Ei.0.1.Ts.100.NO.rand.zpe/vasprun-43.xml
38,509,1,/Users/samuel/Desktop/postdoc_PhLAM/NO_HOPG/data/vaspdata.Ei.0.1.Ts.100.NO.rand.zpe/vasprun-43.xml
38,513,1,/Users/samuel/Desktop/postdoc_PhLAM/NO_HOPG/data/vaspdata.Ei.0.1.Ts.100.NO.rand.zpe/vasprun-43.xml
38,522,1,/Users/samuel/Desktop/postdoc_PhLAM/NO_HOPG/data/vaspdata.Ei.0.1.Ts.100.NO.rand.zpe/vasprun-43.xml
38,527,1,/Users/samuel/Desktop/postdoc_PhLAM/NO_HOPG/data/vaspdata.Ei.0.1.Ts.100.NO.rand.zpe/vasprun-43.xml
38,532,1,/Users/samuel/Desktop/postdoc_PhLAM/NO_HOPG/data/vaspdata.Ei.0.1.Ts.100.NO.rand.zpe/vasprun-43.xml
38,570,1,/Users/samuel/Desktop/postdoc_PhLAM/NO_HOPG/data/vaspdata.Ei.0.1.Ts.100.NO.rand.zpe/vasprun-43.xml
38,630,1,/Users/samuel/Desktop/postdoc_PhLAM/NO_HOPG/data/vaspdata.Ei.0.1.Ts.100.NO.rand.zpe/vasprun-43.xml
38,752,1,/Users/samuel/Desktop/postdoc_PhLAM/NO_HOPG/data/vaspdata.Ei.0.1.Ts.100.NO.rand.zpe/vasprun-43.xml
38,1058,1,/Users/samuel/Desktop/postdoc_PhLAM/NO_HOPG/data/vaspdata.Ei.0.1.Ts.100.NO.rand.zpe/vasprun-43.xml
39,389,1,/Users/samuel/Desktop/postdoc_PhLAM/NO_HOPG/data/vaspdata.Ei.0.1.Ts.100.NO.rand.zpe/vasprun-44.xml
39,419,1,/Users/samuel/Desktop/postdoc_PhLAM/NO_HOPG/data/vaspdata.Ei.0.1.Ts.100.NO.rand.zpe/vasprun-44.xml
39,498,1,/Users/samuel/Desktop/postdoc_PhLAM/NO_HOPG/data/vaspdata.Ei.0.1.Ts.100.NO.rand.zpe/vasprun-44.xml
39,699,1,/Users/samuel/Desktop/postdoc_PhLAM/NO_HOPG/data/vaspdata.Ei.0.1.Ts.100.NO.rand.zpe/vasprun-44.xml
39,727,1,/Users/samuel/Desktop/postdoc_PhLAM/NO_HOPG/data/vaspdata.Ei.0.1.Ts.100.NO.rand.zpe/vasprun-44.xml
39,913,1,/Users/samuel/Desktop/postdoc_PhLAM/NO_HOPG/data/vaspdata.Ei.0.1.Ts.100.NO.rand.zpe/vasprun-44.xml
39,1066,1,/Users/samuel/Desktop/postdoc_PhLAM/NO_HOPG/data/vaspdata.Ei.0.1.Ts.100.NO.rand.zpe/vasprun-44.xml
39,1077,1,/Users/samuel/Desktop/postdoc_PhLAM/NO_HOPG/data/vaspdata.Ei.0.1.Ts.100.NO.rand.zpe/vasprun-44.xml
39,1119,1,/Users/samuel/Desktop/postdoc_PhLAM/NO_HOPG/data/vaspdata.Ei.0.1.Ts.100.NO.rand.zpe/vasprun-44.xml
39,1122,1,/Users/samuel/Desktop/postdoc_PhLAM/NO_HOPG/data/vaspdata.Ei.0.1.Ts.100.NO.rand.zpe/vasprun-44.xml
39,1139,1,/Users/samuel/Desktop/postdoc_PhLAM/NO_HOPG/data/vaspdata.Ei.0.1.Ts.100.NO.rand.zpe/vasprun-44.xml
39,1141,1,/Users/samuel/Desktop/postdoc_PhLAM/NO_HOPG/data/vaspdata.Ei.0.1.Ts.100.NO.rand.zpe/vasprun-44.xml
40,241,1,/Users/samuel/Desktop/postdoc_PhLAM/NO_HOPG/data/vaspdata.Ei.0.1.Ts.100.NO.rand.zpe/vasprun-45.xml
40,499,2,/Users/samuel/Desktop/postdoc_PhLAM/NO_HOPG/data/vaspdata.Ei.0.1.Ts.100.NO.rand.zpe/vasprun-45.xml
40,570,1,/Users/samuel/Desktop/postdoc_PhLAM/NO_HOPG/data/vaspdata.Ei.0.1.Ts.100.NO.rand.zpe/vasprun-45.xml
40,590,1,/Users/samuel/Desktop/postdoc_PhLAM/NO_HOPG/data/vaspdata.Ei.0.1.Ts.100.NO.rand.zpe/vasprun-45.xml
40,621,1,/Users/samuel/Desktop/postdoc_PhLAM/NO_HOPG/data/vaspdata.Ei.0.1.Ts.100.NO.rand.zpe/vasprun-45.xml
40,812,1,/Users/samuel/Desktop/postdoc_PhLAM/NO_HOPG/data/vaspdata.Ei.0.1.Ts.100.NO.rand.zpe/vasprun-45.xml
40,911,1,/Users/samuel/Desktop/postdoc_PhLAM/NO_HOPG/data/vaspdata.Ei.0.1.Ts.100.NO.rand.zpe/vasprun-45.xml
40,1062,1,/Users/samuel/Desktop/postdoc_PhLAM/NO_HOPG/data/vaspdata.Ei.0.1.Ts.100.NO.rand.zpe/vasprun-45.xml
40,1068,1,/Users/samuel/Desktop/postdoc_PhLAM/NO_HOPG/data/vaspdata.Ei.0.1.Ts.100.NO.rand.zpe/vasprun-45.xml
41,58,1,/Users/samuel/Desktop/postdoc_PhLAM/NO_HOPG/data/vaspdata.Ei.0.1.Ts.100.NO.rand.zpe/vasprun-46.xml
41,98,1,/Users/samuel/Desktop/postdoc_PhLAM/NO_HOPG/data/vaspdata.Ei.0.1.Ts.100.NO.rand.zpe/vasprun-46.xml
41,522,1,/Users/samuel/Desktop/postdoc_PhLAM/NO_HOPG/data/vaspdata.Ei.0.1.Ts.100.NO.rand.zpe/vasprun-46.xml
41,1145,1,/Users/samuel/Desktop/postdoc_PhLAM/NO_HOPG/data/vaspdata.Ei.0.1.Ts.100.NO.rand.zpe/vasprun-46.xml
42,444,1,/Users/samuel/Desktop/postdoc_PhLAM/NO_HOPG/data/vaspdata.Ei.0.1.Ts.100.NO.rand.zpe/vasprun-47.xml
42,477,1,/Users/samuel/Desktop/postdoc_PhLAM/NO_HOPG/data/vaspdata.Ei.0.1.Ts.100.NO.rand.zpe/vasprun-47.xml
42,480,1,/Users/samuel/Desktop/postdoc_PhLAM/NO_HOPG/data/vaspdata.Ei.0.1.Ts.100.NO.rand.zpe/vasprun-47.xml
42,482,1,/Users/samuel/Desktop/postdoc_PhLAM/NO_HOPG/data/vaspdata.Ei.0.1.Ts.100.NO.rand.zpe/vasprun-47.xml
42,485,1,/Users/samuel/Desktop/postdoc_PhLAM/NO_HOPG/data/vaspdata.Ei.0.1.Ts.100.NO.rand.zpe/vasprun-47.xml
42,492,1,/Users/samuel/Desktop/postdoc_PhLAM/NO_HOPG/data/vaspdata.Ei.0.1.Ts.100.NO.rand.zpe/vasprun-47.xml
42,493,1,/Users/samuel/Desktop/postdoc_PhLAM/NO_HOPG/data/vaspdata.Ei.0.1.Ts.100.NO.rand.zpe/vasprun-47.xml
43,127,1,/Users/samuel/Desktop/postdoc_PhLAM/NO_HOPG/data/vaspdata.Ei.0.1.Ts.100.NO.rand.zpe/vasprun-48.xml
43,297,1,/Users/samuel/Desktop/postdoc_PhLAM/NO_HOPG/data/vaspdata.Ei.0.1.Ts.100.NO.rand.zpe/vasprun-48.xml
43,801,1,/Users/samuel/Desktop/postdoc_PhLAM/NO_HOPG/data/vaspdata.Ei.0.1.Ts.100.NO.rand.zpe/vasprun-48.xml
43,1004,1,/Users/samuel/Desktop/postdoc_PhLAM/NO_HOPG/data/vaspdata.Ei.0.1.Ts.100.NO.rand.zpe/vasprun-48.xml
43,1054,1,/Users/samuel/Desktop/postdoc_PhLAM/NO_HOPG/data/vaspdata.Ei.0.1.Ts.100.NO.rand.zpe/vasprun-48.xml
43,1074,1,/Users/samuel/Desktop/postdoc_PhLAM/NO_HOPG/data/vaspdata.Ei.0.1.Ts.100.NO.rand.zpe/vasprun-48.xml
44,296,1,/Users/samuel/Desktop/postdoc_PhLAM/NO_HOPG/data/vaspdata.Ei.0.1.Ts.100.NO.rand.zpe/vasprun-49.xml
44,305,1,/Users/samuel/Desktop/postdoc_PhLAM/NO_HOPG/data/vaspdata.Ei.0.1.Ts.100.NO.rand.zpe/vasprun-49.xml
44,312,1,/Users/samuel/Desktop/postdoc_PhLAM/NO_HOPG/data/vaspdata.Ei.0.1.Ts.100.NO.rand.zpe/vasprun-49.xml
44,325,1,/Users/samuel/Desktop/postdoc_PhLAM/NO_HOPG/data/vaspdata.Ei.0.1.Ts.100.NO.rand.zpe/vasprun-49.xml
44,373,1,/Users/samuel/Desktop/postdoc_PhLAM/NO_HOPG/data/vaspdata.Ei.0.1.Ts.100.NO.rand.zpe/vasprun-49.xml
44,412,1,/Users/samuel/Desktop/postdoc_PhLAM/NO_HOPG/data/vaspdata.Ei.0.1.Ts.100.NO.rand.zpe/vasprun-49.xml
44,455,1,/Users/samuel/Desktop/postdoc_PhLAM/NO_HOPG/data/vaspdata.Ei.0.1.Ts.100.NO.rand.zpe/vasprun-49.xml
44,457,1,/Users/samuel/Desktop/postdoc_PhLAM/NO_HOPG/data/vaspdata.Ei.0.1.Ts.100.NO.rand.zpe/vasprun-49.xml
44,481,1,/Users/samuel/Desktop/postdoc_PhLAM/NO_HOPG/data/vaspdata.Ei.0.1.Ts.100.NO.rand.zpe/vasprun-49.xml
44,679,1,/Users/samuel/Desktop/postdoc_PhLAM/NO_HOPG/data/vaspdata.Ei.0.1.Ts.100.NO.rand.zpe/vasprun-49.xml
44,960,1,/Users/samuel/Desktop/postdoc_PhLAM/NO_HOPG/data/vaspdata.Ei.0.1.Ts.100.NO.rand.zpe/vasprun-49.xml
44,982,1,/Users/samuel/Desktop/postdoc_PhLAM/NO_HOPG/data/vaspdata.Ei.0.1.Ts.100.NO.rand.zpe/vasprun-49.xml
45,424,1,/Users/samuel/Desktop/postdoc_PhLAM/NO_HOPG/data/vaspdata.Ei.0.1.Ts.100.NO.rand.zpe/vasprun-5.xml
45,599,1,/Users/samuel/Desktop/postdoc_PhLAM/NO_HOPG/data/vaspdata.Ei.0.1.Ts.100.NO.rand.zpe/vasprun-5.xml
45,673,1,/Users/samuel/Desktop/postdoc_PhLAM/NO_HOPG/data/vaspdata.Ei.0.1.Ts.100.NO.rand.zpe/vasprun-5.xml
45,701,1,/Users/samuel/Desktop/postdoc_PhLAM/NO_HOPG/data/vaspdata.Ei.0.1.Ts.100.NO.rand.zpe/vasprun-5.xml
45,1071,1,/Users/samuel/Desktop/postdoc_PhLAM/NO_HOPG/data/vaspdata.Ei.0.1.Ts.100.NO.rand.zpe/vasprun-5.xml
45,1100,1,/Users/samuel/Desktop/postdoc_PhLAM/NO_HOPG/data/vaspdata.Ei.0.1.Ts.100.NO.rand.zpe/vasprun-5.xml
45,1127,1,/Users/samuel/Desktop/postdoc_PhLAM/NO_HOPG/data/vaspdata.Ei.0.1.Ts.100.NO.rand.zpe/vasprun-5.xml
45,1228,1,/Users/samuel/Desktop/postdoc_PhLAM/NO_HOPG/data/vaspdata.Ei.0.1.Ts.100.NO.rand.zpe/vasprun-5.xml
46,172,1,/Users/samuel/Desktop/postdoc_PhLAM/NO_HOPG/data/vaspdata.Ei.0.1.Ts.100.NO.rand.zpe/vasprun-50.xml
46,229,1,/Users/samuel/Desktop/postdoc_PhLAM/NO_HOPG/data/vaspdata.Ei.0.1.Ts.100.NO.rand.zpe/vasprun-50.xml
46,296,1,/Users/samuel/Desktop/postdoc_PhLAM/NO_HOPG/data/vaspdata.Ei.0.1.Ts.100.NO.rand.zpe/vasprun-50.xml
46,467,1,/Users/samuel/Desktop/postdoc_PhLAM/NO_HOPG/data/vaspdata.Ei.0.1.Ts.100.NO.rand.zpe/vasprun-50.xml
46,494,1,/Users/samuel/Desktop/postdoc_PhLAM/NO_HOPG/data/vaspdata.Ei.0.1.Ts.100.NO.rand.zpe/vasprun-50.xml
46,533,1,/Users/samuel/Desktop/postdoc_PhLAM/NO_HOPG/data/vaspdata.Ei.0.1.Ts.100.NO.rand.zpe/vasprun-50.xml
46,542,1,/Users/samuel/Desktop/postdoc_PhLAM/NO_HOPG/data/vaspdata.Ei.0.1.Ts.100.NO.rand.zpe/vasprun-50.xml
46,630,1,/Users/samuel/Desktop/postdoc_PhLAM/NO_HOPG/data/vaspdata.Ei.0.1.Ts.100.NO.rand.zpe/vasprun-50.xml
46,692,1,/Users/samuel/Desktop/postdoc_PhLAM/NO_HOPG/data/vaspdata.Ei.0.1.Ts.100.NO.rand.zpe/vasprun-50.xml
46,700,1,/Users/samuel/Desktop/postdoc_PhLAM/NO_HOPG/data/vaspdata.Ei.0.1.Ts.100.NO.rand.zpe/vasprun-50.xml
46,860,1,/Users/samuel/Desktop/postdoc_PhLAM/NO_HOPG/data/vaspdata.Ei.0.1.Ts.100.NO.rand.zpe/vasprun-50.xml
46,1052,1,/Users/samuel/Desktop/postdoc_PhLAM/NO_HOPG/data/vaspdata.Ei.0.1.Ts.100.NO.rand.zpe/vasprun-50.xml
46,1064,1,/Users/samuel/Desktop/postdoc_PhLAM/NO_HOPG/data/vaspdata.Ei.0.1.Ts.100.NO.rand.zpe/vasprun-50.xml
46,1102,1,/Users/samuel/Desktop/postdoc_PhLAM/NO_HOPG/data/vaspdata.Ei.0.1.Ts.100.NO.rand.zpe/vasprun-50.xml
46,1107,1,/Users/samuel/Desktop/postdoc_PhLAM/NO_HOPG/data/vaspdata.Ei.0.1.Ts.100.NO.rand.zpe/vasprun-50.xml
46,1112,1,/Users/samuel/Desktop/postdoc_PhLAM/NO_HOPG/data/vaspdata.Ei.0.1.Ts.100.NO.rand.zpe/vasprun-50.xml
46,1172,1,/Users/samuel/Desktop/postdoc_PhLAM/NO_HOPG/data/vaspdata.Ei.0.1.Ts.100.NO.rand.zpe/vasprun-50.xml
47,5,1,/Users/samuel/Desktop/postdoc_PhLAM/NO_HOPG/data/vaspdata.Ei.0.1.Ts.100.NO.rand.zpe/vasprun-51.xml
47,104,1,/Users/samuel/Desktop/postdoc_PhLAM/NO_HOPG/data/vaspdata.Ei.0.1.Ts.100.NO.rand.zpe/vasprun-51.xml
47,112,1,/Users/samuel/Desktop/postdoc_PhLAM/NO_HOPG/data/vaspdata.Ei.0.1.Ts.100.NO.rand.zpe/vasprun-51.xml
47,485,1,/Users/samuel/Desktop/postdoc_PhLAM/NO_HOPG/data/vaspdata.Ei.0.1.Ts.100.NO.rand.zpe/vasprun-51.xml
47,519,1,/Users/samuel/Desktop/postdoc_PhLAM/NO_HOPG/data/vaspdata.Ei.0.1.Ts.100.NO.rand.zpe/vasprun-51.xml
47,546,1,/Users/samuel/Desktop/postdoc_PhLAM/NO_HOPG/data/vaspdata.Ei.0.1.Ts.100.NO.rand.zpe/vasprun-51.xml
47,563,1,/Users/samuel/Desktop/postdoc_PhLAM/NO_HOPG/data/vaspdata.Ei.0.1.Ts.100.NO.rand.zpe/vasprun-51.xml
47,594,1,/Users/samuel/Desktop/postdoc_PhLAM/NO_HOPG/data/vaspdata.Ei.0.1.Ts.100.NO.rand.zpe/vasprun-51.xml
47,622,1,/Users/samuel/Desktop/postdoc_PhLAM/NO_HOPG/data/vaspdata.Ei.0.1.Ts.100.NO.rand.zpe/vasprun-51.xml
47,635,1,/Users/samuel/Desktop/postdoc_PhLAM/NO_HOPG/data/vaspdata.Ei.0.1.Ts.100.NO.rand.zpe/vasprun-51.xml
47,691,1,/Users/samuel/Desktop/postdoc_PhLAM/NO_HOPG/data/vaspdata.Ei.0.1.Ts.100.NO.rand.zpe/vasprun-51.xml
47,701,1,/Users/samuel/Desktop/postdoc_PhLAM/NO_HOPG/data/vaspdata.Ei.0.1.Ts.100.NO.rand.zpe/vasprun-51.xml
47,737,1,/Users/samuel/Desktop/postdoc_PhLAM/NO_HOPG/data/vaspdata.Ei.0.1.Ts.100.NO.rand.zpe/vasprun-51.xml
47,1059,1,/Users/samuel/Desktop/postdoc_PhLAM/NO_HOPG/data/vaspdata.Ei.0.1.Ts.100.NO.rand.zpe/vasprun-51.xml
47,1087,1,/Users/samuel/Desktop/postdoc_PhLAM/NO_HOPG/data/vaspdata.Ei.0.1.Ts.100.NO.rand.zpe/vasprun-51.xml
47,1110,1,/Users/samuel/Desktop/postdoc_PhLAM/NO_HOPG/data/vaspdata.Ei.0.1.Ts.100.NO.rand.zpe/vasprun-51.xml
48,96,1,/Users/samuel/Desktop/postdoc_PhLAM/NO_HOPG/data/vaspdata.Ei.0.1.Ts.100.NO.rand.zpe/vasprun-52.xml
48,437,1,/Users/samuel/Desktop/postdoc_PhLAM/NO_HOPG/data/vaspdata.Ei.0.1.Ts.100.NO.rand.zpe/vasprun-52.xml
48,479,1,/Users/samuel/Desktop/postdoc_PhLAM/NO_HOPG/data/vaspdata.Ei.0.1.Ts.100.NO.rand.zpe/vasprun-52.xml
48,504,1,/Users/samuel/Desktop/postdoc_PhLAM/NO_HOPG/data/vaspdata.Ei.0.1.Ts.100.NO.rand.zpe/vasprun-52.xml
48,619,1,/Users/samuel/Desktop/postdoc_PhLAM/NO_HOPG/data/vaspdata.Ei.0.1.Ts.100.NO.rand.zpe/vasprun-52.xml
48,733,1,/Users/samuel/Desktop/postdoc_PhLAM/NO_HOPG/data/vaspdata.Ei.0.1.Ts.100.NO.rand.zpe/vasprun-52.xml
48,745,1,/Users/samuel/Desktop/postdoc_PhLAM/NO_HOPG/data/vaspdata.Ei.0.1.Ts.100.NO.rand.zpe/vasprun-52.xml
48,1079,1,/Users/samuel/Desktop/postdoc_PhLAM/NO_HOPG/data/vaspdata.Ei.0.1.Ts.100.NO.rand.zpe/vasprun-52.xml
48,1168,1,/Users/samuel/Desktop/postdoc_PhLAM/NO_HOPG/data/vaspdata.Ei.0.1.Ts.100.NO.rand.zpe/vasprun-52.xml
48,1186,1,/Users/samuel/Desktop/postdoc_PhLAM/NO_HOPG/data/vaspdata.Ei.0.1.Ts.100.NO.rand.zpe/vasprun-52.xml
49,18,1,/Users/samuel/Desktop/postdoc_PhLAM/NO_HOPG/data/vaspdata.Ei.0.1.Ts.100.NO.rand.zpe/vasprun-53.xml
49,213,1,/Users/samuel/Desktop/postdoc_PhLAM/NO_HOPG/data/vaspdata.Ei.0.1.Ts.100.NO.rand.zpe/vasprun-53.xml
49,216,1,/Users/samuel/Desktop/postdoc_PhLAM/NO_HOPG/data/vaspdata.Ei.0.1.Ts.100.NO.rand.zpe/vasprun-53.xml
49,386,1,/Users/samuel/Desktop/postdoc_PhLAM/NO_HOPG/data/vaspdata.Ei.0.1.Ts.100.NO.rand.zpe/vasprun-53.xml
49,464,1,/Users/samuel/Desktop/postdoc_PhLAM/NO_HOPG/data/vaspdata.Ei.0.1.Ts.100.NO.rand.zpe/vasprun-53.xml
49,488,1,/Users/samuel/Desktop/postdoc_PhLAM/NO_HOPG/data/vaspdata.Ei.0.1.Ts.100.NO.rand.zpe/vasprun-53.xml
49,499,1,/Users/samuel/Desktop/postdoc_PhLAM/NO_HOPG/data/vaspdata.Ei.0.1.Ts.100.NO.rand.zpe/vasprun-53.xml
49,507,1,/Users/samuel/Desktop/postdoc_PhLAM/NO_HOPG/data/vaspdata.Ei.0.1.Ts.100.NO.rand.zpe/vasprun-53.xml
49,527,1,/Users/samuel/Desktop/postdoc_PhLAM/NO_HOPG/data/vaspdata.Ei.0.1.Ts.100.NO.rand.zpe/vasprun-53.xml
49,532,1,/Users/samuel/Desktop/postdoc_PhLAM/NO_HOPG/data/vaspdata.Ei.0.1.Ts.100.NO.rand.zpe/vasprun-53.xml
49,535,1,/Users/samuel/Desktop/postdoc_PhLAM/NO_HOPG/data/vaspdata.Ei.0.1.Ts.100.NO.rand.zpe/vasprun-53.xml
49,569,1,/Users/samuel/Desktop/postdoc_PhLAM/NO_HOPG/data/vaspdata.Ei.0.1.Ts.100.NO.rand.zpe/vasprun-53.xml
49,687,1,/Users/samuel/Desktop/postdoc_PhLAM/NO_HOPG/data/vaspdata.Ei.0.1.Ts.100.NO.rand.zpe/vasprun-53.xml
49,790,1,/Users/samuel/Desktop/postdoc_PhLAM/NO_HOPG/data/vaspdata.Ei.0.1.Ts.100.NO.rand.zpe/vasprun-53.xml
49,931,1,/Users/samuel/Desktop/postdoc_PhLAM/NO_HOPG/data/vaspdata.Ei.0.1.Ts.100.NO.rand.zpe/vasprun-53.xml
49,1022,1,/Users/samuel/Desktop/postdoc_PhLAM/NO_HOPG/data/vaspdata.Ei.0.1.Ts.100.NO.rand.zpe/vasprun-53.xml
49,1051,1,/Users/samuel/Desktop/postdoc_PhLAM/NO_HOPG/data/vaspdata.Ei.0.1.Ts.100.NO.rand.zpe/vasprun-53.xml
49,1099,1,/Users/samuel/Desktop/postdoc_PhLAM/NO_HOPG/data/vaspdata.Ei.0.1.Ts.100.NO.rand.zpe/vasprun-53.xml
49,1129,1,/Users/samuel/Desktop/postdoc_PhLAM/NO_HOPG/data/vaspdata.Ei.0.1.Ts.100.NO.rand.zpe/vasprun-53.xml
49,1156,1,/Users/samuel/Desktop/postdoc_PhLAM/NO_HOPG/data/vaspdata.Ei.0.1.Ts.100.NO.rand.zpe/vasprun-53.xml
49,1188,1,/Users/samuel/Desktop/postdoc_PhLAM/NO_HOPG/data/vaspdata.Ei.0.1.Ts.100.NO.rand.zpe/vasprun-53.xml
49,1190,1,/Users/samuel/Desktop/postdoc_PhLAM/NO_HOPG/data/vaspdata.Ei.0.1.Ts.100.NO.rand.zpe/vasprun-53.xml
50,269,1,/Users/samuel/Desktop/postdoc_PhLAM/NO_HOPG/data/vaspdata.Ei.0.1.Ts.100.NO.rand.zpe/vasprun-54.xml
50,488,1,/Users/samuel/Desktop/postdoc_PhLAM/NO_HOPG/data/vaspdata.Ei.0.1.Ts.100.NO.rand.zpe/vasprun-54.xml
50,499,1,/Users/samuel/Desktop/postdoc_PhLAM/NO_HOPG/data/vaspdata.Ei.0.1.Ts.100.NO.rand.zpe/vasprun-54.xml
50,584,1,/Users/samuel/Desktop/postdoc_PhLAM/NO_HOPG/data/vaspdata.Ei.0.1.Ts.100.NO.rand.zpe/vasprun-54.xml
50,686,1,/Users/samuel/Desktop/postdoc_PhLAM/NO_HOPG/data/vaspdata.Ei.0.1.Ts.100.NO.rand.zpe/vasprun-54.xml
50,707,1,/Users/samuel/Desktop/postdoc_PhLAM/NO_HOPG/data/vaspdata.Ei.0.1.Ts.100.NO.rand.zpe/vasprun-54.xml
50,919,1,/Users/samuel/Desktop/postdoc_PhLAM/NO_HOPG/data/vaspdata.Ei.0.1.Ts.100.NO.rand.zpe/vasprun-54.xml
50,926,1,/Users/samuel/Desktop/postdoc_PhLAM/NO_HOPG/data/vaspdata.Ei.0.1.Ts.100.NO.rand.zpe/vasprun-54.xml
51,529,1,/Users/samuel/Desktop/postdoc_PhLAM/NO_HOPG/data/vaspdata.Ei.0.1.Ts.100.NO.rand.zpe/vasprun-55.xml
51,558,1,/Users/samuel/Desktop/postdoc_PhLAM/NO_HOPG/data/vaspdata.Ei.0.1.Ts.100.NO.rand.zpe/vasprun-55.xml
51,634,1,/Users/samuel/Desktop/postdoc_PhLAM/NO_HOPG/data/vaspdata.Ei.0.1.Ts.100.NO.rand.zpe/vasprun-55.xml
51,713,1,/Users/samuel/Desktop/postdoc_PhLAM/NO_HOPG/data/vaspdata.Ei.0.1.Ts.100.NO.rand.zpe/vasprun-55.xml
51,886,1,/Users/samuel/Desktop/postdoc_PhLAM/NO_HOPG/data/vaspdata.Ei.0.1.Ts.100.NO.rand.zpe/vasprun-55.xml
51,1058,1,/Users/samuel/Desktop/postdoc_PhLAM/NO_HOPG/data/vaspdata.Ei.0.1.Ts.100.NO.rand.zpe/vasprun-55.xml
51,1186,1,/Users/samuel/Desktop/postdoc_PhLAM/NO_HOPG/data/vaspdata.Ei.0.1.Ts.100.NO.rand.zpe/vasprun-55.xml
51,1212,1,/Users/samuel/Desktop/postdoc_PhLAM/NO_HOPG/data/vaspdata.Ei.0.1.Ts.100.NO.rand.zpe/vasprun-55.xml
52,26,1,/Users/samuel/Desktop/postdoc_PhLAM/NO_HOPG/data/vaspdata.Ei.0.1.Ts.100.NO.rand.zpe/vasprun-56.xml
52,208,1,/Users/samuel/Desktop/postdoc_PhLAM/NO_HOPG/data/vaspdata.Ei.0.1.Ts.100.NO.rand.zpe/vasprun-56.xml
52,314,1,/Users/samuel/Desktop/postdoc_PhLAM/NO_HOPG/data/vaspdata.Ei.0.1.Ts.100.NO.rand.zpe/vasprun-56.xml
52,482,1,/Users/samuel/Desktop/postdoc_PhLAM/NO_HOPG/data/vaspdata.Ei.0.1.Ts.100.NO.rand.zpe/vasprun-56.xml
52,495,1,/Users/samuel/Desktop/postdoc_PhLAM/NO_HOPG/data/vaspdata.Ei.0.1.Ts.100.NO.rand.zpe/vasprun-56.xml
52,523,1,/Users/samuel/Desktop/postdoc_PhLAM/NO_HOPG/data/vaspdata.Ei.0.1.Ts.100.NO.rand.zpe/vasprun-56.xml
52,546,1,/Users/samuel/Desktop/postdoc_PhLAM/NO_HOPG/data/vaspdata.Ei.0.1.Ts.100.NO.rand.zpe/vasprun-56.xml
52,602,1,/Users/samuel/Desktop/postdoc_PhLAM/NO_HOPG/data/vaspdata.Ei.0.1.Ts.100.NO.rand.zpe/vasprun-56.xml
52,691,1,/Users/samuel/Desktop/postdoc_PhLAM/NO_HOPG/data/vaspdata.Ei.0.1.Ts.100.NO.rand.zpe/vasprun-56.xml
52,862,1,/Users/samuel/Desktop/postdoc_PhLAM/NO_HOPG/data/vaspdata.Ei.0.1.Ts.100.NO.rand.zpe/vasprun-56.xml
52,958,1,/Users/samuel/Desktop/postdoc_PhLAM/NO_HOPG/data/vaspdata.Ei.0.1.Ts.100.NO.rand.zpe/vasprun-56.xml
53,223,1,/Users/samuel/Desktop/postdoc_PhLAM/NO_HOPG/data/vaspdata.Ei.0.1.Ts.100.NO.rand.zpe/vasprun-57.xml
53,317,1,/Users/samuel/Desktop/postdoc_PhLAM/NO_HOPG/data/vaspdata.Ei.0.1.Ts.100.NO.rand.zpe/vasprun-57.xml
53,427,1,/Users/samuel/Desktop/postdoc_PhLAM/NO_HOPG/data/vaspdata.Ei.0.1.Ts.100.NO.rand.zpe/vasprun-57.xml
53,527,1,/Users/samuel/Desktop/postdoc_PhLAM/NO_HOPG/data/vaspdata.Ei.0.1.Ts.100.NO.rand.zpe/vasprun-57.xml
53,718,1,/Users/samuel/Desktop/postdoc_PhLAM/NO_HOPG/data/vaspdata.Ei.0.1.Ts.100.NO.rand.zpe/vasprun-57.xml
53,753,1,/Users/samuel/Desktop/postdoc_PhLAM/NO_HOPG/data/vaspdata.Ei.0.1.Ts.100.NO.rand.zpe/vasprun-57.xml
53,825,1,/Users/samuel/Desktop/postdoc_PhLAM/NO_HOPG/data/vaspdata.Ei.0.1.Ts.100.NO.rand.zpe/vasprun-57.xml
53,878,1,/Users/samuel/Desktop/postdoc_PhLAM/NO_HOPG/data/vaspdata.Ei.0.1.Ts.100.NO.rand.zpe/vasprun-57.xml
53,1069,1,/Users/samuel/Desktop/postdoc_PhLAM/NO_HOPG/data/vaspdata.Ei.0.1.Ts.100.NO.rand.zpe/vasprun-57.xml
53,1080,1,/Users/samuel/Desktop/postdoc_PhLAM/NO_HOPG/data/vaspdata.Ei.0.1.Ts.100.NO.rand.zpe/vasprun-57.xml
53,1084,1,/Users/samuel/Desktop/postdoc_PhLAM/NO_HOPG/data/vaspdata.Ei.0.1.Ts.100.NO.rand.zpe/vasprun-57.xml
53,1134,1,/Users/samuel/Desktop/postdoc_PhLAM/NO_HOPG/data/vaspdata.Ei.0.1.Ts.100.NO.rand.zpe/vasprun-57.xml
54,79,1,/Users/samuel/Desktop/postdoc_PhLAM/NO_HOPG/data/vaspdata.Ei.0.1.Ts.100.NO.rand.zpe/vasprun-58.xml
54,236,1,/Users/samuel/Desktop/postdoc_PhLAM/NO_HOPG/data/vaspdata.Ei.0.1.Ts.100.NO.rand.zpe/vasprun-58.xml
54,411,1,/Users/samuel/Desktop/postdoc_PhLAM/NO_HOPG/data/vaspdata.Ei.0.1.Ts.100.NO.rand.zpe/vasprun-58.xml
54,429,1,/Users/samuel/Desktop/postdoc_PhLAM/NO_HOPG/data/vaspdata.Ei.0.1.Ts.100.NO.rand.zpe/vasprun-58.xml
54,441,1,/Users/samuel/Desktop/postdoc_PhLAM/NO_HOPG/data/vaspdata.Ei.0.1.Ts.100.NO.rand.zpe/vasprun-58.xml
54,545,1,/Users/samuel/Desktop/postdoc_PhLAM/NO_HOPG/data/vaspdata.Ei.0.1.Ts.100.NO.rand.zpe/vasprun-58.xml
54,593,1,/Users/samuel/Desktop/postdoc_PhLAM/NO_HOPG/data/vaspdata.Ei.0.1.Ts.100.NO.rand.zpe/vasprun-58.xml
54,982,1,/Users/samuel/Desktop/postdoc_PhLAM/NO_HOPG/data/vaspdata.Ei.0.1.Ts.100.NO.rand.zpe/vasprun-58.xml
54,1137,1,/Users/samuel/Desktop/postdoc_PhLAM/NO_HOPG/data/vaspdata.Ei.0.1.Ts.100.NO.rand.zpe/vasprun-58.xml
54,1140,1,/Users/samuel/Desktop/postdoc_PhLAM/NO_HOPG/data/vaspdata.Ei.0.1.Ts.100.NO.rand.zpe/vasprun-58.xml
55,71,1,/Users/samuel/Desktop/postdoc_PhLAM/NO_HOPG/data/vaspdata.Ei.0.1.Ts.100.NO.rand.zpe/vasprun-59.xml
55,144,1,/Users/samuel/Desktop/postdoc_PhLAM/NO_HOPG/data/vaspdata.Ei.0.1.Ts.100.NO.rand.zpe/vasprun-59.xml
55,479,1,/Users/samuel/Desktop/postdoc_PhLAM/NO_HOPG/data/vaspdata.Ei.0.1.Ts.100.NO.rand.zpe/vasprun-59.xml
55,484,1,/Users/samuel/Desktop/postdoc_PhLAM/NO_HOPG/data/vaspdata.Ei.0.1.Ts.100.NO.rand.zpe/vasprun-59.xml
55,493,1,/Users/samuel/Desktop/postdoc_PhLAM/NO_HOPG/data/vaspdata.Ei.0.1.Ts.100.NO.rand.zpe/vasprun-59.xml
55,565,1,/Users/samuel/Desktop/postdoc_PhLAM/NO_HOPG/data/vaspdata.Ei.0.1.Ts.100.NO.rand.zpe/vasprun-59.xml
55,744,1,/Users/samuel/Desktop/postdoc_PhLAM/NO_HOPG/data/vaspdata.Ei.0.1.Ts.100.NO.rand.zpe/vasprun-59.xml
55,895,1,/Users/samuel/Desktop/postdoc_PhLAM/NO_HOPG/data/vaspdata.Ei.0.1.Ts.100.NO.rand.zpe/vasprun-59.xml
55,915,1,/Users/samuel/Desktop/postdoc_PhLAM/NO_HOPG/data/vaspdata.Ei.0.1.Ts.100.NO.rand.zpe/vasprun-59.xml
56,79,1,/Users/samuel/Desktop/postdoc_PhLAM/NO_HOPG/data/vaspdata.Ei.0.1.Ts.100.NO.rand.zpe/vasprun-6.xml
56,157,1,/Users/samuel/Desktop/postdoc_PhLAM/NO_HOPG/data/vaspdata.Ei.0.1.Ts.100.NO.rand.zpe/vasprun-6.xml
56,298,1,/Users/samuel/Desktop/postdoc_PhLAM/NO_HOPG/data/vaspdata.Ei.0.1.Ts.100.NO.rand.zpe/vasprun-6.xml
56,394,1,/Users/samuel/Desktop/postdoc_PhLAM/NO_HOPG/data/vaspdata.Ei.0.1.Ts.100.NO.rand.zpe/vasprun-6.xml
56,435,1,/Users/samuel/Desktop/postdoc_PhLAM/NO_HOPG/data/vaspdata.Ei.0.1.Ts.100.NO.rand.zpe/vasprun-6.xml
56,476,1,/Users/samuel/Desktop/postdoc_PhLAM/NO_HOPG/data/vaspdata.Ei.0.1.Ts.100.NO.rand.zpe/vasprun-6.xml
56,508,1,/Users/samuel/Desktop/postdoc_PhLAM/NO_HOPG/data/vaspdata.Ei.0.1.Ts.100.NO.rand.zpe/vasprun-6.xml
56,511,1,/Users/samuel/Desktop/postdoc_PhLAM/NO_HOPG/data/vaspdata.Ei.0.1.Ts.100.NO.rand.zpe/vasprun-6.xml
56,624,1,/Users/samuel/Desktop/postdoc_PhLAM/NO_HOPG/data/vaspdata.Ei.0.1.Ts.100.NO.rand.zpe/vasprun-6.xml
56,1036,1,/Users/samuel/Desktop/postdoc_PhLAM/NO_HOPG/data/vaspdata.Ei.0.1.Ts.100.NO.rand.zpe/vasprun-6.xml
56,1139,1,/Users/samuel/Desktop/postdoc_PhLAM/NO_HOPG/data/vaspdata.Ei.0.1.Ts.100.NO.rand.zpe/vasprun-6.xml
57,474,1,/Users/samuel/Desktop/postdoc_PhLAM/NO_HOPG/data/vaspdata.Ei.0.1.Ts.100.NO.rand.zpe/vasprun-60.xml
57,484,1,/Users/samuel/Desktop/postdoc_PhLAM/NO_HOPG/data/vaspdata.Ei.0.1.Ts.100.NO.rand.zpe/vasprun-60.xml
57,517,1,/Users/samuel/Desktop/postdoc_PhLAM/NO_HOPG/data/vaspdata.Ei.0.1.Ts.100.NO.rand.zpe/vasprun-60.xml
57,543,1,/Users/samuel/Desktop/postdoc_PhLAM/NO_HOPG/data/vaspdata.Ei.0.1.Ts.100.NO.rand.zpe/vasprun-60.xml
57,621,1,/Users/samuel/Desktop/postdoc_PhLAM/NO_HOPG/data/vaspdata.Ei.0.1.Ts.100.NO.rand.zpe/vasprun-60.xml
57,1041,1,/Users/samuel/Desktop/postdoc_PhLAM/NO_HOPG/data/vaspdata.Ei.0.1.Ts.100.NO.rand.zpe/vasprun-60.xml
57,1141,1,/Users/samuel/Desktop/postdoc_PhLAM/NO_HOPG/data/vaspdata.Ei.0.1.Ts.100.NO.rand.zpe/vasprun-60.xml
57,1153,1,/Users/samuel/Desktop/postdoc_PhLAM/NO_HOPG/data/vaspdata.Ei.0.1.Ts.100.NO.rand.zpe/vasprun-60.xml
57,1175,1,/Users/samuel/Desktop/postdoc_PhLAM/NO_HOPG/data/vaspdata.Ei.0.1.Ts.100.NO.rand.zpe/vasprun-60.xml
57,1179,1,/Users/samuel/Desktop/postdoc_PhLAM/NO_HOPG/data/vaspdata.Ei.0.1.Ts.100.NO.rand.zpe/vasprun-60.xml
58,202,1,/Users/samuel/Desktop/postdoc_PhLAM/NO_HOPG/data/vaspdata.Ei.0.1.Ts.100.NO.rand.zpe/vasprun-61.xml
58,459,1,/Users/samuel/Desktop/postdoc_PhLAM/NO_HOPG/data/vaspdata.Ei.0.1.Ts.100.NO.rand.zpe/vasprun-61.xml
58,576,1,/Users/samuel/Desktop/postdoc_PhLAM/NO_HOPG/data/vaspdata.Ei.0.1.Ts.100.NO.rand.zpe/vasprun-61.xml
58,655,1,/Users/samuel/Desktop/postdoc_PhLAM/NO_HOPG/data/vaspdata.Ei.0.1.Ts.100.NO.rand.zpe/vasprun-61.xml
58,838,1,/Users/samuel/Desktop/postdoc_PhLAM/NO_HOPG/data/vaspdata.Ei.0.1.Ts.100.NO.rand.zpe/vasprun-61.xml
58,919,1,/Users/samuel/Desktop/postdoc_PhLAM/NO_HOPG/data/vaspdata.Ei.0.1.Ts.100.NO.rand.zpe/vasprun-61.xml
58,1081,1,/Users/samuel/Desktop/postdoc_PhLAM/NO_HOPG/data/vaspdata.Ei.0.1.Ts.100.NO.rand.zpe/vasprun-61.xml
58,1090,1,/Users/samuel/Desktop/postdoc_PhLAM/NO_HOPG/data/vaspdata.Ei.0.1.Ts.100.NO.rand.zpe/vasprun-61.xml
58,1114,1,/Users/samuel/Desktop/postdoc_PhLAM/NO_HOPG/data/vaspdata.Ei.0.1.Ts.100.NO.rand.zpe/vasprun-61.xml
58,1130,1,/Users/samuel/Desktop/postdoc_PhLAM/NO_HOPG/data/vaspdata.Ei.0.1.Ts.100.NO.rand.zpe/vasprun-61.xml
58,1157,1,/Users/samuel/Desktop/postdoc_PhLAM/NO_HOPG/data/vaspdata.Ei.0.1.Ts.100.NO.rand.zpe/vasprun-61.xml
59,293,1,/Users/samuel/Desktop/postdoc_PhLAM/NO_HOPG/data/vaspdata.Ei.0.1.Ts.100.NO.rand.zpe/vasprun-62.xml
59,677,1,/Users/samuel/Desktop/postdoc_PhLAM/NO_HOPG/data/vaspdata.Ei.0.1.Ts.100.NO.rand.zpe/vasprun-62.xml
59,730,1,/Users/samuel/Desktop/postdoc_PhLAM/NO_HOPG/data/vaspdata.Ei.0.1.Ts.100.NO.rand.zpe/vasprun-62.xml
59,850,1,/Users/samuel/Desktop/postdoc_PhLAM/NO_HOPG/data/vaspdata.Ei.0.1.Ts.100.NO.rand.zpe/vasprun-62.xml
59,857,1,/Users/samuel/Desktop/postdoc_PhLAM/NO_HOPG/data/vaspdata.Ei.0.1.Ts.100.NO.rand.zpe/vasprun-62.xml
59,1048,1,/Users/samuel/Desktop/postdoc_PhLAM/NO_HOPG/data/vaspdata.Ei.0.1.Ts.100.NO.rand.zpe/vasprun-62.xml
59,1101,1,/Users/samuel/Desktop/postdoc_PhLAM/NO_HOPG/data/vaspdata.Ei.0.1.Ts.100.NO.rand.zpe/vasprun-62.xml
59,1128,1,/Users/samuel/Desktop/postdoc_PhLAM/NO_HOPG/data/vaspdata.Ei.0.1.Ts.100.NO.rand.zpe/vasprun-62.xml
60,465,1,/Users/samuel/Desktop/postdoc_PhLAM/NO_HOPG/data/vaspdata.Ei.0.1.Ts.100.NO.rand.zpe/vasprun-63.xml
60,500,1,/Users/samuel/Desktop/postdoc_PhLAM/NO_HOPG/data/vaspdata.Ei.0.1.Ts.100.NO.rand.zpe/vasprun-63.xml
60,509,1,/Users/samuel/Desktop/postdoc_PhLAM/NO_HOPG/data/vaspdata.Ei.0.1.Ts.100.NO.rand.zpe/vasprun-63.xml
60,541,1,/Users/samuel/Desktop/postdoc_PhLAM/NO_HOPG/data/vaspdata.Ei.0.1.Ts.100.NO.rand.zpe/vasprun-63.xml
60,697,1,/Users/samuel/Desktop/postdoc_PhLAM/NO_HOPG/data/vaspdata.Ei.0.1.Ts.100.NO.rand.zpe/vasprun-63.xml
60,702,1,/Users/samuel/Desktop/postdoc_PhLAM/NO_HOPG/data/vaspdata.Ei.0.1.Ts.100.NO.rand.zpe/vasprun-63.xml
60,1010,1,/Users/samuel/Desktop/postdoc_PhLAM/NO_HOPG/data/vaspdata.Ei.0.1.Ts.100.NO.rand.zpe/vasprun-63.xml
60,1058,1,/Users/samuel/Desktop/postdoc_PhLAM/NO_HOPG/data/vaspdata.Ei.0.1.Ts.100.NO.rand.zpe/vasprun-63.xml
60,1094,1,/Users/samuel/Desktop/postdoc_PhLAM/NO_HOPG/data/vaspdata.Ei.0.1.Ts.100.NO.rand.zpe/vasprun-63.xml
60,1215,1,/Users/samuel/Desktop/postdoc_PhLAM/NO_HOPG/data/vaspdata.Ei.0.1.Ts.100.NO.rand.zpe/vasprun-63.xml
61,434,1,/Users/samuel/Desktop/postdoc_PhLAM/NO_HOPG/data/vaspdata.Ei.0.1.Ts.100.NO.rand.zpe/vasprun-64.xml
61,441,1,/Users/samuel/Desktop/postdoc_PhLAM/NO_HOPG/data/vaspdata.Ei.0.1.Ts.100.NO.rand.zpe/vasprun-64.xml
61,516,1,/Users/samuel/Desktop/postdoc_PhLAM/NO_HOPG/data/vaspdata.Ei.0.1.Ts.100.NO.rand.zpe/vasprun-64.xml
61,531,1,/Users/samuel/Desktop/postdoc_PhLAM/NO_HOPG/data/vaspdata.Ei.0.1.Ts.100.NO.rand.zpe/vasprun-64.xml
61,1035,1,/Users/samuel/Desktop/postdoc_PhLAM/NO_HOPG/data/vaspdata.Ei.0.1.Ts.100.NO.rand.zpe/vasprun-64.xml
61,1143,1,/Users/samuel/Desktop/postdoc_PhLAM/NO_HOPG/data/vaspdata.Ei.0.1.Ts.100.NO.rand.zpe/vasprun-64.xml
62,60,1,/Users/samuel/Desktop/postdoc_PhLAM/NO_HOPG/data/vaspdata.Ei.0.1.Ts.100.NO.rand.zpe/vasprun-65.xml
62,223,1,/Users/samuel/Desktop/postdoc_PhLAM/NO_HOPG/data/vaspdata.Ei.0.1.Ts.100.NO.rand.zpe/vasprun-65.xml
62,379,1,/Users/samuel/Desktop/postdoc_PhLAM/NO_HOPG/data/vaspdata.Ei.0.1.Ts.100.NO.rand.zpe/vasprun-65.xml
62,465,1,/Users/samuel/Desktop/postdoc_PhLAM/NO_HOPG/data/vaspdata.Ei.0.1.Ts.100.NO.rand.zpe/vasprun-65.xml
62,552,1,/Users/samuel/Desktop/postdoc_PhLAM/NO_HOPG/data/vaspdata.Ei.0.1.Ts.100.NO.rand.zpe/vasprun-65.xml
62,1197,1,/Users/samuel/Desktop/postdoc_PhLAM/NO_HOPG/data/vaspdata.Ei.0.1.Ts.100.NO.rand.zpe/vasprun-65.xml
63,30,1,/Users/samuel/Desktop/postdoc_PhLAM/NO_HOPG/data/vaspdata.Ei.0.1.Ts.100.NO.rand.zpe/vasprun-66.xml
63,408,1,/Users/samuel/Desktop/postdoc_PhLAM/NO_HOPG/data/vaspdata.Ei.0.1.Ts.100.NO.rand.zpe/vasprun-66.xml
63,474,1,/Users/samuel/Desktop/postdoc_PhLAM/NO_HOPG/data/vaspdata.Ei.0.1.Ts.100.NO.rand.zpe/vasprun-66.xml
63,504,1,/Users/samuel/Desktop/postdoc_PhLAM/NO_HOPG/data/vaspdata.Ei.0.1.Ts.100.NO.rand.zpe/vasprun-66.xml
63,522,1,/Users/samuel/Desktop/postdoc_PhLAM/NO_HOPG/data/vaspdata.Ei.0.1.Ts.100.NO.rand.zpe/vasprun-66.xml
63,580,1,/Users/samuel/Desktop/postdoc_PhLAM/NO_HOPG/data/vaspdata.Ei.0.1.Ts.100.NO.rand.zpe/vasprun-66.xml
63,728,1,/Users/samuel/Desktop/postdoc_PhLAM/NO_HOPG/data/vaspdata.Ei.0.1.Ts.100.NO.rand.zpe/vasprun-66.xml
63,785,1,/Users/samuel/Desktop/postdoc_PhLAM/NO_HOPG/data/vaspdata.Ei.0.1.Ts.100.NO.rand.zpe/vasprun-66.xml
63,1059,1,/Users/samuel/Desktop/postdoc_PhLAM/NO_HOPG/data/vaspdata.Ei.0.1.Ts.100.NO.rand.zpe/vasprun-66.xml
63,1112,1,/Users/samuel/Desktop/postdoc_PhLAM/NO_HOPG/data/vaspdata.Ei.0.1.Ts.100.NO.rand.zpe/vasprun-66.xml
63,1147,1,/Users/samuel/Desktop/postdoc_PhLAM/NO_HOPG/data/vaspdata.Ei.0.1.Ts.100.NO.rand.zpe/vasprun-66.xml
63,1174,1,/Users/samuel/Desktop/postdoc_PhLAM/NO_HOPG/data/vaspdata.Ei.0.1.Ts.100.NO.rand.zpe/vasprun-66.xml
63,1209,1,/Users/samuel/Desktop/postdoc_PhLAM/NO_HOPG/data/vaspdata.Ei.0.1.Ts.100.NO.rand.zpe/vasprun-66.xml
64,373,1,/Users/samuel/Desktop/postdoc_PhLAM/NO_HOPG/data/vaspdata.Ei.0.1.Ts.100.NO.rand.zpe/vasprun-67.xml
64,446,1,/Users/samuel/Desktop/postdoc_PhLAM/NO_HOPG/data/vaspdata.Ei.0.1.Ts.100.NO.rand.zpe/vasprun-67.xml
64,473,1,/Users/samuel/Desktop/postdoc_PhLAM/NO_HOPG/data/vaspdata.Ei.0.1.Ts.100.NO.rand.zpe/vasprun-67.xml
64,499,1,/Users/samuel/Desktop/postdoc_PhLAM/NO_HOPG/data/vaspdata.Ei.0.1.Ts.100.NO.rand.zpe/vasprun-67.xml
64,532,1,/Users/samuel/Desktop/postdoc_PhLAM/NO_HOPG/data/vaspdata.Ei.0.1.Ts.100.NO.rand.zpe/vasprun-67.xml
64,565,1,/Users/samuel/Desktop/postdoc_PhLAM/NO_HOPG/data/vaspdata.Ei.0.1.Ts.100.NO.rand.zpe/vasprun-67.xml
64,809,1,/Users/samuel/Desktop/postdoc_PhLAM/NO_HOPG/data/vaspdata.Ei.0.1.Ts.100.NO.rand.zpe/vasprun-67.xml
64,813,1,/Users/samuel/Desktop/postdoc_PhLAM/NO_HOPG/data/vaspdata.Ei.0.1.Ts.100.NO.rand.zpe/vasprun-67.xml
64,921,1,/Users/samuel/Desktop/postdoc_PhLAM/NO_HOPG/data/vaspdata.Ei.0.1.Ts.100.NO.rand.zpe/vasprun-67.xml
64,939,1,/Users/samuel/Desktop/postdoc_PhLAM/NO_HOPG/data/vaspdata.Ei.0.1.Ts.100.NO.rand.zpe/vasprun-67.xml
64,941,1,/Users/samuel/Desktop/postdoc_PhLAM/NO_HOPG/data/vaspdata.Ei.0.1.Ts.100.NO.rand.zpe/vasprun-67.xml
64,1135,1,/Users/samuel/Desktop/postdoc_PhLAM/NO_HOPG/data/vaspdata.Ei.0.1.Ts.100.NO.rand.zpe/vasprun-67.xml
65,400,1,/Users/samuel/Desktop/postdoc_PhLAM/NO_HOPG/data/vaspdata.Ei.0.1.Ts.100.NO.rand.zpe/vasprun-68.xml
65,404,1,/Users/samuel/Desktop/postdoc_PhLAM/NO_HOPG/data/vaspdata.Ei.0.1.Ts.100.NO.rand.zpe/vasprun-68.xml
65,481,1,/Users/samuel/Desktop/postdoc_PhLAM/NO_HOPG/data/vaspdata.Ei.0.1.Ts.100.NO.rand.zpe/vasprun-68.xml
65,704,1,/Users/samuel/Desktop/postdoc_PhLAM/NO_HOPG/data/vaspdata.Ei.0.1.Ts.100.NO.rand.zpe/vasprun-68.xml
65,775,1,/Users/samuel/Desktop/postdoc_PhLAM/NO_HOPG/data/vaspdata.Ei.0.1.Ts.100.NO.rand.zpe/vasprun-68.xml
65,1166,1,/Users/samuel/Desktop/postdoc_PhLAM/NO_HOPG/data/vaspdata.Ei.0.1.Ts.100.NO.rand.zpe/vasprun-68.xml
66,412,1,/Users/samuel/Desktop/postdoc_PhLAM/NO_HOPG/data/vaspdata.Ei.0.1.Ts.100.NO.rand.zpe/vasprun-69.xml
66,413,1,/Users/samuel/Desktop/postdoc_PhLAM/NO_HOPG/data/vaspdata.Ei.0.1.Ts.100.NO.rand.zpe/vasprun-69.xml
66,438,1,/Users/samuel/Desktop/postdoc_PhLAM/NO_HOPG/data/vaspdata.Ei.0.1.Ts.100.NO.rand.zpe/vasprun-69.xml
66,467,1,/Users/samuel/Desktop/postdoc_PhLAM/NO_HOPG/data/vaspdata.Ei.0.1.Ts.100.NO.rand.zpe/vasprun-69.xml
66,490,1,/Users/samuel/Desktop/postdoc_PhLAM/NO_HOPG/data/vaspdata.Ei.0.1.Ts.100.NO.rand.zpe/vasprun-69.xml
66,555,1,/Users/samuel/Desktop/postdoc_PhLAM/NO_HOPG/data/vaspdata.Ei.0.1.Ts.100.NO.rand.zpe/vasprun-69.xml
66,684,1,/Users/samuel/Desktop/postdoc_PhLAM/NO_HOPG/data/vaspdata.Ei.0.1.Ts.100.NO.rand.zpe/vasprun-69.xml
66,807,1,/Users/samuel/Desktop/postdoc_PhLAM/NO_HOPG/data/vaspdata.Ei.0.1.Ts.100.NO.rand.zpe/vasprun-69.xml
66,873,1,/Users/samuel/Desktop/postdoc_PhLAM/NO_HOPG/data/vaspdata.Ei.0.1.Ts.100.NO.rand.zpe/vasprun-69.xml
66,914,1,/Users/samuel/Desktop/postdoc_PhLAM/NO_HOPG/data/vaspdata.Ei.0.1.Ts.100.NO.rand.zpe/vasprun-69.xml
66,927,1,/Users/samuel/Desktop/postdoc_PhLAM/NO_HOPG/data/vaspdata.Ei.0.1.Ts.100.NO.rand.zpe/vasprun-69.xml
66,1063,1,/Users/samuel/Desktop/postdoc_PhLAM/NO_HOPG/data/vaspdata.Ei.0.1.Ts.100.NO.rand.zpe/vasprun-69.xml
66,1136,1,/Users/samuel/Desktop/postdoc_PhLAM/NO_HOPG/data/vaspdata.Ei.0.1.Ts.100.NO.rand.zpe/vasprun-69.xml
67,384,1,/Users/samuel/Desktop/postdoc_PhLAM/NO_HOPG/data/vaspdata.Ei.0.1.Ts.100.NO.rand.zpe/vasprun-7.xml
67,599,1,/Users/samuel/Desktop/postdoc_PhLAM/NO_HOPG/data/vaspdata.Ei.0.1.Ts.100.NO.rand.zpe/vasprun-7.xml
67,685,1,/Users/samuel/Desktop/postdoc_PhLAM/NO_HOPG/data/vaspdata.Ei.0.1.Ts.100.NO.rand.zpe/vasprun-7.xml
67,742,1,/Users/samuel/Desktop/postdoc_PhLAM/NO_HOPG/data/vaspdata.Ei.0.1.Ts.100.NO.rand.zpe/vasprun-7.xml
67,848,1,/Users/samuel/Desktop/postdoc_PhLAM/NO_HOPG/data/vaspdata.Ei.0.1.Ts.100.NO.rand.zpe/vasprun-7.xml
67,961,1,/Users/samuel/Desktop/postdoc_PhLAM/NO_HOPG/data/vaspdata.Ei.0.1.Ts.100.NO.rand.zpe/vasprun-7.xml
67,1094,1,/Users/samuel/Desktop/postdoc_PhLAM/NO_HOPG/data/vaspdata.Ei.0.1.Ts.100.NO.rand.zpe/vasprun-7.xml
67,1124,1,/Users/samuel/Desktop/postdoc_PhLAM/NO_HOPG/data/vaspdata.Ei.0.1.Ts.100.NO.rand.zpe/vasprun-7.xml
67,1137,1,/Users/samuel/Desktop/postdoc_PhLAM/NO_HOPG/data/vaspdata.Ei.0.1.Ts.100.NO.rand.zpe/vasprun-7.xml
68,313,1,/Users/samuel/Desktop/postdoc_PhLAM/NO_HOPG/data/vaspdata.Ei.0.1.Ts.100.NO.rand.zpe/vasprun-70.xml
68,419,1,/Users/samuel/Desktop/postdoc_PhLAM/NO_HOPG/data/vaspdata.Ei.0.1.Ts.100.NO.rand.zpe/vasprun-70.xml
68,426,1,/Users/samuel/Desktop/postdoc_PhLAM/NO_HOPG/data/vaspdata.Ei.0.1.Ts.100.NO.rand.zpe/vasprun-70.xml
68,456,1,/Users/samuel/Desktop/postdoc_PhLAM/NO_HOPG/data/vaspdata.Ei.0.1.Ts.100.NO.rand.zpe/vasprun-70.xml
68,460,1,/Users/samuel/Desktop/postdoc_PhLAM/NO_HOPG/data/vaspdata.Ei.0.1.Ts.100.NO.rand.zpe/vasprun-70.xml
68,466,1,/Users/samuel/Desktop/postdoc_PhLAM/NO_HOPG/data/vaspdata.Ei.0.1.Ts.100.NO.rand.zpe/vasprun-70.xml
68,477,1,/Users/samuel/Desktop/postdoc_PhLAM/NO_HOPG/data/vaspdata.Ei.0.1.Ts.100.NO.rand.zpe/vasprun-70.xml
68,480,1,/Users/samuel/Desktop/postdoc_PhLAM/NO_HOPG/data/vaspdata.Ei.0.1.Ts.100.NO.rand.zpe/vasprun-70.xml
68,496,1,/Users/samuel/Desktop/postdoc_PhLAM/NO_HOPG/data/vaspdata.Ei.0.1.Ts.100.NO.rand.zpe/vasprun-70.xml
68,502,1,/Users/samuel/Desktop/postdoc_PhLAM/NO_HOPG/data/vaspdata.Ei.0.1.Ts.100.NO.rand.zpe/vasprun-70.xml
68,515,1,/Users/samuel/Desktop/postdoc_PhLAM/NO_HOPG/data/vaspdata.Ei.0.1.Ts.100.NO.rand.zpe/vasprun-70.xml
68,604,1,/Users/samuel/Desktop/postdoc_PhLAM/NO_HOPG/data/vaspdata.Ei.0.1.Ts.100.NO.rand.zpe/vasprun-70.xml
68,608,1,/Users/samuel/Desktop/postdoc_PhLAM/NO_HOPG/data/vaspdata.Ei.0.1.Ts.100.NO.rand.zpe/vasprun-70.xml
68,642,1,/Users/samuel/Desktop/postdoc_PhLAM/NO_HOPG/data/vaspdata.Ei.0.1.Ts.100.NO.rand.zpe/vasprun-70.xml
68,738,1,/Users/samuel/Desktop/postdoc_PhLAM/NO_HOPG/data/vaspdata.Ei.0.1.Ts.100.NO.rand.zpe/vasprun-70.xml
68,741,1,/Users/samuel/Desktop/postdoc_PhLAM/NO_HOPG/data/vaspdata.Ei.0.1.Ts.100.NO.rand.zpe/vasprun-70.xml
68,804,1,/Users/samuel/Desktop/postdoc_PhLAM/NO_HOPG/data/vaspdata.Ei.0.1.Ts.100.NO.rand.zpe/vasprun-70.xml
68,921,1,/Users/samuel/Desktop/postdoc_PhLAM/NO_HOPG/data/vaspdata.Ei.0.1.Ts.100.NO.rand.zpe/vasprun-70.xml
68,1052,1,/Users/samuel/Desktop/postdoc_PhLAM/NO_HOPG/data/vaspdata.Ei.0.1.Ts.100.NO.rand.zpe/vasprun-70.xml
68,1130,1,/Users/samuel/Desktop/postdoc_PhLAM/NO_HOPG/data/vaspdata.Ei.0.1.Ts.100.NO.rand.zpe/vasprun-70.xml
68,1144,1,/Users/samuel/Desktop/postdoc_PhLAM/NO_HOPG/data/vaspdata.Ei.0.1.Ts.100.NO.rand.zpe/vasprun-70.xml
68,1197,1,/Users/samuel/Desktop/postdoc_PhLAM/NO_HOPG/data/vaspdata.Ei.0.1.Ts.100.NO.rand.zpe/vasprun-70.xml
69,429,1,/Users/samuel/Desktop/postdoc_PhLAM/NO_HOPG/data/vaspdata.Ei.0.1.Ts.100.NO.rand.zpe/vasprun-71.xml
69,431,1,/Users/samuel/Desktop/postdoc_PhLAM/NO_HOPG/data/vaspdata.Ei.0.1.Ts.100.NO.rand.zpe/vasprun-71.xml
69,486,1,/Users/samuel/Desktop/postdoc_PhLAM/NO_HOPG/data/vaspdata.Ei.0.1.Ts.100.NO.rand.zpe/vasprun-71.xml
69,487,1,/Users/samuel/Desktop/postdoc_PhLAM/NO_HOPG/data/vaspdata.Ei.0.1.Ts.100.NO.rand.zpe/vasprun-71.xml
69,517,1,/Users/samuel/Desktop/postdoc_PhLAM/NO_HOPG/data/vaspdata.Ei.0.1.Ts.100.NO.rand.zpe/vasprun-71.xml
69,518,1,/Users/samuel/Desktop/postdoc_PhLAM/NO_HOPG/data/vaspdata.Ei.0.1.Ts.100.NO.rand.zpe/vasprun-71.xml
69,601,1,/Users/samuel/Desktop/postdoc_PhLAM/NO_HOPG/data/vaspdata.Ei.0.1.Ts.100.NO.rand.zpe/vasprun-71.xml
69,768,1,/Users/samuel/Desktop/postdoc_PhLAM/NO_HOPG/data/vaspdata.Ei.0.1.Ts.100.NO.rand.zpe/vasprun-71.xml
69,775,1,/Users/samuel/Desktop/postdoc_PhLAM/NO_HOPG/data/vaspdata.Ei.0.1.Ts.100.NO.rand.zpe/vasprun-71.xml
69,1007,1,/Users/samuel/Desktop/postdoc_PhLAM/NO_HOPG/data/vaspdata.Ei.0.1.Ts.100.NO.rand.zpe/vasprun-71.xml
69,1064,1,/Users/samuel/Desktop/postdoc_PhLAM/NO_HOPG/data/vaspdata.Ei.0.1.Ts.100.NO.rand.zpe/vasprun-71.xml
70,415,1,/Users/samuel/Desktop/postdoc_PhLAM/NO_HOPG/data/vaspdata.Ei.0.1.Ts.100.NO.rand.zpe/vasprun-72.xml
70,449,1,/Users/samuel/Desktop/postdoc_PhLAM/NO_HOPG/data/vaspdata.Ei.0.1.Ts.100.NO.rand.zpe/vasprun-72.xml
70,459,1,/Users/samuel/Desktop/postdoc_PhLAM/NO_HOPG/data/vaspdata.Ei.0.1.Ts.100.NO.rand.zpe/vasprun-72.xml
70,480,1,/Users/samuel/Desktop/postdoc_PhLAM/NO_HOPG/data/vaspdata.Ei.0.1.Ts.100.NO.rand.zpe/vasprun-72.xml
70,578,1,/Users/samuel/Desktop/postdoc_PhLAM/NO_HOPG/data/vaspdata.Ei.0.1.Ts.100.NO.rand.zpe/vasprun-72.xml
70,616,1,/Users/samuel/Desktop/postdoc_PhLAM/NO_HOPG/data/vaspdata.Ei.0.1.Ts.100.NO.rand.zpe/vasprun-72.xml
70,697,1,/Users/samuel/Desktop/postdoc_PhLAM/NO_HOPG/data/vaspdata.Ei.0.1.Ts.100.NO.rand.zpe/vasprun-72.xml
70,852,1,/Users/samuel/Desktop/postdoc_PhLAM/NO_HOPG/data/vaspdata.Ei.0.1.Ts.100.NO.rand.zpe/vasprun-72.xml
70,1138,1,/Users/samuel/Desktop/postdoc_PhLAM/NO_HOPG/data/vaspdata.Ei.0.1.Ts.100.NO.rand.zpe/vasprun-72.xml
70,1220,1,/Users/samuel/Desktop/postdoc_PhLAM/NO_HOPG/data/vaspdata.Ei.0.1.Ts.100.NO.rand.zpe/vasprun-72.xml
71,33,1,/Users/samuel/Desktop/postdoc_PhLAM/NO_HOPG/data/vaspdata.Ei.0.1.Ts.100.NO.rand.zpe/vasprun-73.xml
71,295,1,/Users/samuel/Desktop/postdoc_PhLAM/NO_HOPG/data/vaspdata.Ei.0.1.Ts.100.NO.rand.zpe/vasprun-73.xml
71,337,1,/Users/samuel/Desktop/postdoc_PhLAM/NO_HOPG/data/vaspdata.Ei.0.1.Ts.100.NO.rand.zpe/vasprun-73.xml
71,373,1,/Users/samuel/Desktop/postdoc_PhLAM/NO_HOPG/data/vaspdata.Ei.0.1.Ts.100.NO.rand.zpe/vasprun-73.xml
71,461,1,/Users/samuel/Desktop/postdoc_PhLAM/NO_HOPG/data/vaspdata.Ei.0.1.Ts.100.NO.rand.zpe/vasprun-73.xml
71,810,1,/Users/samuel/Desktop/postdoc_PhLAM/NO_HOPG/data/vaspdata.Ei.0.1.Ts.100.NO.rand.zpe/vasprun-73.xml
71,953,1,/Users/samuel/Desktop/postdoc_PhLAM/NO_HOPG/data/vaspdata.Ei.0.1.Ts.100.NO.rand.zpe/vasprun-73.xml
71,1126,1,/Users/samuel/Desktop/postdoc_PhLAM/NO_HOPG/data/vaspdata.Ei.0.1.Ts.100.NO.rand.zpe/vasprun-73.xml
71,1130,1,/Users/samuel/Desktop/postdoc_PhLAM/NO_HOPG/data/vaspdata.Ei.0.1.Ts.100.NO.rand.zpe/vasprun-73.xml
71,1220,1,/Users/samuel/Desktop/postdoc_PhLAM/NO_HOPG/data/vaspdata.Ei.0.1.Ts.100.NO.rand.zpe/vasprun-73.xml
72,52,1,/Users/samuel/Desktop/postdoc_PhLAM/NO_HOPG/data/vaspdata.Ei.0.1.Ts.100.NO.rand.zpe/vasprun-74.xml
72,475,1,/Users/samuel/Desktop/postdoc_PhLAM/NO_HOPG/data/vaspdata.Ei.0.1.Ts.100.NO.rand.zpe/vasprun-74.xml
72,486,1,/Users/samuel/Desktop/postdoc_PhLAM/NO_HOPG/data/vaspdata.Ei.0.1.Ts.100.NO.rand.zpe/vasprun-74.xml
72,495,1,/Users/samuel/Desktop/postdoc_PhLAM/NO_HOPG/data/vaspdata.Ei.0.1.Ts.100.NO.rand.zpe/vasprun-74.xml
72,505,1,/Users/samuel/Desktop/postdoc_PhLAM/NO_HOPG/data/vaspdata.Ei.0.1.Ts.100.NO.rand.zpe/vasprun-74.xml
72,510,1,/Users/samuel/Desktop/postdoc_PhLAM/NO_HOPG/data/vaspdata.Ei.0.1.Ts.100.NO.rand.zpe/vasprun-74.xml
72,520,1,/Users/samuel/Desktop/postdoc_PhLAM/NO_HOPG/data/vaspdata.Ei.0.1.Ts.100.NO.rand.zpe/vasprun-74.xml
72,554,1,/Users/samuel/Desktop/postdoc_PhLAM/NO_HOPG/data/vaspdata.Ei.0.1.Ts.100.NO.rand.zpe/vasprun-74.xml
72,587,1,/Users/samuel/Desktop/postdoc_PhLAM/NO_HOPG/data/vaspdata.Ei.0.1.Ts.100.NO.rand.zpe/vasprun-74.xml
72,595,1,/Users/samuel/Desktop/postdoc_PhLAM/NO_HOPG/data/vaspdata.Ei.0.1.Ts.100.NO.rand.zpe/vasprun-74.xml
72,600,1,/Users/samuel/Desktop/postdoc_PhLAM/NO_HOPG/data/vaspdata.Ei.0.1.Ts.100.NO.rand.zpe/vasprun-74.xml
72,605,1,/Users/samuel/Desktop/postdoc_PhLAM/NO_HOPG/data/vaspdata.Ei.0.1.Ts.100.NO.rand.zpe/vasprun-74.xml
72,1122,1,/Users/samuel/Desktop/postdoc_PhLAM/NO_HOPG/data/vaspdata.Ei.0.1.Ts.100.NO.rand.zpe/vasprun-74.xml
72,1178,1,/Users/samuel/Desktop/postdoc_PhLAM/NO_HOPG/data/vaspdata.Ei.0.1.Ts.100.NO.rand.zpe/vasprun-74.xml
73,89,1,/Users/samuel/Desktop/postdoc_PhLAM/NO_HOPG/data/vaspdata.Ei.0.1.Ts.100.NO.rand.zpe/vasprun-76.xml
73,462,1,/Users/samuel/Desktop/postdoc_PhLAM/NO_HOPG/data/vaspdata.Ei.0.1.Ts.100.NO.rand.zpe/vasprun-76.xml
73,480,1,/Users/samuel/Desktop/postdoc_PhLAM/NO_HOPG/data/vaspdata.Ei.0.1.Ts.100.NO.rand.zpe/vasprun-76.xml
73,494,1,/Users/samuel/Desktop/postdoc_PhLAM/NO_HOPG/data/vaspdata.Ei.0.1.Ts.100.NO.rand.zpe/vasprun-76.xml
73,504,1,/Users/samuel/Desktop/postdoc_PhLAM/NO_HOPG/data/vaspdata.Ei.0.1.Ts.100.NO.rand.zpe/vasprun-76.xml
73,527,1,/Users/samuel/Desktop/postdoc_PhLAM/NO_HOPG/data/vaspdata.Ei.0.1.Ts.100.NO.rand.zpe/vasprun-76.xml
73,528,1,/Users/samuel/Desktop/postdoc_PhLAM/NO_HOPG/data/vaspdata.Ei.0.1.Ts.100.NO.rand.zpe/vasprun-76.xml
73,845,1,/Users/samuel/Desktop/postdoc_PhLAM/NO_HOPG/data/vaspdata.Ei.0.1.Ts.100.NO.rand.zpe/vasprun-76.xml
73,945,1,/Users/samuel/Desktop/postdoc_PhLAM/NO_HOPG/data/vaspdata.Ei.0.1.Ts.100.NO.rand.zpe/vasprun-76.xml
73,1134,1,/Users/samuel/Desktop/postdoc_PhLAM/NO_HOPG/data/vaspdata.Ei.0.1.Ts.100.NO.rand.zpe/vasprun-76.xml
74,221,1,/Users/samuel/Desktop/postdoc_PhLAM/NO_HOPG/data/vaspdata.Ei.0.1.Ts.100.NO.rand.zpe/vasprun-77.xml
74,471,1,/Users/samuel/Desktop/postdoc_PhLAM/NO_HOPG/data/vaspdata.Ei.0.1.Ts.100.NO.rand.zpe/vasprun-77.xml
74,709,1,/Users/samuel/Desktop/postdoc_PhLAM/NO_HOPG/data/vaspdata.Ei.0.1.Ts.100.NO.rand.zpe/vasprun-77.xml
74,855,1,/Users/samuel/Desktop/postdoc_PhLAM/NO_HOPG/data/vaspdata.Ei.0.1.Ts.100.NO.rand.zpe/vasprun-77.xml
74,999,1,/Users/samuel/Desktop/postdoc_PhLAM/NO_HOPG/data/vaspdata.Ei.0.1.Ts.100.NO.rand.zpe/vasprun-77.xml
74,1200,1,/Users/samuel/Desktop/postdoc_PhLAM/NO_HOPG/data/vaspdata.Ei.0.1.Ts.100.NO.rand.zpe/vasprun-77.xml
75,445,1,/Users/samuel/Desktop/postdoc_PhLAM/NO_HOPG/data/vaspdata.Ei.0.1.Ts.100.NO.rand.zpe/vasprun-78.xml
75,520,1,/Users/samuel/Desktop/postdoc_PhLAM/NO_HOPG/data/vaspdata.Ei.0.1.Ts.100.NO.rand.zpe/vasprun-78.xml
75,586,1,/Users/samuel/Desktop/postdoc_PhLAM/NO_HOPG/data/vaspdata.Ei.0.1.Ts.100.NO.rand.zpe/vasprun-78.xml
75,675,1,/Users/samuel/Desktop/postdoc_PhLAM/NO_HOPG/data/vaspdata.Ei.0.1.Ts.100.NO.rand.zpe/vasprun-78.xml
75,704,1,/Users/samuel/Desktop/postdoc_PhLAM/NO_HOPG/data/vaspdata.Ei.0.1.Ts.100.NO.rand.zpe/vasprun-78.xml
75,707,1,/Users/samuel/Desktop/postdoc_PhLAM/NO_HOPG/data/vaspdata.Ei.0.1.Ts.100.NO.rand.zpe/vasprun-78.xml
75,833,1,/Users/samuel/Desktop/postdoc_PhLAM/NO_HOPG/data/vaspdata.Ei.0.1.Ts.100.NO.rand.zpe/vasprun-78.xml
75,1012,1,/Users/samuel/Desktop/postdoc_PhLAM/NO_HOPG/data/vaspdata.Ei.0.1.Ts.100.NO.rand.zpe/vasprun-78.xml
75,1072,1,/Users/samuel/Desktop/postdoc_PhLAM/NO_HOPG/data/vaspdata.Ei.0.1.Ts.100.NO.rand.zpe/vasprun-78.xml
75,1082,1,/Users/samuel/Desktop/postdoc_PhLAM/NO_HOPG/data/vaspdata.Ei.0.1.Ts.100.NO.rand.zpe/vasprun-78.xml
75,1181,1,/Users/samuel/Desktop/postdoc_PhLAM/NO_HOPG/data/vaspdata.Ei.0.1.Ts.100.NO.rand.zpe/vasprun-78.xml
75,1212,1,/Users/samuel/Desktop/postdoc_PhLAM/NO_HOPG/data/vaspdata.Ei.0.1.Ts.100.NO.rand.zpe/vasprun-78.xml
75,1225,1,/Users/samuel/Desktop/postdoc_PhLAM/NO_HOPG/data/vaspdata.Ei.0.1.Ts.100.NO.rand.zpe/vasprun-78.xml
76,110,1,/Users/samuel/Desktop/postdoc_PhLAM/NO_HOPG/data/vaspdata.Ei.0.1.Ts.100.NO.rand.zpe/vasprun-79.xml
76,131,1,/Users/samuel/Desktop/postdoc_PhLAM/NO_HOPG/data/vaspdata.Ei.0.1.Ts.100.NO.rand.zpe/vasprun-79.xml
76,300,1,/Users/samuel/Desktop/postdoc_PhLAM/NO_HOPG/data/vaspdata.Ei.0.1.Ts.100.NO.rand.zpe/vasprun-79.xml
76,518,1,/Users/samuel/Desktop/postdoc_PhLAM/NO_HOPG/data/vaspdata.Ei.0.1.Ts.100.NO.rand.zpe/vasprun-79.xml
76,652,1,/Users/samuel/Desktop/postdoc_PhLAM/NO_HOPG/data/vaspdata.Ei.0.1.Ts.100.NO.rand.zpe/vasprun-79.xml
76,809,1,/Users/samuel/Desktop/postdoc_PhLAM/NO_HOPG/data/vaspdata.Ei.0.1.Ts.100.NO.rand.zpe/vasprun-79.xml
77,74,1,/Users/samuel/Desktop/postdoc_PhLAM/NO_HOPG/data/vaspdata.Ei.0.1.Ts.100.NO.rand.zpe/vasprun-8.xml
77,475,1,/Users/samuel/Desktop/postdoc_PhLAM/NO_HOPG/data/vaspdata.Ei.0.1.Ts.100.NO.rand.zpe/vasprun-8.xml
77,480,1,/Users/samuel/Desktop/postdoc_PhLAM/NO_HOPG/data/vaspdata.Ei.0.1.Ts.100.NO.rand.zpe/vasprun-8.xml
77,491,1,/Users/samuel/Desktop/postdoc_PhLAM/NO_HOPG/data/vaspdata.Ei.0.1.Ts.100.NO.rand.zpe/vasprun-8.xml
77,492,1,/Users/samuel/Desktop/postdoc_PhLAM/NO_HOPG/data/vaspdata.Ei.0.1.Ts.100.NO.rand.zpe/vasprun-8.xml
77,496,1,/Users/samuel/Desktop/postdoc_PhLAM/NO_HOPG/data/vaspdata.Ei.0.1.Ts.100.NO.rand.zpe/vasprun-8.xml
77,513,1,/Users/samuel/Desktop/postdoc_PhLAM/NO_HOPG/data/vaspdata.Ei.0.1.Ts.100.NO.rand.zpe/vasprun-8.xml
77,526,1,/Users/samuel/Desktop/postdoc_PhLAM/NO_HOPG/data/vaspdata.Ei.0.1.Ts.100.NO.rand.zpe/vasprun-8.xml
77,566,1,/Users/samuel/Desktop/postdoc_PhLAM/NO_HOPG/data/vaspdata.Ei.0.1.Ts.100.NO.rand.zpe/vasprun-8.xml
77,575,1,/Users/samuel/Desktop/postdoc_PhLAM/NO_HOPG/data/vaspdata.Ei.0.1.Ts.100.NO.rand.zpe/vasprun-8.xml
77,598,1,/Users/samuel/Desktop/postdoc_PhLAM/NO_HOPG/data/vaspdata.Ei.0.1.Ts.100.NO.rand.zpe/vasprun-8.xml
77,687,1,/Users/samuel/Desktop/postdoc_PhLAM/NO_HOPG/data/vaspdata.Ei.0.1.Ts.100.NO.rand.zpe/vasprun-8.xml
77,710,1,/Users/samuel/Desktop/postdoc_PhLAM/NO_HOPG/data/vaspdata.Ei.0.1.Ts.100.NO.rand.zpe/vasprun-8.xml
77,936,1,/Users/samuel/Desktop/postdoc_PhLAM/NO_HOPG/data/vaspdata.Ei.0.1.Ts.100.NO.rand.zpe/vasprun-8.xml
77,1179,1,/Users/samuel/Desktop/postdoc_PhLAM/NO_HOPG/data/vaspdata.Ei.0.1.Ts.100.NO.rand.zpe/vasprun-8.xml
77,1184,1,/Users/samuel/Desktop/postdoc_PhLAM/NO_HOPG/data/vaspdata.Ei.0.1.Ts.100.NO.rand.zpe/vasprun-8.xml
77,1203,1,/Users/samuel/Desktop/postdoc_PhLAM/NO_HOPG/data/vaspdata.Ei.0.1.Ts.100.NO.rand.zpe/vasprun-8.xml
78,423,1,/Users/samuel/Desktop/postdoc_PhLAM/NO_HOPG/data/vaspdata.Ei.0.1.Ts.100.NO.rand.zpe/vasprun-81.xml
78,567,1,/Users/samuel/Desktop/postdoc_PhLAM/NO_HOPG/data/vaspdata.Ei.0.1.Ts.100.NO.rand.zpe/vasprun-81.xml
78,644,1,/Users/samuel/Desktop/postdoc_PhLAM/NO_HOPG/data/vaspdata.Ei.0.1.Ts.100.NO.rand.zpe/vasprun-81.xml
78,651,1,/Users/samuel/Desktop/postdoc_PhLAM/NO_HOPG/data/vaspdata.Ei.0.1.Ts.100.NO.rand.zpe/vasprun-81.xml
78,749,1,/Users/samuel/Desktop/postdoc_PhLAM/NO_HOPG/data/vaspdata.Ei.0.1.Ts.100.NO.rand.zpe/vasprun-81.xml
78,849,1,/Users/samuel/Desktop/postdoc_PhLAM/NO_HOPG/data/vaspdata.Ei.0.1.Ts.100.NO.rand.zpe/vasprun-81.xml
78,940,1,/Users/samuel/Desktop/postdoc_PhLAM/NO_HOPG/data/vaspdata.Ei.0.1.Ts.100.NO.rand.zpe/vasprun-81.xml
79,123,1,/Users/samuel/Desktop/postdoc_PhLAM/NO_HOPG/data/vaspdata.Ei.0.1.Ts.100.NO.rand.zpe/vasprun-82.xml
79,302,1,/Users/samuel/Desktop/postdoc_PhLAM/NO_HOPG/data/vaspdata.Ei.0.1.Ts.100.NO.rand.zpe/vasprun-82.xml
79,458,1,/Users/samuel/Desktop/postdoc_PhLAM/NO_HOPG/data/vaspdata.Ei.0.1.Ts.100.NO.rand.zpe/vasprun-82.xml
79,465,1,/Users/samuel/Desktop/postdoc_PhLAM/NO_HOPG/data/vaspdata.Ei.0.1.Ts.100.NO.rand.zpe/vasprun-82.xml
79,532,1,/Users/samuel/Desktop/postdoc_PhLAM/NO_HOPG/data/vaspdata.Ei.0.1.Ts.100.NO.rand.zpe/vasprun-82.xml
79,696,1,/Users/samuel/Desktop/postdoc_PhLAM/NO_HOPG/data/vaspdata.Ei.0.1.Ts.100.NO.rand.zpe/vasprun-82.xml
80,530,1,/Users/samuel/Desktop/postdoc_PhLAM/NO_HOPG/data/vaspdata.Ei.0.1.Ts.100.NO.rand.zpe/vasprun-83.xml
80,587,1,/Users/samuel/Desktop/postdoc_PhLAM/NO_HOPG/data/vaspdata.Ei.0.1.Ts.100.NO.rand.zpe/vasprun-83.xml
80,683,1,/Users/samuel/Desktop/postdoc_PhLAM/NO_HOPG/data/vaspdata.Ei.0.1.Ts.100.NO.rand.zpe/vasprun-83.xml
80,844,1,/Users/samuel/Desktop/postdoc_PhLAM/NO_HOPG/data/vaspdata.Ei.0.1.Ts.100.NO.rand.zpe/vasprun-83.xml
80,860,1,/Users/samuel/Desktop/postdoc_PhLAM/NO_HOPG/data/vaspdata.Ei.0.1.Ts.100.NO.rand.zpe/vasprun-83.xml
80,1082,1,/Users/samuel/Desktop/postdoc_PhLAM/NO_HOPG/data/vaspdata.Ei.0.1.Ts.100.NO.rand.zpe/vasprun-83.xml
80,1088,1,/Users/samuel/Desktop/postdoc_PhLAM/NO_HOPG/data/vaspdata.Ei.0.1.Ts.100.NO.rand.zpe/vasprun-83.xml
81,18,1,/Users/samuel/Desktop/postdoc_PhLAM/NO_HOPG/data/vaspdata.Ei.0.1.Ts.100.NO.rand.zpe/vasprun-84.xml
81,411,1,/Users/samuel/Desktop/postdoc_PhLAM/NO_HOPG/data/vaspdata.Ei.0.1.Ts.100.NO.rand.zpe/vasprun-84.xml
81,451,1,/Users/samuel/Desktop/postdoc_PhLAM/NO_HOPG/data/vaspdata.Ei.0.1.Ts.100.NO.rand.zpe/vasprun-84.xml
81,483,1,/Users/samuel/Desktop/postdoc_PhLAM/NO_HOPG/data/vaspdata.Ei.0.1.Ts.100.NO.rand.zpe/vasprun-84.xml
81,594,1,/Users/samuel/Desktop/postdoc_PhLAM/NO_HOPG/data/vaspdata.Ei.0.1.Ts.100.NO.rand.zpe/vasprun-84.xml
81,664,1,/Users/samuel/Desktop/postdoc_PhLAM/NO_HOPG/data/vaspdata.Ei.0.1.Ts.100.NO.rand.zpe/vasprun-84.xml
81,775,1,/Users/samuel/Desktop/postdoc_PhLAM/NO_HOPG/data/vaspdata.Ei.0.1.Ts.100.NO.rand.zpe/vasprun-84.xml
81,1132,1,/Users/samuel/Desktop/postdoc_PhLAM/NO_HOPG/data/vaspdata.Ei.0.1.Ts.100.NO.rand.zpe/vasprun-84.xml
81,1170,1,/Users/samuel/Desktop/postdoc_PhLAM/NO_HOPG/data/vaspdata.Ei.0.1.Ts.100.NO.rand.zpe/vasprun-84.xml
81,1206,1,/Users/samuel/Desktop/postdoc_PhLAM/NO_HOPG/data/vaspdata.Ei.0.1.Ts.100.NO.rand.zpe/vasprun-84.xml
82,498,1,/Users/samuel/Desktop/postdoc_PhLAM/NO_HOPG/data/vaspdata.Ei.0.1.Ts.100.NO.rand.zpe/vasprun-85.xml
82,501,1,/Users/samuel/Desktop/postdoc_PhLAM/NO_HOPG/data/vaspdata.Ei.0.1.Ts.100.NO.rand.zpe/vasprun-85.xml
82,505,1,/Users/samuel/Desktop/postdoc_PhLAM/NO_HOPG/data/vaspdata.Ei.0.1.Ts.100.NO.rand.zpe/vasprun-85.xml
82,597,1,/Users/samuel/Desktop/postdoc_PhLAM/NO_HOPG/data/vaspdata.Ei.0.1.Ts.100.NO.rand.zpe/vasprun-85.xml
82,706,1,/Users/samuel/Desktop/postdoc_PhLAM/NO_HOPG/data/vaspdata.Ei.0.1.Ts.100.NO.rand.zpe/vasprun-85.xml
82,1080,1,/Users/samuel/Desktop/postdoc_PhLAM/NO_HOPG/data/vaspdata.Ei.0.1.Ts.100.NO.rand.zpe/vasprun-85.xml
83,211,1,/Users/samuel/Desktop/postdoc_PhLAM/NO_HOPG/data/vaspdata.Ei.0.1.Ts.100.NO.rand.zpe/vasprun-86.xml
83,587,1,/Users/samuel/Desktop/postdoc_PhLAM/NO_HOPG/data/vaspdata.Ei.0.1.Ts.100.NO.rand.zpe/vasprun-86.xml
83,596,1,/Users/samuel/Desktop/postdoc_PhLAM/NO_HOPG/data/vaspdata.Ei.0.1.Ts.100.NO.rand.zpe/vasprun-86.xml
83,918,1,/Users/samuel/Desktop/postdoc_PhLAM/NO_HOPG/data/vaspdata.Ei.0.1.Ts.100.NO.rand.zpe/vasprun-86.xml
83,1095,1,/Users/samuel/Desktop/postdoc_PhLAM/NO_HOPG/data/vaspdata.Ei.0.1.Ts.100.NO.rand.zpe/vasprun-86.xml
83,1176,1,/Users/samuel/Desktop/postdoc_PhLAM/NO_HOPG/data/vaspdata.Ei.0.1.Ts.100.NO.rand.zpe/vasprun-86.xml
84,281,1,/Users/samuel/Desktop/postdoc_PhLAM/NO_HOPG/data/vaspdata.Ei.0.1.Ts.100.NO.rand.zpe/vasprun-87.xml
84,306,1,/Users/samuel/Desktop/postdoc_PhLAM/NO_HOPG/data/vaspdata.Ei.0.1.Ts.100.NO.rand.zpe/vasprun-87.xml
84,309,1,/Users/samuel/Desktop/postdoc_PhLAM/NO_HOPG/data/vaspdata.Ei.0.1.Ts.100.NO.rand.zpe/vasprun-87.xml
84,488,1,/Users/samuel/Desktop/postdoc_PhLAM/NO_HOPG/data/vaspdata.Ei.0.1.Ts.100.NO.rand.zpe/vasprun-87.xml
84,503,1,/Users/samuel/Desktop/postdoc_PhLAM/NO_HOPG/data/vaspdata.Ei.0.1.Ts.100.NO.rand.zpe/vasprun-87.xml
84,512,1,/Users/samuel/Desktop/postdoc_PhLAM/NO_HOPG/data/vaspdata.Ei.0.1.Ts.100.NO.rand.zpe/vasprun-87.xml
84,536,1,/Users/samuel/Desktop/postdoc_PhLAM/NO_HOPG/data/vaspdata.Ei.0.1.Ts.100.NO.rand.zpe/vasprun-87.xml
84,552,1,/Users/samuel/Desktop/postdoc_PhLAM/NO_HOPG/data/vaspdata.Ei.0.1.Ts.100.NO.rand.zpe/vasprun-87.xml
84,592,1,/Users/samuel/Desktop/postdoc_PhLAM/NO_HOPG/data/vaspdata.Ei.0.1.Ts.100.NO.rand.zpe/vasprun-87.xml
84,689,1,/Users/samuel/Desktop/postdoc_PhLAM/NO_HOPG/data/vaspdata.Ei.0.1.Ts.100.NO.rand.zpe/vasprun-87.xml
84,714,1,/Users/samuel/Desktop/postdoc_PhLAM/NO_HOPG/data/vaspdata.Ei.0.1.Ts.100.NO.rand.zpe/vasprun-87.xml
84,1106,1,/Users/samuel/Desktop/postdoc_PhLAM/NO_HOPG/data/vaspdata.Ei.0.1.Ts.100.NO.rand.zpe/vasprun-87.xml
85,405,1,/Users/samuel/Desktop/postdoc_PhLAM/NO_HOPG/data/vaspdata.Ei.0.1.Ts.100.NO.rand.zpe/vasprun-88.xml
85,533,1,/Users/samuel/Desktop/postdoc_PhLAM/NO_HOPG/data/vaspdata.Ei.0.1.Ts.100.NO.rand.zpe/vasprun-88.xml
85,555,1,/Users/samuel/Desktop/postdoc_PhLAM/NO_HOPG/data/vaspdata.Ei.0.1.Ts.100.NO.rand.zpe/vasprun-88.xml
85,572,1,/Users/samuel/Desktop/postdoc_PhLAM/NO_HOPG/data/vaspdata.Ei.0.1.Ts.100.NO.rand.zpe/vasprun-88.xml
85,580,1,/Users/samuel/Desktop/postdoc_PhLAM/NO_HOPG/data/vaspdata.Ei.0.1.Ts.100.NO.rand.zpe/vasprun-88.xml
85,663,1,/Users/samuel/Desktop/postdoc_PhLAM/NO_HOPG/data/vaspdata.Ei.0.1.Ts.100.NO.rand.zpe/vasprun-88.xml
85,972,1,/Users/samuel/Desktop/postdoc_PhLAM/NO_HOPG/data/vaspdata.Ei.0.1.Ts.100.NO.rand.zpe/vasprun-88.xml
85,1121,1,/Users/samuel/Desktop/postdoc_PhLAM/NO_HOPG/data/vaspdata.Ei.0.1.Ts.100.NO.rand.zpe/vasprun-88.xml
86,298,1,/Users/samuel/Desktop/postdoc_PhLAM/NO_HOPG/data/vaspdata.Ei.0.1.Ts.100.NO.rand.zpe/vasprun-89.xml
86,398,1,/Users/samuel/Desktop/postdoc_PhLAM/NO_HOPG/data/vaspdata.Ei.0.1.Ts.100.NO.rand.zpe/vasprun-89.xml
86,408,1,/Users/samuel/Desktop/postdoc_PhLAM/NO_HOPG/data/vaspdata.Ei.0.1.Ts.100.NO.rand.zpe/vasprun-89.xml
86,416,1,/Users/samuel/Desktop/postdoc_PhLAM/NO_HOPG/data/vaspdata.Ei.0.1.Ts.100.NO.rand.zpe/vasprun-89.xml
86,460,1,/Users/samuel/Desktop/postdoc_PhLAM/NO_HOPG/data/vaspdata.Ei.0.1.Ts.100.NO.rand.zpe/vasprun-89.xml
86,483,1,/Users/samuel/Desktop/postdoc_PhLAM/NO_HOPG/data/vaspdata.Ei.0.1.Ts.100.NO.rand.zpe/vasprun-89.xml
86,513,1,/Users/samuel/Desktop/postdoc_PhLAM/NO_HOPG/data/vaspdata.Ei.0.1.Ts.100.NO.rand.zpe/vasprun-89.xml
86,537,1,/Users/samuel/Desktop/postdoc_PhLAM/NO_HOPG/data/vaspdata.Ei.0.1.Ts.100.NO.rand.zpe/vasprun-89.xml
86,540,1,/Users/samuel/Desktop/postdoc_PhLAM/NO_HOPG/data/vaspdata.Ei.0.1.Ts.100.NO.rand.zpe/vasprun-89.xml
86,641,1,/Users/samuel/Desktop/postdoc_PhLAM/NO_HOPG/data/vaspdata.Ei.0.1.Ts.100.NO.rand.zpe/vasprun-89.xml
86,769,1,/Users/samuel/Desktop/postdoc_PhLAM/NO_HOPG/data/vaspdata.Ei.0.1.Ts.100.NO.rand.zpe/vasprun-89.xml
86,910,1,/Users/samuel/Desktop/postdoc_PhLAM/NO_HOPG/data/vaspdata.Ei.0.1.Ts.100.NO.rand.zpe/vasprun-89.xml
86,924,1,/Users/samuel/Desktop/postdoc_PhLAM/NO_HOPG/data/vaspdata.Ei.0.1.Ts.100.NO.rand.zpe/vasprun-89.xml
86,1065,1,/Users/samuel/Desktop/postdoc_PhLAM/NO_HOPG/data/vaspdata.Ei.0.1.Ts.100.NO.rand.zpe/vasprun-89.xml
86,1072,1,/Users/samuel/Desktop/postdoc_PhLAM/NO_HOPG/data/vaspdata.Ei.0.1.Ts.100.NO.rand.zpe/vasprun-89.xml
86,1150,1,/Users/samuel/Desktop/postdoc_PhLAM/NO_HOPG/data/vaspdata.Ei.0.1.Ts.100.NO.rand.zpe/vasprun-89.xml
86,1172,1,/Users/samuel/Desktop/postdoc_PhLAM/NO_HOPG/data/vaspdata.Ei.0.1.Ts.100.NO.rand.zpe/vasprun-89.xml
86,1174,1,/Users/samuel/Desktop/postdoc_PhLAM/NO_HOPG/data/vaspdata.Ei.0.1.Ts.100.NO.rand.zpe/vasprun-89.xml
87,578,1,/Users/samuel/Desktop/postdoc_PhLAM/NO_HOPG/data/vaspdata.Ei.0.1.Ts.100.NO.rand.zpe/vasprun-9.xml
87,682,1,/Users/samuel/Desktop/postdoc_PhLAM/NO_HOPG/data/vaspdata.Ei.0.1.Ts.100.NO.rand.zpe/vasprun-9.xml
88,289,1,/Users/samuel/Desktop/postdoc_PhLAM/NO_HOPG/data/vaspdata.Ei.0.1.Ts.100.NO.rand.zpe/vasprun-90.xml
88,421,1,/Users/samuel/Desktop/postdoc_PhLAM/NO_HOPG/data/vaspdata.Ei.0.1.Ts.100.NO.rand.zpe/vasprun-90.xml
88,514,1,/Users/samuel/Desktop/postdoc_PhLAM/NO_HOPG/data/vaspdata.Ei.0.1.Ts.100.NO.rand.zpe/vasprun-90.xml
88,581,1,/Users/samuel/Desktop/postdoc_PhLAM/NO_HOPG/data/vaspdata.Ei.0.1.Ts.100.NO.rand.zpe/vasprun-90.xml
88,618,1,/Users/samuel/Desktop/postdoc_PhLAM/NO_HOPG/data/vaspdata.Ei.0.1.Ts.100.NO.rand.zpe/vasprun-90.xml
88,972,1,/Users/samuel/Desktop/postdoc_PhLAM/NO_HOPG/data/vaspdata.Ei.0.1.Ts.100.NO.rand.zpe/vasprun-90.xml
88,1057,1,/Users/samuel/Desktop/postdoc_PhLAM/NO_HOPG/data/vaspdata.Ei.0.1.Ts.100.NO.rand.zpe/vasprun-90.xml
89,227,1,/Users/samuel/Desktop/postdoc_PhLAM/NO_HOPG/data/vaspdata.Ei.0.1.Ts.100.NO.rand.zpe/vasprun-91.xml
89,307,1,/Users/samuel/Desktop/postdoc_PhLAM/NO_HOPG/data/vaspdata.Ei.0.1.Ts.100.NO.rand.zpe/vasprun-91.xml
89,432,1,/Users/samuel/Desktop/postdoc_PhLAM/NO_HOPG/data/vaspdata.Ei.0.1.Ts.100.NO.rand.zpe/vasprun-91.xml
89,677,1,/Users/samuel/Desktop/postdoc_PhLAM/NO_HOPG/data/vaspdata.Ei.0.1.Ts.100.NO.rand.zpe/vasprun-91.xml
89,975,1,/Users/samuel/Desktop/postdoc_PhLAM/NO_HOPG/data/vaspdata.Ei.0.1.Ts.100.NO.rand.zpe/vasprun-91.xml
89,1042,1,/Users/samuel/Desktop/postdoc_PhLAM/NO_HOPG/data/vaspdata.Ei.0.1.Ts.100.NO.rand.zpe/vasprun-91.xml
89,1156,1,/Users/samuel/Desktop/postdoc_PhLAM/NO_HOPG/data/vaspdata.Ei.0.1.Ts.100.NO.rand.zpe/vasprun-91.xml
90,266,1,/Users/samuel/Desktop/postdoc_PhLAM/NO_HOPG/data/vaspdata.Ei.0.1.Ts.100.NO.rand.zpe/vasprun-92.xml
90,490,1,/Users/samuel/Desktop/postdoc_PhLAM/NO_HOPG/data/vaspdata.Ei.0.1.Ts.100.NO.rand.zpe/vasprun-92.xml
90,593,1,/Users/samuel/Desktop/postdoc_PhLAM/NO_HOPG/data/vaspdata.Ei.0.1.Ts.100.NO.rand.zpe/vasprun-92.xml
90,671,1,/Users/samuel/Desktop/postdoc_PhLAM/NO_HOPG/data/vaspdata.Ei.0.1.Ts.100.NO.rand.zpe/vasprun-92.xml
90,1197,1,/Users/samuel/Desktop/postdoc_PhLAM/NO_HOPG/data/vaspdata.Ei.0.1.Ts.100.NO.rand.zpe/vasprun-92.xml
91,312,1,/Users/samuel/Desktop/postdoc_PhLAM/NO_HOPG/data/vaspdata.Ei.0.1.Ts.100.NO.rand.zpe/vasprun-93.xml
91,452,1,/Users/samuel/Desktop/postdoc_PhLAM/NO_HOPG/data/vaspdata.Ei.0.1.Ts.100.NO.rand.zpe/vasprun-93.xml
91,490,1,/Users/samuel/Desktop/postdoc_PhLAM/NO_HOPG/data/vaspdata.Ei.0.1.Ts.100.NO.rand.zpe/vasprun-93.xml
91,538,1,/Users/samuel/Desktop/postdoc_PhLAM/NO_HOPG/data/vaspdata.Ei.0.1.Ts.100.NO.rand.zpe/vasprun-93.xml
91,589,1,/Users/samuel/Desktop/postdoc_PhLAM/NO_HOPG/data/vaspdata.Ei.0.1.Ts.100.NO.rand.zpe/vasprun-93.xml
91,636,1,/Users/samuel/Desktop/postdoc_PhLAM/NO_HOPG/data/vaspdata.Ei.0.1.Ts.100.NO.rand.zpe/vasprun-93.xml
91,719,1,/Users/samuel/Desktop/postdoc_PhLAM/NO_HOPG/data/vaspdata.Ei.0.1.Ts.100.NO.rand.zpe/vasprun-93.xml
91,728,1,/Users/samuel/Desktop/postdoc_PhLAM/NO_HOPG/data/vaspdata.Ei.0.1.Ts.100.NO.rand.zpe/vasprun-93.xml
91,966,1,/Users/samuel/Desktop/postdoc_PhLAM/NO_HOPG/data/vaspdata.Ei.0.1.Ts.100.NO.rand.zpe/vasprun-93.xml
91,1073,1,/Users/samuel/Desktop/postdoc_PhLAM/NO_HOPG/data/vaspdata.Ei.0.1.Ts.100.NO.rand.zpe/vasprun-93.xml
92,104,1,/Users/samuel/Desktop/postdoc_PhLAM/NO_HOPG/data/vaspdata.Ei.0.1.Ts.100.NO.rand.zpe/vasprun-95.xml
92,206,1,/Users/samuel/Desktop/postdoc_PhLAM/NO_HOPG/data/vaspdata.Ei.0.1.Ts.100.NO.rand.zpe/vasprun-95.xml
92,397,1,/Users/samuel/Desktop/postdoc_PhLAM/NO_HOPG/data/vaspdata.Ei.0.1.Ts.100.NO.rand.zpe/vasprun-95.xml
92,508,1,/Users/samuel/Desktop/postdoc_PhLAM/NO_HOPG/data/vaspdata.Ei.0.1.Ts.100.NO.rand.zpe/vasprun-95.xml
92,807,1,/Users/samuel/Desktop/postdoc_PhLAM/NO_HOPG/data/vaspdata.Ei.0.1.Ts.100.NO.rand.zpe/vasprun-95.xml
92,1104,1,/Users/samuel/Desktop/postdoc_PhLAM/NO_HOPG/data/vaspdata.Ei.0.1.Ts.100.NO.rand.zpe/vasprun-95.xml
92,1227,1,/Users/samuel/Desktop/postdoc_PhLAM/NO_HOPG/data/vaspdata.Ei.0.1.Ts.100.NO.rand.zpe/vasprun-95.xml
93,192,1,/Users/samuel/Desktop/postdoc_PhLAM/NO_HOPG/data/vaspdata.Ei.0.1.Ts.100.NO.rand.zpe/vasprun-96.xml
93,403,1,/Users/samuel/Desktop/postdoc_PhLAM/NO_HOPG/data/vaspdata.Ei.0.1.Ts.100.NO.rand.zpe/vasprun-96.xml
93,489,1,/Users/samuel/Desktop/postdoc_PhLAM/NO_HOPG/data/vaspdata.Ei.0.1.Ts.100.NO.rand.zpe/vasprun-96.xml
93,523,1,/Users/samuel/Desktop/postdoc_PhLAM/NO_HOPG/data/vaspdata.Ei.0.1.Ts.100.NO.rand.zpe/vasprun-96.xml
93,538,1,/Users/samuel/Desktop/postdoc_PhLAM/NO_HOPG/data/vaspdata.Ei.0.1.Ts.100.NO.rand.zpe/vasprun-96.xml
93,546,1,/Users/samuel/Desktop/postdoc_PhLAM/NO_HOPG/data/vaspdata.Ei.0.1.Ts.100.NO.rand.zpe/vasprun-96.xml
93,601,1,/Users/samuel/Desktop/postdoc_PhLAM/NO_HOPG/data/vaspdata.Ei.0.1.Ts.100.NO.rand.zpe/vasprun-96.xml
93,686,1,/Users/samuel/Desktop/postdoc_PhLAM/NO_HOPG/data/vaspdata.Ei.0.1.Ts.100.NO.rand.zpe/vasprun-96.xml
93,925,1,/Users/samuel/Desktop/postdoc_PhLAM/NO_HOPG/data/vaspdata.Ei.0.1.Ts.100.NO.rand.zpe/vasprun-96.xml
93,1003,1,/Users/samuel/Desktop/postdoc_PhLAM/NO_HOPG/data/vaspdata.Ei.0.1.Ts.100.NO.rand.zpe/vasprun-96.xml
93,1009,1,/Users/samuel/Desktop/postdoc_PhLAM/NO_HOPG/data/vaspdata.Ei.0.1.Ts.100.NO.rand.zpe/vasprun-96.xml
93,1043,1,/Users/samuel/Desktop/postdoc_PhLAM/NO_HOPG/data/vaspdata.Ei.0.1.Ts.100.NO.rand.zpe/vasprun-96.xml
93,1142,1,/Users/samuel/Desktop/postdoc_PhLAM/NO_HOPG/data/vaspdata.Ei.0.1.Ts.100.NO.rand.zpe/vasprun-96.xml
93,1179,1,/Users/samuel/Desktop/postdoc_PhLAM/NO_HOPG/data/vaspdata.Ei.0.1.Ts.100.NO.rand.zpe/vasprun-96.xml
94,37,1,/Users/samuel/Desktop/postdoc_PhLAM/NO_HOPG/data/vaspdata.Ei.0.1.Ts.100.NO.rand.zpe/vasprun-97.xml
94,358,1,/Users/samuel/Desktop/postdoc_PhLAM/NO_HOPG/data/vaspdata.Ei.0.1.Ts.100.NO.rand.zpe/vasprun-97.xml
94,521,1,/Users/samuel/Desktop/postdoc_PhLAM/NO_HOPG/data/vaspdata.Ei.0.1.Ts.100.NO.rand.zpe/vasprun-97.xml
94,531,1,/Users/samuel/Desktop/postdoc_PhLAM/NO_HOPG/data/vaspdata.Ei.0.1.Ts.100.NO.rand.zpe/vasprun-97.xml
94,544,1,/Users/samuel/Desktop/postdoc_PhLAM/NO_HOPG/data/vaspdata.Ei.0.1.Ts.100.NO.rand.zpe/vasprun-97.xml
94,548,1,/Users/samuel/Desktop/postdoc_PhLAM/NO_HOPG/data/vaspdata.Ei.0.1.Ts.100.NO.rand.zpe/vasprun-97.xml
94,582,1,/Users/samuel/Desktop/postdoc_PhLAM/NO_HOPG/data/vaspdata.Ei.0.1.Ts.100.NO.rand.zpe/vasprun-97.xml
94,673,1,/Users/samuel/Desktop/postdoc_PhLAM/NO_HOPG/data/vaspdata.Ei.0.1.Ts.100.NO.rand.zpe/vasprun-97.xml
94,934,1,/Users/samuel/Desktop/postdoc_PhLAM/NO_HOPG/data/vaspdata.Ei.0.1.Ts.100.NO.rand.zpe/vasprun-97.xml
95,29,1,/Users/samuel/Desktop/postdoc_PhLAM/NO_HOPG/data/vaspdata.Ei.0.1.Ts.100.NO.rand.zpe/vasprun-98.xml
95,382,1,/Users/samuel/Desktop/postdoc_PhLAM/NO_HOPG/data/vaspdata.Ei.0.1.Ts.100.NO.rand.zpe/vasprun-98.xml
95,438,1,/Users/samuel/Desktop/postdoc_PhLAM/NO_HOPG/data/vaspdata.Ei.0.1.Ts.100.NO.rand.zpe/vasprun-98.xml
95,507,1,/Users/samuel/Desktop/postdoc_PhLAM/NO_HOPG/data/vaspdata.Ei.0.1.Ts.100.NO.rand.zpe/vasprun-98.xml
95,518,1,/Users/samuel/Desktop/postdoc_PhLAM/NO_HOPG/data/vaspdata.Ei.0.1.Ts.100.NO.rand.zpe/vasprun-98.xml
95,610,1,/Users/samuel/Desktop/postdoc_PhLAM/NO_HOPG/data/vaspdata.Ei.0.1.Ts.100.NO.rand.zpe/vasprun-98.xml
95,633,2,/Users/samuel/Desktop/postdoc_PhLAM/NO_HOPG/data/vaspdata.Ei.0.1.Ts.100.NO.rand.zpe/vasprun-98.xml
95,724,1,/Users/samuel/Desktop/postdoc_PhLAM/NO_HOPG/data/vaspdata.Ei.0.1.Ts.100.NO.rand.zpe/vasprun-98.xml
95,764,1,/Users/samuel/Desktop/postdoc_PhLAM/NO_HOPG/data/vaspdata.Ei.0.1.Ts.100.NO.rand.zpe/vasprun-98.xml
95,786,1,/Users/samuel/Desktop/postdoc_PhLAM/NO_HOPG/data/vaspdata.Ei.0.1.Ts.100.NO.rand.zpe/vasprun-98.xml
95,893,1,/Users/samuel/Desktop/postdoc_PhLAM/NO_HOPG/data/vaspdata.Ei.0.1.Ts.100.NO.rand.zpe/vasprun-98.xml
95,904,1,/Users/samuel/Desktop/postdoc_PhLAM/NO_HOPG/data/vaspdata.Ei.0.1.Ts.100.NO.rand.zpe/vasprun-98.xml
95,935,1,/Users/samuel/Desktop/postdoc_PhLAM/NO_HOPG/data/vaspdata.Ei.0.1.Ts.100.NO.rand.zpe/vasprun-98.xml
95,1176,1,/Users/samuel/Desktop/postdoc_PhLAM/NO_HOPG/data/vaspdata.Ei.0.1.Ts.100.NO.rand.zpe/vasprun-98.xml
95,1209,1,/Users/samuel/Desktop/postdoc_PhLAM/NO_HOPG/data/vaspdata.Ei.0.1.Ts.100.NO.rand.zpe/vasprun-98.xml
96,376,1,/Users/samuel/Desktop/postdoc_PhLAM/NO_HOPG/data/vaspdata.Ei.0.1.Ts.100.NO.rand.zpe/vasprun-99.xml
96,394,1,/Users/samuel/Desktop/postdoc_PhLAM/NO_HOPG/data/vaspdata.Ei.0.1.Ts.100.NO.rand.zpe/vasprun-99.xml
96,454,1,/Users/samuel/Desktop/postdoc_PhLAM/NO_HOPG/data/vaspdata.Ei.0.1.Ts.100.NO.rand.zpe/vasprun-99.xml
96,499,1,/Users/samuel/Desktop/postdoc_PhLAM/NO_HOPG/data/vaspdata.Ei.0.1.Ts.100.NO.rand.zpe/vasprun-99.xml
96,616,1,/Users/samuel/Desktop/postdoc_PhLAM/NO_HOPG/data/vaspdata.Ei.0.1.Ts.100.NO.rand.zpe/vasprun-99.xml
96,676,1,/Users/samuel/Desktop/postdoc_PhLAM/NO_HOPG/data/vaspdata.Ei.0.1.Ts.100.NO.rand.zpe/vasprun-99.xml
96,1072,1,/Users/samuel/Desktop/postdoc_PhLAM/NO_HOPG/data/vaspdata.Ei.0.1.Ts.100.NO.rand.zpe/vasprun-99.xml
96,1199,1,/Users/samuel/Desktop/postdoc_PhLAM/NO_HOPG/data/vaspdata.Ei.0.1.Ts.100.NO.rand.zpe/vasprun-99.xml
96,1204,1,/Users/samuel/Desktop/postdoc_PhLAM/NO_HOPG/data/vaspdata.Ei.0.1.Ts.100.NO.rand.zpe/vasprun-99.xml
