file_id,struct_id,n_atoms_hit,file_path
0,332,1,/Users/samuel/Desktop/postdoc_PhLAM/NO_HOPG/data/vaspdata.Ei.0.1.Ts.100.NO.rand.zpe/vasprun-1.xml
0,413,1,/Users/samuel/Desktop/postdoc_PhLAM/NO_HOPG/data/vaspdata.Ei.0.1.Ts.100.NO.rand.zpe/vasprun-1.xml
0,507,1,/Users/samuel/Desktop/postdoc_PhLAM/NO_HOPG/data/vaspdata.Ei.0.1.Ts.100.NO.rand.zpe/vasprun-1.xml
0,526,1,/Users/samuel/Desktop/postdoc_PhLAM/NO_HOPG/data/vaspdata.Ei.0.1.Ts.100.NO.rand.zpe/vasprun-1.xml
0,546,1,/Users/samuel/Desktop/postdoc_PhLAM/NO_HOPG/data/vaspdata.Ei.0.1.Ts.100.NO.rand.zpe/vasprun-1.xml
0,547,1,/Users/samuel/Desktop/postdoc_PhLAM/NO_HOPG/data/vaspdata.Ei.0.1.Ts.100.NO.rand.zpe/vasprun-1.xml
0,552,1,/Users/samuel/Desktop/postdoc_PhLAM/NO_HOPG/data/vaspdata.Ei.0.1.Ts.100.NO.rand.zpe/vasprun-1.xml
0,553,1,/Users/samuel/Desktop/postdoc_PhLAM/NO_HOPG/data/vaspdata.Ei.0.1.Ts.100.NO.rand.zpe/vasprun-1.xml
0,577,1,/Users/samuel/Desktop/postdoc_PhLAM/NO_HOPG/data/vaspdata.Ei.0.1.Ts.100.NO.rand.zpe/vasprun-1.xml
0,583,1,/Users/samuel/Desktop/postdoc_PhLAM/NO_HOPG/data/vaspdata.Ei.0.1.Ts.100.NO.rand.zpe/vasprun-1.xml
0,614,1,/Users/samuel/Desktop/postdoc_PhLAM/NO_HOPG/data/vaspdata.Ei.0.1.Ts.100.NO.rand.zpe/vasprun-1.xml
0,684,1,/Users/samuel/Desktop/postdoc_PhLAM/NO_HOPG/data/vaspdata.Ei.0.1.Ts.100.NO.rand.zpe/vasprun-1.xml
0,767,1,/Users/samuel/Desktop/postdoc_PhLAM/NO_HOPG/data/vaspdata.Ei.0.1.Ts.100.NO.rand.zpe/vasprun-1.xml
0,770,1,/Users/samuel/Desktop/postdoc_PhLAM/NO_HOPG/data/vaspdata.Ei.0.1.Ts.100.NO.rand.zpe/vasprun-1.xml
0,907,1,/Users/samuel/Desktop/postdoc_PhLAM/NO_HOPG/data/vaspdata.Ei.0.1.Ts.100.NO.rand.zpe/vasprun-1.xml
0,940,1,/Users/samuel/Desktop/postdoc_PhLAM/NO_HOPG/data/vaspdata.Ei.0.1.Ts.100.NO.rand.zpe/vasprun-1.xml
0,1086,2,/Users/samuel/Desktop/postdoc_PhLAM/NO_HOPG/data/vaspdata.Ei.0.1.Ts.100.NO.rand.zpe/vasprun-1.xml
0,1113,1,/Users/samuel/Desktop/postdoc_PhLAM/NO_HOPG/data/vaspdata.Ei.0.1.Ts.100.NO.rand.zpe/vasprun-1.xml
0,1128,2,/Users/samuel/Desktop/postdoc_PhLAM/NO_HOPG/data/vaspdata.Ei.0.1.Ts.100.NO.rand.zpe/vasprun-1.xml
0,1134,1,/Users/samuel/Desktop/postdoc_PhLAM/NO_HOPG/data/vaspdata.Ei.0.1.Ts.100.NO.rand.zpe/vasprun-1.xml
0,1135,1,/Users/samuel/Desktop/postdoc_PhLAM/NO_HOPG/data/vaspdata.Ei.0.1.Ts.100.NO.rand.zpe/vasprun-1.xml
0,1141,1,/Users/samuel/Desktop/postdoc_PhLAM/NO_HOPG/data/vaspdata.Ei.0.1.Ts.100.NO.rand.zpe/vasprun-1.xml
0,1158,1,/Users/samuel/Desktop/postdoc_PhLAM/NO_HOPG/data/vaspdata.Ei.0.1.Ts.100.NO.rand.zpe/vasprun-1.xml
1,414,1,/Users/samuel/Desktop/postdoc_PhLAM/NO_HOPG/data/vaspdata.Ei.0.1.Ts.100.NO.rand.zpe/vasprun-10.xml
1,442,1,/Users/samuel/Desktop/postdoc_PhLAM/NO_HOPG/data/vaspdata.Ei.0.1.Ts.100.NO.rand.zpe/vasprun-10.xml
1,443,1,/Users/samuel/Desktop/postdoc_PhLAM/NO_HOPG/data/vaspdata.Ei.0.1.Ts.100.NO.rand.zpe/vasprun-10.xml
1,605,1,/Users/samuel/Desktop/postdoc_PhLAM/NO_HOPG/data/vaspdata.Ei.0.1.Ts.100.NO.rand.zpe/vasprun-10.xml
1,720,1,/Users/samuel/Desktop/postdoc_PhLAM/NO_HOPG/data/vaspdata.Ei.0.1.Ts.100.NO.rand.zpe/vasprun-10.xml
1,748,1,/Users/samuel/Desktop/postdoc_PhLAM/NO_HOPG/data/vaspdata.Ei.0.1.Ts.100.NO.rand.zpe/vasprun-10.xml
1,778,1,/Users/samuel/Desktop/postdoc_PhLAM/NO_HOPG/data/vaspdata.Ei.0.1.Ts.100.NO.rand.zpe/vasprun-10.xml
1,802,1,/Users/samuel/Desktop/postdoc_PhLAM/NO_HOPG/data/vaspdata.Ei.0.1.Ts.100.NO.rand.zpe/vasprun-10.xml
1,814,1,/Users/samuel/Desktop/postdoc_PhLAM/NO_HOPG/data/vaspdata.Ei.0.1.Ts.100.NO.rand.zpe/vasprun-10.xml
1,1008,1,/Users/samuel/Desktop/postdoc_PhLAM/NO_HOPG/data/vaspdata.Ei.0.1.Ts.100.NO.rand.zpe/vasprun-10.xml
1,1084,1,/Users/samuel/Desktop/postdoc_PhLAM/NO_HOPG/data/vaspdata.Ei.0.1.Ts.100.NO.rand.zpe/vasprun-10.xml
1,1100,1,/Users/samuel/Desktop/postdoc_PhLAM/NO_HOPG/data/vaspdata.Ei.0.1.Ts.100.NO.rand.zpe/vasprun-10.xml
1,1114,1,/Users/samuel/Desktop/postdoc_PhLAM/NO_HOPG/data/vaspdata.Ei.0.1.Ts.100.NO.rand.zpe/vasprun-10.xml
2,253,1,/Users/samuel/Desktop/postdoc_PhLAM/NO_HOPG/data/vaspdata.Ei.0.1.Ts.100.NO.rand.zpe/vasprun-100.xml
2,464,1,/Users/samuel/Desktop/postdoc_PhLAM/NO_HOPG/data/vaspdata.Ei.0.1.Ts.100.NO.rand.zpe/vasprun-100.xml
2,477,1,/Users/samuel/Desktop/postdoc_PhLAM/NO_HOPG/data/vaspdata.Ei.0.1.Ts.100.NO.rand.zpe/vasprun-100.xml
2,559,1,/Users/samuel/Desktop/postdoc_PhLAM/NO_HOPG/data/vaspdata.Ei.0.1.Ts.100.NO.rand.zpe/vasprun-100.xml
2,903,1,/Users/samuel/Desktop/postdoc_PhLAM/NO_HOPG/data/vaspdata.Ei.0.1.Ts.100.NO.rand.zpe/vasprun-100.xml
3,467,1,/Users/samuel/Desktop/postdoc_PhLAM/NO_HOPG/data/vaspdata.Ei.0.1.Ts.100.NO.rand.zpe/vasprun-11.xml
3,503,1,/Users/samuel/Desktop/postdoc_PhLAM/NO_HOPG/data/vaspdata.Ei.0.1.Ts.100.NO.rand.zpe/vasprun-11.xml
3,584,1,/Users/samuel/Desktop/postdoc_PhLAM/NO_HOPG/data/vaspdata.Ei.0.1.Ts.100.NO.rand.zpe/vasprun-11.xml
3,741,1,/Users/samuel/Desktop/postdoc_PhLAM/NO_HOPG/data/vaspdata.Ei.0.1.Ts.100.NO.rand.zpe/vasprun-11.xml
3,787,1,/Users/samuel/Desktop/postdoc_PhLAM/NO_HOPG/data/vaspdata.Ei.0.1.Ts.100.NO.rand.zpe/vasprun-11.xml
3,926,1,/Users/samuel/Desktop/postdoc_PhLAM/NO_HOPG/data/vaspdata.Ei.0.1.Ts.100.NO.rand.zpe/vasprun-11.xml
4,408,1,/Users/samuel/Desktop/postdoc_PhLAM/NO_HOPG/data/vaspdata.Ei.0.1.Ts.100.NO.rand.zpe/vasprun-12.xml
4,507,1,/Users/samuel/Desktop/postdoc_PhLAM/NO_HOPG/data/vaspdata.Ei.0.1.Ts.100.NO.rand.zpe/vasprun-12.xml
4,518,1,/Users/samuel/Desktop/postdoc_PhLAM/NO_HOPG/data/vaspdata.Ei.0.1.Ts.100.NO.rand.zpe/vasprun-12.xml
4,535,1,/Users/samuel/Desktop/postdoc_PhLAM/NO_HOPG/data/vaspdata.Ei.0.1.Ts.100.NO.rand.zpe/vasprun-12.xml
4,580,1,/Users/samuel/Desktop/postdoc_PhLAM/NO_HOPG/data/vaspdata.Ei.0.1.Ts.100.NO.rand.zpe/vasprun-12.xml
4,585,1,/Users/samuel/Desktop/postdoc_PhLAM/NO_HOPG/data/vaspdata.Ei.0.1.Ts.100.NO.rand.zpe/vasprun-12.xml
4,645,1,/Users/samuel/Desktop/postdoc_PhLAM/NO_HOPG/data/vaspdata.Ei.0.1.Ts.100.NO.rand.zpe/vasprun-12.xml
4,676,1,/Users/samuel/Desktop/postdoc_PhLAM/NO_HOPG/data/vaspdata.Ei.0.1.Ts.100.NO.rand.zpe/vasprun-12.xml
4,1123,1,/Users/samuel/Desktop/postdoc_PhLAM/NO_HOPG/data/vaspdata.Ei.0.1.Ts.100.NO.rand.zpe/vasprun-12.xml
5,461,1,/Users/samuel/Desktop/postdoc_PhLAM/NO_HOPG/data/vaspdata.Ei.0.1.Ts.100.NO.rand.zpe/vasprun-13.xml
5,501,2,/Users/samuel/Desktop/postdoc_PhLAM/NO_HOPG/data/vaspdata.Ei.0.1.Ts.100.NO.rand.zpe/vasprun-13.xml
5,525,1,/Users/samuel/Desktop/postdoc_PhLAM/NO_HOPG/data/vaspdata.Ei.0.1.Ts.100.NO.rand.zpe/vasprun-13.xml
5,542,2,/Users/samuel/Desktop/postdoc_PhLAM/NO_HOPG/data/vaspdata.Ei.0.1.Ts.100.NO.rand.zpe/vasprun-13.xml
5,543,1,/Users/samuel/Desktop/postdoc_PhLAM/NO_HOPG/data/vaspdata.Ei.0.1.Ts.100.NO.rand.zpe/vasprun-13.xml
5,549,1,/Users/samuel/Desktop/postdoc_PhLAM/NO_HOPG/data/vaspdata.Ei.0.1.Ts.100.NO.rand.zpe/vasprun-13.xml
5,551,1,/Users/samuel/Desktop/postdoc_PhLAM/NO_HOPG/data/vaspdata.Ei.0.1.Ts.100.NO.rand.zpe/vasprun-13.xml
5,765,1,/Users/samuel/Desktop/postdoc_PhLAM/NO_HOPG/data/vaspdata.Ei.0.1.Ts.100.NO.rand.zpe/vasprun-13.xml
5,1120,1,/Users/samuel/Desktop/postdoc_PhLAM/NO_HOPG/data/vaspdata.Ei.0.1.Ts.100.NO.rand.zpe/vasprun-13.xml
5,1149,1,/Users/samuel/Desktop/postdoc_PhLAM/NO_HOPG/data/vaspdata.Ei.0.1.Ts.100.NO.rand.zpe/vasprun-13.xml
6,961,1,/Users/samuel/Desktop/postdoc_PhLAM/NO_HOPG/data/vaspdata.Ei.0.1.Ts.100.NO.rand.zpe/vasprun-14.xml
7,96,1,/Users/samuel/Desktop/postdoc_PhLAM/NO_HOPG/data/vaspdata.Ei.0.1.Ts.100.NO.rand.zpe/vasprun-15.xml
7,199,1,/Users/samuel/Desktop/postdoc_PhLAM/NO_HOPG/data/vaspdata.Ei.0.1.Ts.100.NO.rand.zpe/vasprun-15.xml
7,451,1,/Users/samuel/Desktop/postdoc_PhLAM/NO_HOPG/data/vaspdata.Ei.0.1.Ts.100.NO.rand.zpe/vasprun-15.xml
7,464,1,/Users/samuel/Desktop/postdoc_PhLAM/NO_HOPG/data/vaspdata.Ei.0.1.Ts.100.NO.rand.zpe/vasprun-15.xml
7,501,1,/Users/samuel/Desktop/postdoc_PhLAM/NO_HOPG/data/vaspdata.Ei.0.1.Ts.100.NO.rand.zpe/vasprun-15.xml
7,512,1,/Users/samuel/Desktop/postdoc_PhLAM/NO_HOPG/data/vaspdata.Ei.0.1.Ts.100.NO.rand.zpe/vasprun-15.xml
7,524,1,/Users/samuel/Desktop/postdoc_PhLAM/NO_HOPG/data/vaspdata.Ei.0.1.Ts.100.NO.rand.zpe/vasprun-15.xml
7,526,1,/Users/samuel/Desktop/postdoc_PhLAM/NO_HOPG/data/vaspdata.Ei.0.1.Ts.100.NO.rand.zpe/vasprun-15.xml
7,530,1,/Users/samuel/Desktop/postdoc_PhLAM/NO_HOPG/data/vaspdata.Ei.0.1.Ts.100.NO.rand.zpe/vasprun-15.xml
7,536,1,/Users/samuel/Desktop/postdoc_PhLAM/NO_HOPG/data/vaspdata.Ei.0.1.Ts.100.NO.rand.zpe/vasprun-15.xml
7,539,1,/Users/samuel/Desktop/postdoc_PhLAM/NO_HOPG/data/vaspdata.Ei.0.1.Ts.100.NO.rand.zpe/vasprun-15.xml
7,581,1,/Users/samuel/Desktop/postdoc_PhLAM/NO_HOPG/data/vaspdata.Ei.0.1.Ts.100.NO.rand.zpe/vasprun-15.xml
7,593,1,/Users/samuel/Desktop/postdoc_PhLAM/NO_HOPG/data/vaspdata.Ei.0.1.Ts.100.NO.rand.zpe/vasprun-15.xml
7,600,1,/Users/samuel/Desktop/postdoc_PhLAM/NO_HOPG/data/vaspdata.Ei.0.1.Ts.100.NO.rand.zpe/vasprun-15.xml
7,605,1,/Users/samuel/Desktop/postdoc_PhLAM/NO_HOPG/data/vaspdata.Ei.0.1.Ts.100.NO.rand.zpe/vasprun-15.xml
7,608,1,/Users/samuel/Desktop/postdoc_PhLAM/NO_HOPG/data/vaspdata.Ei.0.1.Ts.100.NO.rand.zpe/vasprun-15.xml
7,610,1,/Users/samuel/Desktop/postdoc_PhLAM/NO_HOPG/data/vaspdata.Ei.0.1.Ts.100.NO.rand.zpe/vasprun-15.xml
7,695,1,/Users/samuel/Desktop/postdoc_PhLAM/NO_HOPG/data/vaspdata.Ei.0.1.Ts.100.NO.rand.zpe/vasprun-15.xml
7,701,1,/Users/samuel/Desktop/postdoc_PhLAM/NO_HOPG/data/vaspdata.Ei.0.1.Ts.100.NO.rand.zpe/vasprun-15.xml
7,898,1,/Users/samuel/Desktop/postdoc_PhLAM/NO_HOPG/data/vaspdata.Ei.0.1.Ts.100.NO.rand.zpe/vasprun-15.xml
7,1085,1,/Users/samuel/Desktop/postdoc_PhLAM/NO_HOPG/data/vaspdata.Ei.0.1.Ts.100.NO.rand.zpe/vasprun-15.xml
8,113,1,/Users/samuel/Desktop/postdoc_PhLAM/NO_HOPG/data/vaspdata.Ei.0.1.Ts.100.NO.rand.zpe/vasprun-16.xml
8,417,1,/Users/samuel/Desktop/postdoc_PhLAM/NO_HOPG/data/vaspdata.Ei.0.1.Ts.100.NO.rand.zpe/vasprun-16.xml
8,470,1,/Users/samuel/Desktop/postdoc_PhLAM/NO_HOPG/data/vaspdata.Ei.0.1.Ts.100.NO.rand.zpe/vasprun-16.xml
8,751,1,/Users/samuel/Desktop/postdoc_PhLAM/NO_HOPG/data/vaspdata.Ei.0.1.Ts.100.NO.rand.zpe/vasprun-16.xml
8,1027,1,/Users/samuel/Desktop/postdoc_PhLAM/NO_HOPG/data/vaspdata.Ei.0.1.Ts.100.NO.rand.zpe/vasprun-16.xml
8,1033,1,/Users/samuel/Desktop/postdoc_PhLAM/NO_HOPG/data/vaspdata.Ei.0.1.Ts.100.NO.rand.zpe/vasprun-16.xml
8,1158,1,/Users/samuel/Desktop/postdoc_PhLAM/NO_HOPG/data/vaspdata.Ei.0.1.Ts.100.NO.rand.zpe/vasprun-16.xml
9,149,1,/Users/samuel/Desktop/postdoc_PhLAM/NO_HOPG/data/vaspdata.Ei.0.1.Ts.100.NO.rand.zpe/vasprun-17.xml
9,452,1,/Users/samuel/Desktop/postdoc_PhLAM/NO_HOPG/data/vaspdata.Ei.0.1.Ts.100.NO.rand.zpe/vasprun-17.xml
9,462,1,/Users/samuel/Desktop/postdoc_PhLAM/NO_HOPG/data/vaspdata.Ei.0.1.Ts.100.NO.rand.zpe/vasprun-17.xml
9,467,1,/Users/samuel/Desktop/postdoc_PhLAM/NO_HOPG/data/vaspdata.Ei.0.1.Ts.100.NO.rand.zpe/vasprun-17.xml
9,798,1,/Users/samuel/Desktop/postdoc_PhLAM/NO_HOPG/data/vaspdata.Ei.0.1.Ts.100.NO.rand.zpe/vasprun-17.xml
9,831,1,/Users/samuel/Desktop/postdoc_PhLAM/NO_HOPG/data/vaspdata.Ei.0.1.Ts.100.NO.rand.zpe/vasprun-17.xml
10,209,1,/Users/samuel/Desktop/postdoc_PhLAM/NO_HOPG/data/vaspdata.Ei.0.1.Ts.100.NO.rand.zpe/vasprun-18.xml
10,292,1,/Users/samuel/Desktop/postdoc_PhLAM/NO_HOPG/data/vaspdata.Ei.0.1.Ts.100.NO.rand.zpe/vasprun-18.xml
10,510,1,/Users/samuel/Desktop/postdoc_PhLAM/NO_HOPG/data/vaspdata.Ei.0.1.Ts.100.NO.rand.zpe/vasprun-18.xml
10,630,1,/Users/samuel/Desktop/postdoc_PhLAM/NO_HOPG/data/vaspdata.Ei.0.1.Ts.100.NO.rand.zpe/vasprun-18.xml
10,791,1,/Users/samuel/Desktop/postdoc_PhLAM/NO_HOPG/data/vaspdata.Ei.0.1.Ts.100.NO.rand.zpe/vasprun-18.xml
10,1060,1,/Users/samuel/Desktop/postdoc_PhLAM/NO_HOPG/data/vaspdata.Ei.0.1.Ts.100.NO.rand.zpe/vasprun-18.xml
10,1109,1,/Users/samuel/Desktop/postdoc_PhLAM/NO_HOPG/data/vaspdata.Ei.0.1.Ts.100.NO.rand.zpe/vasprun-18.xml
10,1117,1,/Users/samuel/Desktop/postdoc_PhLAM/NO_HOPG/data/vaspdata.Ei.0.1.Ts.100.NO.rand.zpe/vasprun-18.xml
10,1119,1,/Users/samuel/Desktop/postdoc_PhLAM/NO_HOPG/data/vaspdata.Ei.0.1.Ts.100.NO.rand.zpe/vasprun-18.xml
10,1123,1,/Users/samuel/Desktop/postdoc_PhLAM/NO_HOPG/data/vaspdata.Ei.0.1.Ts.100.NO.rand.zpe/vasprun-18.xml
10,1135,1,/Users/samuel/Desktop/postdoc_PhLAM/NO_HOPG/data/vaspdata.Ei.0.1.Ts.100.NO.rand.zpe/vasprun-18.xml
10,1163,1,/Users/samuel/Desktop/postdoc_PhLAM/NO_HOPG/data/vaspdata.Ei.0.1.Ts.100.NO.rand.zpe/vasprun-18.xml
10,1164,1,/Users/samuel/Desktop/postdoc_PhLAM/NO_HOPG/data/vaspdata.Ei.0.1.Ts.100.NO.rand.zpe/vasprun-18.xml
10,1170,1,/Users/samuel/Desktop/postdoc_PhLAM/NO_HOPG/data/vaspdata.Ei.0.1.Ts.100.NO.rand.zpe/vasprun-18.xml
11,513,1,/Users/samuel/Desktop/postdoc_PhLAM/NO_HOPG/data/vaspdata.Ei.0.1.Ts.100.NO.rand.zpe/vasprun-19.xml
11,526,1,/Users/samuel/Desktop/postdoc_PhLAM/NO_HOPG/data/vaspdata.Ei.0.1.Ts.100.NO.rand.zpe/vasprun-19.xml
11,1095,1,/Users/samuel/Desktop/postdoc_PhLAM/NO_HOPG/data/vaspdata.Ei.0.1.Ts.100.NO.rand.zpe/vasprun-19.xml
12,476,1,/Users/samuel/Desktop/postdoc_PhLAM/NO_HOPG/data/vaspdata.Ei.0.1.Ts.100.NO.rand.zpe/vasprun-2.xml
12,486,1,/Users/samuel/Desktop/postdoc_PhLAM/NO_HOPG/data/vaspdata.Ei.0.1.Ts.100.NO.rand.zpe/vasprun-2.xml
12,653,1,/Users/samuel/Desktop/postdoc_PhLAM/NO_HOPG/data/vaspdata.Ei.0.1.Ts.100.NO.rand.zpe/vasprun-2.xml
12,667,1,/Users/samuel/Desktop/postdoc_PhLAM/NO_HOPG/data/vaspdata.Ei.0.1.Ts.100.NO.rand.zpe/vasprun-2.xml
12,678,1,/Users/samuel/Desktop/postdoc_PhLAM/NO_HOPG/data/vaspdata.Ei.0.1.Ts.100.NO.rand.zpe/vasprun-2.xml
12,782,1,/Users/samuel/Desktop/postdoc_PhLAM/NO_HOPG/data/vaspdata.Ei.0.1.Ts.100.NO.rand.zpe/vasprun-2.xml
12,788,1,/Users/samuel/Desktop/postdoc_PhLAM/NO_HOPG/data/vaspdata.Ei.0.1.Ts.100.NO.rand.zpe/vasprun-2.xml
12,833,1,/Users/samuel/Desktop/postdoc_PhLAM/NO_HOPG/data/vaspdata.Ei.0.1.Ts.100.NO.rand.zpe/vasprun-2.xml
12,1037,1,/Users/samuel/Desktop/postdoc_PhLAM/NO_HOPG/data/vaspdata.Ei.0.1.Ts.100.NO.rand.zpe/vasprun-2.xml
12,1084,1,/Users/samuel/Desktop/postdoc_PhLAM/NO_HOPG/data/vaspdata.Ei.0.1.Ts.100.NO.rand.zpe/vasprun-2.xml
12,1100,1,/Users/samuel/Desktop/postdoc_PhLAM/NO_HOPG/data/vaspdata.Ei.0.1.Ts.100.NO.rand.zpe/vasprun-2.xml
12,1128,1,/Users/samuel/Desktop/postdoc_PhLAM/NO_HOPG/data/vaspdata.Ei.0.1.Ts.100.NO.rand.zpe/vasprun-2.xml
12,1137,1,/Users/samuel/Desktop/postdoc_PhLAM/NO_HOPG/data/vaspdata.Ei.0.1.Ts.100.NO.rand.zpe/vasprun-2.xml
12,1226,2,/Users/samuel/Desktop/postdoc_PhLAM/NO_HOPG/data/vaspdata.Ei.0.1.Ts.100.NO.rand.zpe/vasprun-2.xml
13,176,1,/Users/samuel/Desktop/postdoc_PhLAM/NO_HOPG/data/vaspdata.Ei.0.1.Ts.100.NO.rand.zpe/vasprun-20.xml
13,458,2,/Users/samuel/Desktop/postdoc_PhLAM/NO_HOPG/data/vaspdata.Ei.0.1.Ts.100.NO.rand.zpe/vasprun-20.xml
13,483,1,/Users/samuel/Desktop/postdoc_PhLAM/NO_HOPG/data/vaspdata.Ei.0.1.Ts.100.NO.rand.zpe/vasprun-20.xml
13,568,1,/Users/samuel/Desktop/postdoc_PhLAM/NO_HOPG/data/vaspdata.Ei.0.1.Ts.100.NO.rand.zpe/vasprun-20.xml
13,746,1,/Users/samuel/Desktop/postdoc_PhLAM/NO_HOPG/data/vaspdata.Ei.0.1.Ts.100.NO.rand.zpe/vasprun-20.xml
13,833,1,/Users/samuel/Desktop/postdoc_PhLAM/NO_HOPG/data/vaspdata.Ei.0.1.Ts.100.NO.rand.zpe/vasprun-20.xml
13,892,1,/Users/samuel/Desktop/postdoc_PhLAM/NO_HOPG/data/vaspdata.Ei.0.1.Ts.100.NO.rand.zpe/vasprun-20.xml
13,973,1,/Users/samuel/Desktop/postdoc_PhLAM/NO_HOPG/data/vaspdata.Ei.0.1.Ts.100.NO.rand.zpe/vasprun-20.xml
13,990,1,/Users/samuel/Desktop/postdoc_PhLAM/NO_HOPG/data/vaspdata.Ei.0.1.Ts.100.NO.rand.zpe/vasprun-20.xml
13,992,1,/Users/samuel/Desktop/postdoc_PhLAM/NO_HOPG/data/vaspdata.Ei.0.1.Ts.100.NO.rand.zpe/vasprun-20.xml
13,1064,1,/Users/samuel/Desktop/postdoc_PhLAM/NO_HOPG/data/vaspdata.Ei.0.1.Ts.100.NO.rand.zpe/vasprun-20.xml
13,1068,1,/Users/samuel/Desktop/postdoc_PhLAM/NO_HOPG/data/vaspdata.Ei.0.1.Ts.100.NO.rand.zpe/vasprun-20.xml
13,1086,1,/Users/samuel/Desktop/postdoc_PhLAM/NO_HOPG/data/vaspdata.Ei.0.1.Ts.100.NO.rand.zpe/vasprun-20.xml
13,1091,2,/Users/samuel/Desktop/postdoc_PhLAM/NO_HOPG/data/vaspdata.Ei.0.1.Ts.100.NO.rand.zpe/vasprun-20.xml
13,1096,1,/Users/samuel/Desktop/postdoc_PhLAM/NO_HOPG/data/vaspdata.Ei.0.1.Ts.100.NO.rand.zpe/vasprun-20.xml
13,1132,1,/Users/samuel/Desktop/postdoc_PhLAM/NO_HOPG/data/vaspdata.Ei.0.1.Ts.100.NO.rand.zpe/vasprun-20.xml
13,1142,1,/Users/samuel/Desktop/postdoc_PhLAM/NO_HOPG/data/vaspdata.Ei.0.1.Ts.100.NO.rand.zpe/vasprun-20.xml
13,1147,1,/Users/samuel/Desktop/postdoc_PhLAM/NO_HOPG/data/vaspdata.Ei.0.1.Ts.100.NO.rand.zpe/vasprun-20.xml
13,1151,1,/Users/samuel/Desktop/postdoc_PhLAM/NO_HOPG/data/vaspdata.Ei.0.1.Ts.100.NO.rand.zpe/vasprun-20.xml
13,1156,1,/Users/samuel/Desktop/postdoc_PhLAM/NO_HOPG/data/vaspdata.Ei.0.1.Ts.100.NO.rand.zpe/vasprun-20.xml
13,1162,1,/Users/samuel/Desktop/postdoc_PhLAM/NO_HOPG/data/vaspdata.Ei.0.1.Ts.100.NO.rand.zpe/vasprun-20.xml
13,1165,1,/Users/samuel/Desktop/postdoc_PhLAM/NO_HOPG/data/vaspdata.Ei.0.1.Ts.100.NO.rand.zpe/vasprun-20.xml
13,1173,1,/Users/samuel/Desktop/postdoc_PhLAM/NO_HOPG/data/vaspdata.Ei.0.1.Ts.100.NO.rand.zpe/vasprun-20.xml
13,1175,1,/Users/samuel/Desktop/postdoc_PhLAM/NO_HOPG/data/vaspdata.Ei.0.1.Ts.100.NO.rand.zpe/vasprun-20.xml
13,1185,1,/Users/samuel/Desktop/postdoc_PhLAM/NO_HOPG/data/vaspdata.Ei.0.1.Ts.100.NO.rand.zpe/vasprun-20.xml
14,374,1,/Users/samuel/Desktop/postdoc_PhLAM/NO_HOPG/data/vaspdata.Ei.0.1.Ts.100.NO.rand.zpe/vasprun-21.xml
14,1008,1,/Users/samuel/Desktop/postdoc_PhLAM/NO_HOPG/data/vaspdata.Ei.0.1.Ts.100.NO.rand.zpe/vasprun-21.xml
14,1055,1,/Users/samuel/Desktop/postdoc_PhLAM/NO_HOPG/data/vaspdata.Ei.0.1.Ts.100.NO.rand.zpe/vasprun-21.xml
14,1080,1,/Users/samuel/Desktop/postdoc_PhLAM/NO_HOPG/data/vaspdata.Ei.0.1.Ts.100.NO.rand.zpe/vasprun-21.xml
14,1162,1,/Users/samuel/Desktop/postdoc_PhLAM/NO_HOPG/data/vaspdata.Ei.0.1.Ts.100.NO.rand.zpe/vasprun-21.xml
15,294,1,/Users/samuel/Desktop/postdoc_PhLAM/NO_HOPG/data/vaspdata.Ei.0.1.Ts.100.NO.rand.zpe/vasprun-22.xml
15,395,1,/Users/samuel/Desktop/postdoc_PhLAM/NO_HOPG/data/vaspdata.Ei.0.1.Ts.100.NO.rand.zpe/vasprun-22.xml
15,405,1,/Users/samuel/Desktop/postdoc_PhLAM/NO_HOPG/data/vaspdata.Ei.0.1.Ts.100.NO.rand.zpe/vasprun-22.xml
15,508,1,/Users/samuel/Desktop/postdoc_PhLAM/NO_HOPG/data/vaspdata.Ei.0.1.Ts.100.NO.rand.zpe/vasprun-22.xml
15,554,1,/Users/samuel/Desktop/postdoc_PhLAM/NO_HOPG/data/vaspdata.Ei.0.1.Ts.100.NO.rand.zpe/vasprun-22.xml
15,557,1,/Users/samuel/Desktop/postdoc_PhLAM/NO_HOPG/data/vaspdata.Ei.0.1.Ts.100.NO.rand.zpe/vasprun-22.xml
15,559,1,/Users/samuel/Desktop/postdoc_PhLAM/NO_HOPG/data/vaspdata.Ei.0.1.Ts.100.NO.rand.zpe/vasprun-22.xml
15,562,1,/Users/samuel/Desktop/postdoc_PhLAM/NO_HOPG/data/vaspdata.Ei.0.1.Ts.100.NO.rand.zpe/vasprun-22.xml
15,564,1,/Users/samuel/Desktop/postdoc_PhLAM/NO_HOPG/data/vaspdata.Ei.0.1.Ts.100.NO.rand.zpe/vasprun-22.xml
15,567,2,/Users/samuel/Desktop/postdoc_PhLAM/NO_HOPG/data/vaspdata.Ei.0.1.Ts.100.NO.rand.zpe/vasprun-22.xml
15,569,2,/Users/samuel/Desktop/postdoc_PhLAM/NO_HOPG/data/vaspdata.Ei.0.1.Ts.100.NO.rand.zpe/vasprun-22.xml
15,579,1,/Users/samuel/Desktop/postdoc_PhLAM/NO_HOPG/data/vaspdata.Ei.0.1.Ts.100.NO.rand.zpe/vasprun-22.xml
15,582,1,/Users/samuel/Desktop/postdoc_PhLAM/NO_HOPG/data/vaspdata.Ei.0.1.Ts.100.NO.rand.zpe/vasprun-22.xml
15,673,1,/Users/samuel/Desktop/postdoc_PhLAM/NO_HOPG/data/vaspdata.Ei.0.1.Ts.100.NO.rand.zpe/vasprun-22.xml
15,739,1,/Users/samuel/Desktop/postdoc_PhLAM/NO_HOPG/data/vaspdata.Ei.0.1.Ts.100.NO.rand.zpe/vasprun-22.xml
15,746,1,/Users/samuel/Desktop/postdoc_PhLAM/NO_HOPG/data/vaspdata.Ei.0.1.Ts.100.NO.rand.zpe/vasprun-22.xml
15,753,1,/Users/samuel/Desktop/postdoc_PhLAM/NO_HOPG/data/vaspdata.Ei.0.1.Ts.100.NO.rand.zpe/vasprun-22.xml
15,756,1,/Users/samuel/Desktop/postdoc_PhLAM/NO_HOPG/data/vaspdata.Ei.0.1.Ts.100.NO.rand.zpe/vasprun-22.xml
15,775,1,/Users/samuel/Desktop/postdoc_PhLAM/NO_HOPG/data/vaspdata.Ei.0.1.Ts.100.NO.rand.zpe/vasprun-22.xml
15,887,1,/Users/samuel/Desktop/postdoc_PhLAM/NO_HOPG/data/vaspdata.Ei.0.1.Ts.100.NO.rand.zpe/vasprun-22.xml
15,915,1,/Users/samuel/Desktop/postdoc_PhLAM/NO_HOPG/data/vaspdata.Ei.0.1.Ts.100.NO.rand.zpe/vasprun-22.xml
15,962,1,/Users/samuel/Desktop/postdoc_PhLAM/NO_HOPG/data/vaspdata.Ei.0.1.Ts.100.NO.rand.zpe/vasprun-22.xml
15,1046,1,/Users/samuel/Desktop/postdoc_PhLAM/NO_HOPG/data/vaspdata.Ei.0.1.Ts.100.NO.rand.zpe/vasprun-22.xml
15,1062,1,/Users/samuel/Desktop/postdoc_PhLAM/NO_HOPG/data/vaspdata.Ei.0.1.Ts.100.NO.rand.zpe/vasprun-22.xml
15,1112,1,/Users/samuel/Desktop/postdoc_PhLAM/NO_HOPG/data/vaspdata.Ei.0.1.Ts.100.NO.rand.zpe/vasprun-22.xml
15,1125,1,/Users/samuel/Desktop/postdoc_PhLAM/NO_HOPG/data/vaspdata.Ei.0.1.Ts.100.NO.rand.zpe/vasprun-22.xml
15,1133,1,/Users/samuel/Desktop/postdoc_PhLAM/NO_HOPG/data/vaspdata.Ei.0.1.Ts.100.NO.rand.zpe/vasprun-22.xml
15,1135,1,/Users/samuel/Desktop/postdoc_PhLAM/NO_HOPG/data/vaspdata.Ei.0.1.Ts.100.NO.rand.zpe/vasprun-22.xml
15,1142,1,/Users/samuel/Desktop/postdoc_PhLAM/NO_HOPG/data/vaspdata.Ei.0.1.Ts.100.NO.rand.zpe/vasprun-22.xml
15,1143,1,/Users/samuel/Desktop/postdoc_PhLAM/NO_HOPG/data/vaspdata.Ei.0.1.Ts.100.NO.rand.zpe/vasprun-22.xml
15,1145,1,/Users/samuel/Desktop/postdoc_PhLAM/NO_HOPG/data/vaspdata.Ei.0.1.Ts.100.NO.rand.zpe/vasprun-22.xml
15,1149,1,/Users/samuel/Desktop/postdoc_PhLAM/NO_HOPG/data/vaspdata.Ei.0.1.Ts.100.NO.rand.zpe/vasprun-22.xml
15,1154,1,/Users/samuel/Desktop/postdoc_PhLAM/NO_HOPG/data/vaspdata.Ei.0.1.Ts.100.NO.rand.zpe/vasprun-22.xml
15,1155,1,/Users/samuel/Desktop/postdoc_PhLAM/NO_HOPG/data/vaspdata.Ei.0.1.Ts.100.NO.rand.zpe/vasprun-22.xml
15,1158,1,/Users/samuel/Desktop/postdoc_PhLAM/NO_HOPG/data/vaspdata.Ei.0.1.Ts.100.NO.rand.zpe/vasprun-22.xml
15,1162,2,/Users/samuel/Desktop/postdoc_PhLAM/NO_HOPG/data/vaspdata.Ei.0.1.Ts.100.NO.rand.zpe/vasprun-22.xml
15,1164,1,/Users/samuel/Desktop/postdoc_PhLAM/NO_HOPG/data/vaspdata.Ei.0.1.Ts.100.NO.rand.zpe/vasprun-22.xml
15,1165,1,/Users/samuel/Desktop/postdoc_PhLAM/NO_HOPG/data/vaspdata.Ei.0.1.Ts.100.NO.rand.zpe/vasprun-22.xml
15,1172,1,/Users/samuel/Desktop/postdoc_PhLAM/NO_HOPG/data/vaspdata.Ei.0.1.Ts.100.NO.rand.zpe/vasprun-22.xml
15,1174,1,/Users/samuel/Desktop/postdoc_PhLAM/NO_HOPG/data/vaspdata.Ei.0.1.Ts.100.NO.rand.zpe/vasprun-22.xml
15,1181,1,/Users/samuel/Desktop/postdoc_PhLAM/NO_HOPG/data/vaspdata.Ei.0.1.Ts.100.NO.rand.zpe/vasprun-22.xml
15,1185,2,/Users/samuel/Desktop/postdoc_PhLAM/NO_HOPG/data/vaspdata.Ei.0.1.Ts.100.NO.rand.zpe/vasprun-22.xml
15,1189,2,/Users/samuel/Desktop/postdoc_PhLAM/NO_HOPG/data/vaspdata.Ei.0.1.Ts.100.NO.rand.zpe/vasprun-22.xml
15,1192,2,/Users/samuel/Desktop/postdoc_PhLAM/NO_HOPG/data/vaspdata.Ei.0.1.Ts.100.NO.rand.zpe/vasprun-22.xml
15,1195,1,/Users/samuel/Desktop/postdoc_PhLAM/NO_HOPG/data/vaspdata.Ei.0.1.Ts.100.NO.rand.zpe/vasprun-22.xml
15,1196,2,/Users/samuel/Desktop/postdoc_PhLAM/NO_HOPG/data/vaspdata.Ei.0.1.Ts.100.NO.rand.zpe/vasprun-22.xml
15,1203,1,/Users/samuel/Desktop/postdoc_PhLAM/NO_HOPG/data/vaspdata.Ei.0.1.Ts.100.NO.rand.zpe/vasprun-22.xml
15,1208,2,/Users/samuel/Desktop/postdoc_PhLAM/NO_HOPG/data/vaspdata.Ei.0.1.Ts.100.NO.rand.zpe/vasprun-22.xml
16,515,1,/Users/samuel/Desktop/postdoc_PhLAM/NO_HOPG/data/vaspdata.Ei.0.1.Ts.100.NO.rand.zpe/vasprun-23.xml
16,689,1,/Users/samuel/Desktop/postdoc_PhLAM/NO_HOPG/data/vaspdata.Ei.0.1.Ts.100.NO.rand.zpe/vasprun-23.xml
16,980,1,/Users/samuel/Desktop/postdoc_PhLAM/NO_HOPG/data/vaspdata.Ei.0.1.Ts.100.NO.rand.zpe/vasprun-23.xml
16,1023,1,/Users/samuel/Desktop/postdoc_PhLAM/NO_HOPG/data/vaspdata.Ei.0.1.Ts.100.NO.rand.zpe/vasprun-23.xml
16,1056,1,/Users/samuel/Desktop/postdoc_PhLAM/NO_HOPG/data/vaspdata.Ei.0.1.Ts.100.NO.rand.zpe/vasprun-23.xml
16,1078,1,/Users/samuel/Desktop/postdoc_PhLAM/NO_HOPG/data/vaspdata.Ei.0.1.Ts.100.NO.rand.zpe/vasprun-23.xml
16,1083,1,/Users/samuel/Desktop/postdoc_PhLAM/NO_HOPG/data/vaspdata.Ei.0.1.Ts.100.NO.rand.zpe/vasprun-23.xml
16,1184,1,/Users/samuel/Desktop/postdoc_PhLAM/NO_HOPG/data/vaspdata.Ei.0.1.Ts.100.NO.rand.zpe/vasprun-23.xml
16,1225,1,/Users/samuel/Desktop/postdoc_PhLAM/NO_HOPG/data/vaspdata.Ei.0.1.Ts.100.NO.rand.zpe/vasprun-23.xml
17,472,1,/Users/samuel/Desktop/postdoc_PhLAM/NO_HOPG/data/vaspdata.Ei.0.1.Ts.100.NO.rand.zpe/vasprun-24.xml
17,495,1,/Users/samuel/Desktop/postdoc_PhLAM/NO_HOPG/data/vaspdata.Ei.0.1.Ts.100.NO.rand.zpe/vasprun-24.xml
17,918,1,/Users/samuel/Desktop/postdoc_PhLAM/NO_HOPG/data/vaspdata.Ei.0.1.Ts.100.NO.rand.zpe/vasprun-24.xml
17,1076,1,/Users/samuel/Desktop/postdoc_PhLAM/NO_HOPG/data/vaspdata.Ei.0.1.Ts.100.NO.rand.zpe/vasprun-24.xml
17,1145,1,/Users/samuel/Desktop/postdoc_PhLAM/NO_HOPG/data/vaspdata.Ei.0.1.Ts.100.NO.rand.zpe/vasprun-24.xml
18,384,1,/Users/samuel/Desktop/postdoc_PhLAM/NO_HOPG/data/vaspdata.Ei.0.1.Ts.100.NO.rand.zpe/vasprun-25.xml
18,427,1,/Users/samuel/Desktop/postdoc_PhLAM/NO_HOPG/data/vaspdata.Ei.0.1.Ts.100.NO.rand.zpe/vasprun-25.xml
18,454,1,/Users/samuel/Desktop/postdoc_PhLAM/NO_HOPG/data/vaspdata.Ei.0.1.Ts.100.NO.rand.zpe/vasprun-25.xml
18,492,1,/Users/samuel/Desktop/postdoc_PhLAM/NO_HOPG/data/vaspdata.Ei.0.1.Ts.100.NO.rand.zpe/vasprun-25.xml
18,567,1,/Users/samuel/Desktop/postdoc_PhLAM/NO_HOPG/data/vaspdata.Ei.0.1.Ts.100.NO.rand.zpe/vasprun-25.xml
18,572,1,/Users/samuel/Desktop/postdoc_PhLAM/NO_HOPG/data/vaspdata.Ei.0.1.Ts.100.NO.rand.zpe/vasprun-25.xml
18,756,1,/Users/samuel/Desktop/postdoc_PhLAM/NO_HOPG/data/vaspdata.Ei.0.1.Ts.100.NO.rand.zpe/vasprun-25.xml
18,867,1,/Users/samuel/Desktop/postdoc_PhLAM/NO_HOPG/data/vaspdata.Ei.0.1.Ts.100.NO.rand.zpe/vasprun-25.xml
18,886,1,/Users/samuel/Desktop/postdoc_PhLAM/NO_HOPG/data/vaspdata.Ei.0.1.Ts.100.NO.rand.zpe/vasprun-25.xml
18,1066,1,/Users/samuel/Desktop/postdoc_PhLAM/NO_HOPG/data/vaspdata.Ei.0.1.Ts.100.NO.rand.zpe/vasprun-25.xml
18,1156,1,/Users/samuel/Desktop/postdoc_PhLAM/NO_HOPG/data/vaspdata.Ei.0.1.Ts.100.NO.rand.zpe/vasprun-25.xml
18,1162,1,/Users/samuel/Desktop/postdoc_PhLAM/NO_HOPG/data/vaspdata.Ei.0.1.Ts.100.NO.rand.zpe/vasprun-25.xml
18,1182,1,/Users/samuel/Desktop/postdoc_PhLAM/NO_HOPG/data/vaspdata.Ei.0.1.Ts.100.NO.rand.zpe/vasprun-25.xml
18,1185,1,/Users/samuel/Desktop/postdoc_PhLAM/NO_HOPG/data/vaspdata.Ei.0.1.Ts.100.NO.rand.zpe/vasprun-25.xml
18,1189,1,/Users/samuel/Desktop/postdoc_PhLAM/NO_HOPG/data/vaspdata.Ei.0.1.Ts.100.NO.rand.zpe/vasprun-25.xml
18,1202,1,/Users/samuel/Desktop/postdoc_PhLAM/NO_HOPG/data/vaspdata.Ei.0.1.Ts.100.NO.rand.zpe/vasprun-25.xml
19,764,1,/Users/samuel/Desktop/postdoc_PhLAM/NO_HOPG/data/vaspdata.Ei.0.1.Ts.100.NO.rand.zpe/vasprun-26.xml
19,925,1,/Users/samuel/Desktop/postdoc_PhLAM/NO_HOPG/data/vaspdata.Ei.0.1.Ts.100.NO.rand.zpe/vasprun-26.xml
20,571,1,/Users/samuel/Desktop/postdoc_PhLAM/NO_HOPG/data/vaspdata.Ei.0.1.Ts.100.NO.rand.zpe/vasprun-27.xml
20,783,1,/Users/samuel/Desktop/postdoc_PhLAM/NO_HOPG/data/vaspdata.Ei.0.1.Ts.100.NO.rand.zpe/vasprun-27.xml
20,1072,1,/Users/samuel/Desktop/postdoc_PhLAM/NO_HOPG/data/vaspdata.Ei.0.1.Ts.100.NO.rand.zpe/vasprun-27.xml
21,318,1,/Users/samuel/Desktop/postdoc_PhLAM/NO_HOPG/data/vaspdata.Ei.0.1.Ts.100.NO.rand.zpe/vasprun-28.xml
21,328,1,/Users/samuel/Desktop/postdoc_PhLAM/NO_HOPG/data/vaspdata.Ei.0.1.Ts.100.NO.rand.zpe/vasprun-28.xml
21,499,1,/Users/samuel/Desktop/postdoc_PhLAM/NO_HOPG/data/vaspdata.Ei.0.1.Ts.100.NO.rand.zpe/vasprun-28.xml
21,509,1,/Users/samuel/Desktop/postdoc_PhLAM/NO_HOPG/data/vaspdata.Ei.0.1.Ts.100.NO.rand.zpe/vasprun-28.xml
21,516,1,/Users/samuel/Desktop/postdoc_PhLAM/NO_HOPG/data/vaspdata.Ei.0.1.Ts.100.NO.rand.zpe/vasprun-28.xml
21,898,1,/Users/samuel/Desktop/postdoc_PhLAM/NO_HOPG/data/vaspdata.Ei.0.1.Ts.100.NO.rand.zpe/vasprun-28.xml
21,1091,1,/Users/samuel/Desktop/postdoc_PhLAM/NO_HOPG/data/vaspdata.Ei.0.1.Ts.100.NO.rand.zpe/vasprun-28.xml
22,311,1,/Users/samuel/Desktop/postdoc_PhLAM/NO_HOPG/data/vaspdata.Ei.0.1.Ts.100.NO.rand.zpe/vasprun-29.xml
22,313,1,/Users/samuel/Desktop/postdoc_PhLAM/NO_HOPG/data/vaspdata.Ei.0.1.Ts.100.NO.rand.zpe/vasprun-29.xml
22,421,1,/Users/samuel/Desktop/postdoc_PhLAM/NO_HOPG/data/vaspdata.Ei.0.1.Ts.100.NO.rand.zpe/vasprun-29.xml
22,423,1,/Users/samuel/Desktop/postdoc_PhLAM/NO_HOPG/data/vaspdata.Ei.0.1.Ts.100.NO.rand.zpe/vasprun-29.xml
22,474,1,/Users/samuel/Desktop/postdoc_PhLAM/NO_HOPG/data/vaspdata.Ei.0.1.Ts.100.NO.rand.zpe/vasprun-29.xml
22,484,1,/Users/samuel/Desktop/postdoc_PhLAM/NO_HOPG/data/vaspdata.Ei.0.1.Ts.100.NO.rand.zpe/vasprun-29.xml
22,496,1,/Users/samuel/Desktop/postdoc_PhLAM/NO_HOPG/data/vaspdata.Ei.0.1.Ts.100.NO.rand.zpe/vasprun-29.xml
22,497,1,/Users/samuel/Desktop/postdoc_PhLAM/NO_HOPG/data/vaspdata.Ei.0.1.Ts.100.NO.rand.zpe/vasprun-29.xml
22,502,1,/Users/samuel/Desktop/postdoc_PhLAM/NO_HOPG/data/vaspdata.Ei.0.1.Ts.100.NO.rand.zpe/vasprun-29.xml
22,505,1,/Users/samuel/Desktop/postdoc_PhLAM/NO_HOPG/data/vaspdata.Ei.0.1.Ts.100.NO.rand.zpe/vasprun-29.xml
22,510,1,/Users/samuel/Desktop/postdoc_PhLAM/NO_HOPG/data/vaspdata.Ei.0.1.Ts.100.NO.rand.zpe/vasprun-29.xml
22,566,1,/Users/samuel/Desktop/postdoc_PhLAM/NO_HOPG/data/vaspdata.Ei.0.1.Ts.100.NO.rand.zpe/vasprun-29.xml
22,584,1,/Users/samuel/Desktop/postdoc_PhLAM/NO_HOPG/data/vaspdata.Ei.0.1.Ts.100.NO.rand.zpe/vasprun-29.xml
22,588,1,/Users/samuel/Desktop/postdoc_PhLAM/NO_HOPG/data/vaspdata.Ei.0.1.Ts.100.NO.rand.zpe/vasprun-29.xml
22,656,1,/Users/samuel/Desktop/postdoc_PhLAM/NO_HOPG/data/vaspdata.Ei.0.1.Ts.100.NO.rand.zpe/vasprun-29.xml
22,675,1,/Users/samuel/Desktop/postdoc_PhLAM/NO_HOPG/data/vaspdata.Ei.0.1.Ts.100.NO.rand.zpe/vasprun-29.xml
22,763,1,/Users/samuel/Desktop/postdoc_PhLAM/NO_HOPG/data/vaspdata.Ei.0.1.Ts.100.NO.rand.zpe/vasprun-29.xml
22,1067,1,/Users/samuel/Desktop/postdoc_PhLAM/NO_HOPG/data/vaspdata.Ei.0.1.Ts.100.NO.rand.zpe/vasprun-29.xml
23,426,1,/Users/samuel/Desktop/postdoc_PhLAM/NO_HOPG/data/vaspdata.Ei.0.1.Ts.100.NO.rand.zpe/vasprun-3.xml
23,432,1,/Users/samuel/Desktop/postdoc_PhLAM/NO_HOPG/data/vaspdata.Ei.0.1.Ts.100.NO.rand.zpe/vasprun-3.xml
23,591,1,/Users/samuel/Desktop/postdoc_PhLAM/NO_HOPG/data/vaspdata.Ei.0.1.Ts.100.NO.rand.zpe/vasprun-3.xml
23,684,1,/Users/samuel/Desktop/postdoc_PhLAM/NO_HOPG/data/vaspdata.Ei.0.1.Ts.100.NO.rand.zpe/vasprun-3.xml
24,476,1,/Users/samuel/Desktop/postdoc_PhLAM/NO_HOPG/data/vaspdata.Ei.0.1.Ts.100.NO.rand.zpe/vasprun-30.xml
24,510,1,/Users/samuel/Desktop/postdoc_PhLAM/NO_HOPG/data/vaspdata.Ei.0.1.Ts.100.NO.rand.zpe/vasprun-30.xml
24,616,1,/Users/samuel/Desktop/postdoc_PhLAM/NO_HOPG/data/vaspdata.Ei.0.1.Ts.100.NO.rand.zpe/vasprun-30.xml
24,645,1,/Users/samuel/Desktop/postdoc_PhLAM/NO_HOPG/data/vaspdata.Ei.0.1.Ts.100.NO.rand.zpe/vasprun-30.xml
24,667,1,/Users/samuel/Desktop/postdoc_PhLAM/NO_HOPG/data/vaspdata.Ei.0.1.Ts.100.NO.rand.zpe/vasprun-30.xml
24,724,1,/Users/samuel/Desktop/postdoc_PhLAM/NO_HOPG/data/vaspdata.Ei.0.1.Ts.100.NO.rand.zpe/vasprun-30.xml
24,930,1,/Users/samuel/Desktop/postdoc_PhLAM/NO_HOPG/data/vaspdata.Ei.0.1.Ts.100.NO.rand.zpe/vasprun-30.xml
24,950,1,/Users/samuel/Desktop/postdoc_PhLAM/NO_HOPG/data/vaspdata.Ei.0.1.Ts.100.NO.rand.zpe/vasprun-30.xml
24,1171,1,/Users/samuel/Desktop/postdoc_PhLAM/NO_HOPG/data/vaspdata.Ei.0.1.Ts.100.NO.rand.zpe/vasprun-30.xml
25,469,1,/Users/samuel/Desktop/postdoc_PhLAM/NO_HOPG/data/vaspdata.Ei.0.1.Ts.100.NO.rand.zpe/vasprun-31.xml
25,524,1,/Users/samuel/Desktop/postdoc_PhLAM/NO_HOPG/data/vaspdata.Ei.0.1.Ts.100.NO.rand.zpe/vasprun-31.xml
25,556,1,/Users/samuel/Desktop/postdoc_PhLAM/NO_HOPG/data/vaspdata.Ei.0.1.Ts.100.NO.rand.zpe/vasprun-31.xml
25,591,1,/Users/samuel/Desktop/postdoc_PhLAM/NO_HOPG/data/vaspdata.Ei.0.1.Ts.100.NO.rand.zpe/vasprun-31.xml
25,616,1,/Users/samuel/Desktop/postdoc_PhLAM/NO_HOPG/data/vaspdata.Ei.0.1.Ts.100.NO.rand.zpe/vasprun-31.xml
25,619,1,/Users/samuel/Desktop/postdoc_PhLAM/NO_HOPG/data/vaspdata.Ei.0.1.Ts.100.NO.rand.zpe/vasprun-31.xml
25,1081,1,/Users/samuel/Desktop/postdoc_PhLAM/NO_HOPG/data/vaspdata.Ei.0.1.Ts.100.NO.rand.zpe/vasprun-31.xml
25,1110,1,/Users/samuel/Desktop/postdoc_PhLAM/NO_HOPG/data/vaspdata.Ei.0.1.Ts.100.NO.rand.zpe/vasprun-31.xml
25,1136,1,/Users/samuel/Desktop/postdoc_PhLAM/NO_HOPG/data/vaspdata.Ei.0.1.Ts.100.NO.rand.zpe/vasprun-31.xml
25,1137,1,/Users/samuel/Desktop/postdoc_PhLAM/NO_HOPG/data/vaspdata.Ei.0.1.Ts.100.NO.rand.zpe/vasprun-31.xml
25,1140,1,/Users/samuel/Desktop/postdoc_PhLAM/NO_HOPG/data/vaspdata.Ei.0.1.Ts.100.NO.rand.zpe/vasprun-31.xml
25,1142,1,/Users/samuel/Desktop/postdoc_PhLAM/NO_HOPG/data/vaspdata.Ei.0.1.Ts.100.NO.rand.zpe/vasprun-31.xml
25,1151,1,/Users/samuel/Desktop/postdoc_PhLAM/NO_HOPG/data/vaspdata.Ei.0.1.Ts.100.NO.rand.zpe/vasprun-31.xml
25,1205,1,/Users/samuel/Desktop/postdoc_PhLAM/NO_HOPG/data/vaspdata.Ei.0.1.Ts.100.NO.rand.zpe/vasprun-31.xml
25,1216,1,/Users/samuel/Desktop/postdoc_PhLAM/NO_HOPG/data/vaspdata.Ei.0.1.Ts.100.NO.rand.zpe/vasprun-31.xml
25,1226,1,/Users/samuel/Desktop/postdoc_PhLAM/NO_HOPG/data/vaspdata.Ei.0.1.Ts.100.NO.rand.zpe/vasprun-31.xml
26,430,1,/Users/samuel/Desktop/postdoc_PhLAM/NO_HOPG/data/vaspdata.Ei.0.1.Ts.100.NO.rand.zpe/vasprun-32.xml
26,443,1,/Users/samuel/Desktop/postdoc_PhLAM/NO_HOPG/data/vaspdata.Ei.0.1.Ts.100.NO.rand.zpe/vasprun-32.xml
26,446,1,/Users/samuel/Desktop/postdoc_PhLAM/NO_HOPG/data/vaspdata.Ei.0.1.Ts.100.NO.rand.zpe/vasprun-32.xml
26,518,1,/Users/samuel/Desktop/postdoc_PhLAM/NO_HOPG/data/vaspdata.Ei.0.1.Ts.100.NO.rand.zpe/vasprun-32.xml
27,480,1,/Users/samuel/Desktop/postdoc_PhLAM/NO_HOPG/data/vaspdata.Ei.0.1.Ts.100.NO.rand.zpe/vasprun-33.xml
27,645,1,/Users/samuel/Desktop/postdoc_PhLAM/NO_HOPG/data/vaspdata.Ei.0.1.Ts.100.NO.rand.zpe/vasprun-33.xml
27,661,1,/Users/samuel/Desktop/postdoc_PhLAM/NO_HOPG/data/vaspdata.Ei.0.1.Ts.100.NO.rand.zpe/vasprun-33.xml
28,488,1,/Users/samuel/Desktop/postdoc_PhLAM/NO_HOPG/data/vaspdata.Ei.0.1.Ts.100.NO.rand.zpe/vasprun-34.xml
28,565,1,/Users/samuel/Desktop/postdoc_PhLAM/NO_HOPG/data/vaspdata.Ei.0.1.Ts.100.NO.rand.zpe/vasprun-34.xml
28,856,1,/Users/samuel/Desktop/postdoc_PhLAM/NO_HOPG/data/vaspdata.Ei.0.1.Ts.100.NO.rand.zpe/vasprun-34.xml
28,1083,1,/Users/samuel/Desktop/postdoc_PhLAM/NO_HOPG/data/vaspdata.Ei.0.1.Ts.100.NO.rand.zpe/vasprun-34.xml
28,1102,1,/Users/samuel/Desktop/postdoc_PhLAM/NO_HOPG/data/vaspdata.Ei.0.1.Ts.100.NO.rand.zpe/vasprun-34.xml
28,1114,1,/Users/samuel/Desktop/postdoc_PhLAM/NO_HOPG/data/vaspdata.Ei.0.1.Ts.100.NO.rand.zpe/vasprun-34.xml
28,1134,1,/Users/samuel/Desktop/postdoc_PhLAM/NO_HOPG/data/vaspdata.Ei.0.1.Ts.100.NO.rand.zpe/vasprun-34.xml
28,1171,1,/Users/samuel/Desktop/postdoc_PhLAM/NO_HOPG/data/vaspdata.Ei.0.1.Ts.100.NO.rand.zpe/vasprun-34.xml
28,1176,1,/Users/samuel/Desktop/postdoc_PhLAM/NO_HOPG/data/vaspdata.Ei.0.1.Ts.100.NO.rand.zpe/vasprun-34.xml
29,6,1,/Users/samuel/Desktop/postdoc_PhLAM/NO_HOPG/data/vaspdata.Ei.0.1.Ts.100.NO.rand.zpe/vasprun-35.xml
29,532,1,/Users/samuel/Desktop/postdoc_PhLAM/NO_HOPG/data/vaspdata.Ei.0.1.Ts.100.NO.rand.zpe/vasprun-35.xml
29,1048,1,/Users/samuel/Desktop/postdoc_PhLAM/NO_HOPG/data/vaspdata.Ei.0.1.Ts.100.NO.rand.zpe/vasprun-35.xml
29,1119,1,/Users/samuel/Desktop/postdoc_PhLAM/NO_HOPG/data/vaspdata.Ei.0.1.Ts.100.NO.rand.zpe/vasprun-35.xml
29,1228,1,/Users/samuel/Desktop/postdoc_PhLAM/NO_HOPG/data/vaspdata.Ei.0.1.Ts.100.NO.rand.zpe/vasprun-35.xml
30,873,1,/Users/samuel/Desktop/postdoc_PhLAM/NO_HOPG/data/vaspdata.Ei.0.1.Ts.100.NO.rand.zpe/vasprun-36.xml
30,1074,1,/Users/samuel/Desktop/postdoc_PhLAM/NO_HOPG/data/vaspdata.Ei.0.1.Ts.100.NO.rand.zpe/vasprun-36.xml
31,470,1,/Users/samuel/Desktop/postdoc_PhLAM/NO_HOPG/data/vaspdata.Ei.0.1.Ts.100.NO.rand.zpe/vasprun-37.xml
31,503,1,/Users/samuel/Desktop/postdoc_PhLAM/NO_HOPG/data/vaspdata.Ei.0.1.Ts.100.NO.rand.zpe/vasprun-37.xml
31,721,1,/Users/samuel/Desktop/postdoc_PhLAM/NO_HOPG/data/vaspdata.Ei.0.1.Ts.100.NO.rand.zpe/vasprun-37.xml
31,727,1,/Users/samuel/Desktop/postdoc_PhLAM/NO_HOPG/data/vaspdata.Ei.0.1.Ts.100.NO.rand.zpe/vasprun-37.xml
31,731,1,/Users/samuel/Desktop/postdoc_PhLAM/NO_HOPG/data/vaspdata.Ei.0.1.Ts.100.NO.rand.zpe/vasprun-37.xml
31,862,1,/Users/samuel/Desktop/postdoc_PhLAM/NO_HOPG/data/vaspdata.Ei.0.1.Ts.100.NO.rand.zpe/vasprun-37.xml
31,1038,1,/Users/samuel/Desktop/postdoc_PhLAM/NO_HOPG/data/vaspdata.Ei.0.1.Ts.100.NO.rand.zpe/vasprun-37.xml
31,1073,1,/Users/samuel/Desktop/postdoc_PhLAM/NO_HOPG/data/vaspdata.Ei.0.1.Ts.100.NO.rand.zpe/vasprun-37.xml
31,1191,1,/Users/samuel/Desktop/postdoc_PhLAM/NO_HOPG/data/vaspdata.Ei.0.1.Ts.100.NO.rand.zpe/vasprun-37.xml
32,229,1,/Users/samuel/Desktop/postdoc_PhLAM/NO_HOPG/data/vaspdata.Ei.0.1.Ts.100.NO.rand.zpe/vasprun-38.xml
32,263,1,/Users/samuel/Desktop/postdoc_PhLAM/NO_HOPG/data/vaspdata.Ei.0.1.Ts.100.NO.rand.zpe/vasprun-38.xml
32,404,1,/Users/samuel/Desktop/postdoc_PhLAM/NO_HOPG/data/vaspdata.Ei.0.1.Ts.100.NO.rand.zpe/vasprun-38.xml
32,416,1,/Users/samuel/Desktop/postdoc_PhLAM/NO_HOPG/data/vaspdata.Ei.0.1.Ts.100.NO.rand.zpe/vasprun-38.xml
32,519,1,/Users/samuel/Desktop/postdoc_PhLAM/NO_HOPG/data/vaspdata.Ei.0.1.Ts.100.NO.rand.zpe/vasprun-38.xml
32,531,1,/Users/samuel/Desktop/postdoc_PhLAM/NO_HOPG/data/vaspdata.Ei.0.1.Ts.100.NO.rand.zpe/vasprun-38.xml
32,600,1,/Users/samuel/Desktop/postdoc_PhLAM/NO_HOPG/data/vaspdata.Ei.0.1.Ts.100.NO.rand.zpe/vasprun-38.xml
32,615,1,/Users/samuel/Desktop/postdoc_PhLAM/NO_HOPG/data/vaspdata.Ei.0.1.Ts.100.NO.rand.zpe/vasprun-38.xml
32,725,1,/Users/samuel/Desktop/postdoc_PhLAM/NO_HOPG/data/vaspdata.Ei.0.1.Ts.100.NO.rand.zpe/vasprun-38.xml
33,522,1,/Users/samuel/Desktop/postdoc_PhLAM/NO_HOPG/data/vaspdata.Ei.0.1.Ts.100.NO.rand.zpe/vasprun-39.xml
33,775,1,/Users/samuel/Desktop/postdoc_PhLAM/NO_HOPG/data/vaspdata.Ei.0.1.Ts.100.NO.rand.zpe/vasprun-39.xml
33,1005,1,/Users/samuel/Desktop/postdoc_PhLAM/NO_HOPG/data/vaspdata.Ei.0.1.Ts.100.NO.rand.zpe/vasprun-39.xml
33,1027,1,/Users/samuel/Desktop/postdoc_PhLAM/NO_HOPG/data/vaspdata.Ei.0.1.Ts.100.NO.rand.zpe/vasprun-39.xml
33,1103,1,/Users/samuel/Desktop/postdoc_PhLAM/NO_HOPG/data/vaspdata.Ei.0.1.Ts.100.NO.rand.zpe/vasprun-39.xml
34,287,1,/Users/samuel/Desktop/postdoc_PhLAM/NO_HOPG/data/vaspdata.Ei.0.1.Ts.100.NO.rand.zpe/vasprun-4.xml
34,518,1,/Users/samuel/Desktop/postdoc_PhLAM/NO_HOPG/data/vaspdata.Ei.0.1.Ts.100.NO.rand.zpe/vasprun-4.xml
34,531,1,/Users/samuel/Desktop/postdoc_PhLAM/NO_HOPG/data/vaspdata.Ei.0.1.Ts.100.NO.rand.zpe/vasprun-4.xml
34,544,1,/Users/samuel/Desktop/postdoc_PhLAM/NO_HOPG/data/vaspdata.Ei.0.1.Ts.100.NO.rand.zpe/vasprun-4.xml
34,555,1,/Users/samuel/Desktop/postdoc_PhLAM/NO_HOPG/data/vaspdata.Ei.0.1.Ts.100.NO.rand.zpe/vasprun-4.xml
34,589,1,/Users/samuel/Desktop/postdoc_PhLAM/NO_HOPG/data/vaspdata.Ei.0.1.Ts.100.NO.rand.zpe/vasprun-4.xml
34,606,1,/Users/samuel/Desktop/postdoc_PhLAM/NO_HOPG/data/vaspdata.Ei.0.1.Ts.100.NO.rand.zpe/vasprun-4.xml
34,610,1,/Users/samuel/Desktop/postdoc_PhLAM/NO_HOPG/data/vaspdata.Ei.0.1.Ts.100.NO.rand.zpe/vasprun-4.xml
34,626,1,/Users/samuel/Desktop/postdoc_PhLAM/NO_HOPG/data/vaspdata.Ei.0.1.Ts.100.NO.rand.zpe/vasprun-4.xml
34,929,1,/Users/samuel/Desktop/postdoc_PhLAM/NO_HOPG/data/vaspdata.Ei.0.1.Ts.100.NO.rand.zpe/vasprun-4.xml
34,956,1,/Users/samuel/Desktop/postdoc_PhLAM/NO_HOPG/data/vaspdata.Ei.0.1.Ts.100.NO.rand.zpe/vasprun-4.xml
34,1094,1,/Users/samuel/Desktop/postdoc_PhLAM/NO_HOPG/data/vaspdata.Ei.0.1.Ts.100.NO.rand.zpe/vasprun-4.xml
34,1132,1,/Users/samuel/Desktop/postdoc_PhLAM/NO_HOPG/data/vaspdata.Ei.0.1.Ts.100.NO.rand.zpe/vasprun-4.xml
35,456,1,/Users/samuel/Desktop/postdoc_PhLAM/NO_HOPG/data/vaspdata.Ei.0.1.Ts.100.NO.rand.zpe/vasprun-40.xml
35,560,1,/Users/samuel/Desktop/postdoc_PhLAM/NO_HOPG/data/vaspdata.Ei.0.1.Ts.100.NO.rand.zpe/vasprun-40.xml
35,580,1,/Users/samuel/Desktop/postdoc_PhLAM/NO_HOPG/data/vaspdata.Ei.0.1.Ts.100.NO.rand.zpe/vasprun-40.xml
36,284,2,/Users/samuel/Desktop/postdoc_PhLAM/NO_HOPG/data/vaspdata.Ei.0.1.Ts.100.NO.rand.zpe/vasprun-41.xml
36,482,1,/Users/samuel/Desktop/postdoc_PhLAM/NO_HOPG/data/vaspdata.Ei.0.1.Ts.100.NO.rand.zpe/vasprun-41.xml
36,489,1,/Users/samuel/Desktop/postdoc_PhLAM/NO_HOPG/data/vaspdata.Ei.0.1.Ts.100.NO.rand.zpe/vasprun-41.xml
36,496,1,/Users/samuel/Desktop/postdoc_PhLAM/NO_HOPG/data/vaspdata.Ei.0.1.Ts.100.NO.rand.zpe/vasprun-41.xml
36,498,1,/Users/samuel/Desktop/postdoc_PhLAM/NO_HOPG/data/vaspdata.Ei.0.1.Ts.100.NO.rand.zpe/vasprun-41.xml
36,502,1,/Users/samuel/Desktop/postdoc_PhLAM/NO_HOPG/data/vaspdata.Ei.0.1.Ts.100.NO.rand.zpe/vasprun-41.xml
36,507,1,/Users/samuel/Desktop/postdoc_PhLAM/NO_HOPG/data/vaspdata.Ei.0.1.Ts.100.NO.rand.zpe/vasprun-41.xml
36,518,1,/Users/samuel/Desktop/postdoc_PhLAM/NO_HOPG/data/vaspdata.Ei.0.1.Ts.100.NO.rand.zpe/vasprun-41.xml
36,521,1,/Users/samuel/Desktop/postdoc_PhLAM/NO_HOPG/data/vaspdata.Ei.0.1.Ts.100.NO.rand.zpe/vasprun-41.xml
37,414,1,/Users/samuel/Desktop/postdoc_PhLAM/NO_HOPG/data/vaspdata.Ei.0.1.Ts.100.NO.rand.zpe/vasprun-42.xml
37,425,1,/Users/samuel/Desktop/postdoc_PhLAM/NO_HOPG/data/vaspdata.Ei.0.1.Ts.100.NO.rand.zpe/vasprun-42.xml
37,451,1,/Users/samuel/Desktop/postdoc_PhLAM/NO_HOPG/data/vaspdata.Ei.0.1.Ts.100.NO.rand.zpe/vasprun-42.xml
37,453,1,/Users/samuel/Desktop/postdoc_PhLAM/NO_HOPG/data/vaspdata.Ei.0.1.Ts.100.NO.rand.zpe/vasprun-42.xml
37,465,1,/Users/samuel/Desktop/postdoc_PhLAM/NO_HOPG/data/vaspdata.Ei.0.1.Ts.100.NO.rand.zpe/vasprun-42.xml
37,471,1,/Users/samuel/Desktop/postdoc_PhLAM/NO_HOPG/data/vaspdata.Ei.0.1.Ts.100.NO.rand.zpe/vasprun-42.xml
37,479,1,/Users/samuel/Desktop/postdoc_PhLAM/NO_HOPG/data/vaspdata.Ei.0.1.Ts.100.NO.rand.zpe/vasprun-42.xml
37,504,1,/Users/samuel/Desktop/postdoc_PhLAM/NO_HOPG/data/vaspdata.Ei.0.1.Ts.100.NO.rand.zpe/vasprun-42.xml
37,512,1,/Users/samuel/Desktop/postdoc_PhLAM/NO_HOPG/data/vaspdata.Ei.0.1.Ts.100.NO.rand.zpe/vasprun-42.xml
37,887,1,/Users/samuel/Desktop/postdoc_PhLAM/NO_HOPG/data/vaspdata.Ei.0.1.Ts.100.NO.rand.zpe/vasprun-42.xml
37,899,1,/Users/samuel/Desktop/postdoc_PhLAM/NO_HOPG/data/vaspdata.Ei.0.1.Ts.100.NO.rand.zpe/vasprun-42.xml
37,931,1,/Users/samuel/Desktop/postdoc_PhLAM/NO_HOPG/data/vaspdata.Ei.0.1.Ts.100.NO.rand.zpe/vasprun-42.xml
37,947,1,/Users/samuel/Desktop/postdoc_PhLAM/NO_HOPG/data/vaspdata.Ei.0.1.Ts.100.NO.rand.zpe/vasprun-42.xml
38,264,2,/Users/samuel/Desktop/postdoc_PhLAM/NO_HOPG/data/vaspdata.Ei.0.1.Ts.100.NO.rand.zpe/vasprun-43.xml
38,481,1,/Users/samuel/Desktop/postdoc_PhLAM/NO_HOPG/data/vaspdata.Ei.0.1.Ts.100.NO.rand.zpe/vasprun-43.xml
38,500,1,/Users/samuel/Desktop/postdoc_PhLAM/NO_HOPG/data/vaspdata.Ei.0.1.Ts.100.NO.rand.zpe/vasprun-43.xml
38,504,1,/Users/samuel/Desktop/postdoc_PhLAM/NO_HOPG/data/vaspdata.Ei.0.1.Ts.100.NO.rand.zpe/vasprun-43.xml
38,506,1,/Users/samuel/Desktop/postdoc_PhLAM/NO_HOPG/data/vaspdata.Ei.0.1.Ts.100.NO.rand.zpe/vasprun-43.xml
38,510,1,/Users/samuel/Desktop/postdoc_PhLAM/NO_HOPG/data/vaspdata.Ei.0.1.Ts.100.NO.rand.zpe/vasprun-43.xml
38,512,1,/Users/samuel/Desktop/postdoc_PhLAM/NO_HOPG/data/vaspdata.Ei.0.1.Ts.100.NO.rand.zpe/vasprun-43.xml
38,513,2,/Users/samuel/Desktop/postdoc_PhLAM/NO_HOPG/data/vaspdata.Ei.0.1.Ts.100.NO.rand.zpe/vasprun-43.xml
38,518,3,/Users/samuel/Desktop/postdoc_PhLAM/NO_HOPG/data/vaspdata.Ei.0.1.Ts.100.NO.rand.zpe/vasprun-43.xml
38,522,1,/Users/samuel/Desktop/postdoc_PhLAM/NO_HOPG/data/vaspdata.Ei.0.1.Ts.100.NO.rand.zpe/vasprun-43.xml
38,524,1,/Users/samuel/Desktop/postdoc_PhLAM/NO_HOPG/data/vaspdata.Ei.0.1.Ts.100.NO.rand.zpe/vasprun-43.xml
38,526,1,/Users/samuel/Desktop/postdoc_PhLAM/NO_HOPG/data/vaspdata.Ei.0.1.Ts.100.NO.rand.zpe/vasprun-43.xml
38,537,2,/Users/samuel/Desktop/postdoc_PhLAM/NO_HOPG/data/vaspdata.Ei.0.1.Ts.100.NO.rand.zpe/vasprun-43.xml
38,541,1,/Users/samuel/Desktop/postdoc_PhLAM/NO_HOPG/data/vaspdata.Ei.0.1.Ts.100.NO.rand.zpe/vasprun-43.xml
38,644,1,/Users/samuel/Desktop/postdoc_PhLAM/NO_HOPG/data/vaspdata.Ei.0.1.Ts.100.NO.rand.zpe/vasprun-43.xml
38,769,1,/Users/samuel/Desktop/postdoc_PhLAM/NO_HOPG/data/vaspdata.Ei.0.1.Ts.100.NO.rand.zpe/vasprun-43.xml
38,968,2,/Users/samuel/Desktop/postdoc_PhLAM/NO_HOPG/data/vaspdata.Ei.0.1.Ts.100.NO.rand.zpe/vasprun-43.xml
38,980,1,/Users/samuel/Desktop/postdoc_PhLAM/NO_HOPG/data/vaspdata.Ei.0.1.Ts.100.NO.rand.zpe/vasprun-43.xml
38,1112,1,/Users/samuel/Desktop/postdoc_PhLAM/NO_HOPG/data/vaspdata.Ei.0.1.Ts.100.NO.rand.zpe/vasprun-43.xml
39,411,1,/Users/samuel/Desktop/postdoc_PhLAM/NO_HOPG/data/vaspdata.Ei.0.1.Ts.100.NO.rand.zpe/vasprun-44.xml
39,446,1,/Users/samuel/Desktop/postdoc_PhLAM/NO_HOPG/data/vaspdata.Ei.0.1.Ts.100.NO.rand.zpe/vasprun-44.xml
39,492,1,/Users/samuel/Desktop/postdoc_PhLAM/NO_HOPG/data/vaspdata.Ei.0.1.Ts.100.NO.rand.zpe/vasprun-44.xml
39,568,1,/Users/samuel/Desktop/postdoc_PhLAM/NO_HOPG/data/vaspdata.Ei.0.1.Ts.100.NO.rand.zpe/vasprun-44.xml
39,739,1,/Users/samuel/Desktop/postdoc_PhLAM/NO_HOPG/data/vaspdata.Ei.0.1.Ts.100.NO.rand.zpe/vasprun-44.xml
39,752,1,/Users/samuel/Desktop/postdoc_PhLAM/NO_HOPG/data/vaspdata.Ei.0.1.Ts.100.NO.rand.zpe/vasprun-44.xml
39,834,1,/Users/samuel/Desktop/postdoc_PhLAM/NO_HOPG/data/vaspdata.Ei.0.1.Ts.100.NO.rand.zpe/vasprun-44.xml
39,965,1,/Users/samuel/Desktop/postdoc_PhLAM/NO_HOPG/data/vaspdata.Ei.0.1.Ts.100.NO.rand.zpe/vasprun-44.xml
39,974,1,/Users/samuel/Desktop/postdoc_PhLAM/NO_HOPG/data/vaspdata.Ei.0.1.Ts.100.NO.rand.zpe/vasprun-44.xml
39,1038,1,/Users/samuel/Desktop/postdoc_PhLAM/NO_HOPG/data/vaspdata.Ei.0.1.Ts.100.NO.rand.zpe/vasprun-44.xml
39,1056,1,/Users/samuel/Desktop/postdoc_PhLAM/NO_HOPG/data/vaspdata.Ei.0.1.Ts.100.NO.rand.zpe/vasprun-44.xml
39,1120,1,/Users/samuel/Desktop/postdoc_PhLAM/NO_HOPG/data/vaspdata.Ei.0.1.Ts.100.NO.rand.zpe/vasprun-44.xml
39,1145,1,/Users/samuel/Desktop/postdoc_PhLAM/NO_HOPG/data/vaspdata.Ei.0.1.Ts.100.NO.rand.zpe/vasprun-44.xml
39,1191,1,/Users/samuel/Desktop/postdoc_PhLAM/NO_HOPG/data/vaspdata.Ei.0.1.Ts.100.NO.rand.zpe/vasprun-44.xml
40,530,1,/Users/samuel/Desktop/postdoc_PhLAM/NO_HOPG/data/vaspdata.Ei.0.1.Ts.100.NO.rand.zpe/vasprun-45.xml
40,622,1,/Users/samuel/Desktop/postdoc_PhLAM/NO_HOPG/data/vaspdata.Ei.0.1.Ts.100.NO.rand.zpe/vasprun-45.xml
40,813,1,/Users/samuel/Desktop/postdoc_PhLAM/NO_HOPG/data/vaspdata.Ei.0.1.Ts.100.NO.rand.zpe/vasprun-45.xml
40,1112,1,/Users/samuel/Desktop/postdoc_PhLAM/NO_HOPG/data/vaspdata.Ei.0.1.Ts.100.NO.rand.zpe/vasprun-45.xml
40,1161,1,/Users/samuel/Desktop/postdoc_PhLAM/NO_HOPG/data/vaspdata.Ei.0.1.Ts.100.NO.rand.zpe/vasprun-45.xml
41,511,1,/Users/samuel/Desktop/postdoc_PhLAM/NO_HOPG/data/vaspdata.Ei.0.1.Ts.100.NO.rand.zpe/vasprun-46.xml
41,547,1,/Users/samuel/Desktop/postdoc_PhLAM/NO_HOPG/data/vaspdata.Ei.0.1.Ts.100.NO.rand.zpe/vasprun-46.xml
41,552,1,/Users/samuel/Desktop/postdoc_PhLAM/NO_HOPG/data/vaspdata.Ei.0.1.Ts.100.NO.rand.zpe/vasprun-46.xml
41,558,1,/Users/samuel/Desktop/postdoc_PhLAM/NO_HOPG/data/vaspdata.Ei.0.1.Ts.100.NO.rand.zpe/vasprun-46.xml
41,604,1,/Users/samuel/Desktop/postdoc_PhLAM/NO_HOPG/data/vaspdata.Ei.0.1.Ts.100.NO.rand.zpe/vasprun-46.xml
42,722,1,/Users/samuel/Desktop/postdoc_PhLAM/NO_HOPG/data/vaspdata.Ei.0.1.Ts.100.NO.rand.zpe/vasprun-47.xml
42,731,1,/Users/samuel/Desktop/postdoc_PhLAM/NO_HOPG/data/vaspdata.Ei.0.1.Ts.100.NO.rand.zpe/vasprun-47.xml
42,733,1,/Users/samuel/Desktop/postdoc_PhLAM/NO_HOPG/data/vaspdata.Ei.0.1.Ts.100.NO.rand.zpe/vasprun-47.xml
42,756,1,/Users/samuel/Desktop/postdoc_PhLAM/NO_HOPG/data/vaspdata.Ei.0.1.Ts.100.NO.rand.zpe/vasprun-47.xml
42,979,1,/Users/samuel/Desktop/postdoc_PhLAM/NO_HOPG/data/vaspdata.Ei.0.1.Ts.100.NO.rand.zpe/vasprun-47.xml
43,413,1,/Users/samuel/Desktop/postdoc_PhLAM/NO_HOPG/data/vaspdata.Ei.0.1.Ts.100.NO.rand.zpe/vasprun-48.xml
43,1154,1,/Users/samuel/Desktop/postdoc_PhLAM/NO_HOPG/data/vaspdata.Ei.0.1.Ts.100.NO.rand.zpe/vasprun-48.xml
44,194,1,/Users/samuel/Desktop/postdoc_PhLAM/NO_HOPG/data/vaspdata.Ei.0.1.Ts.100.NO.rand.zpe/vasprun-49.xml
44,292,1,/Users/samuel/Desktop/postdoc_PhLAM/NO_HOPG/data/vaspdata.Ei.0.1.Ts.100.NO.rand.zpe/vasprun-49.xml
44,303,1,/Users/samuel/Desktop/postdoc_PhLAM/NO_HOPG/data/vaspdata.Ei.0.1.Ts.100.NO.rand.zpe/vasprun-49.xml
44,392,1,/Users/samuel/Desktop/postdoc_PhLAM/NO_HOPG/data/vaspdata.Ei.0.1.Ts.100.NO.rand.zpe/vasprun-49.xml
44,402,1,/Users/samuel/Desktop/postdoc_PhLAM/NO_HOPG/data/vaspdata.Ei.0.1.Ts.100.NO.rand.zpe/vasprun-49.xml
44,408,1,/Users/samuel/Desktop/postdoc_PhLAM/NO_HOPG/data/vaspdata.Ei.0.1.Ts.100.NO.rand.zpe/vasprun-49.xml
44,410,1,/Users/samuel/Desktop/postdoc_PhLAM/NO_HOPG/data/vaspdata.Ei.0.1.Ts.100.NO.rand.zpe/vasprun-49.xml
44,415,1,/Users/samuel/Desktop/postdoc_PhLAM/NO_HOPG/data/vaspdata.Ei.0.1.Ts.100.NO.rand.zpe/vasprun-49.xml
44,465,1,/Users/samuel/Desktop/postdoc_PhLAM/NO_HOPG/data/vaspdata.Ei.0.1.Ts.100.NO.rand.zpe/vasprun-49.xml
44,488,1,/Users/samuel/Desktop/postdoc_PhLAM/NO_HOPG/data/vaspdata.Ei.0.1.Ts.100.NO.rand.zpe/vasprun-49.xml
44,491,1,/Users/samuel/Desktop/postdoc_PhLAM/NO_HOPG/data/vaspdata.Ei.0.1.Ts.100.NO.rand.zpe/vasprun-49.xml
44,493,1,/Users/samuel/Desktop/postdoc_PhLAM/NO_HOPG/data/vaspdata.Ei.0.1.Ts.100.NO.rand.zpe/vasprun-49.xml
44,495,1,/Users/samuel/Desktop/postdoc_PhLAM/NO_HOPG/data/vaspdata.Ei.0.1.Ts.100.NO.rand.zpe/vasprun-49.xml
44,511,2,/Users/samuel/Desktop/postdoc_PhLAM/NO_HOPG/data/vaspdata.Ei.0.1.Ts.100.NO.rand.zpe/vasprun-49.xml
44,513,1,/Users/samuel/Desktop/postdoc_PhLAM/NO_HOPG/data/vaspdata.Ei.0.1.Ts.100.NO.rand.zpe/vasprun-49.xml
44,515,1,/Users/samuel/Desktop/postdoc_PhLAM/NO_HOPG/data/vaspdata.Ei.0.1.Ts.100.NO.rand.zpe/vasprun-49.xml
45,380,1,/Users/samuel/Desktop/postdoc_PhLAM/NO_HOPG/data/vaspdata.Ei.0.1.Ts.100.NO.rand.zpe/vasprun-5.xml
45,414,1,/Users/samuel/Desktop/postdoc_PhLAM/NO_HOPG/data/vaspdata.Ei.0.1.Ts.100.NO.rand.zpe/vasprun-5.xml
45,446,1,/Users/samuel/Desktop/postdoc_PhLAM/NO_HOPG/data/vaspdata.Ei.0.1.Ts.100.NO.rand.zpe/vasprun-5.xml
45,671,1,/Users/samuel/Desktop/postdoc_PhLAM/NO_HOPG/data/vaspdata.Ei.0.1.Ts.100.NO.rand.zpe/vasprun-5.xml
45,721,1,/Users/samuel/Desktop/postdoc_PhLAM/NO_HOPG/data/vaspdata.Ei.0.1.Ts.100.NO.rand.zpe/vasprun-5.xml
45,1023,1,/Users/samuel/Desktop/postdoc_PhLAM/NO_HOPG/data/vaspdata.Ei.0.1.Ts.100.NO.rand.zpe/vasprun-5.xml
45,1037,1,/Users/samuel/Desktop/postdoc_PhLAM/NO_HOPG/data/vaspdata.Ei.0.1.Ts.100.NO.rand.zpe/vasprun-5.xml
45,1088,1,/Users/samuel/Desktop/postdoc_PhLAM/NO_HOPG/data/vaspdata.Ei.0.1.Ts.100.NO.rand.zpe/vasprun-5.xml
45,1142,1,/Users/samuel/Desktop/postdoc_PhLAM/NO_HOPG/data/vaspdata.Ei.0.1.Ts.100.NO.rand.zpe/vasprun-5.xml
46,424,1,/Users/samuel/Desktop/postdoc_PhLAM/NO_HOPG/data/vaspdata.Ei.0.1.Ts.100.NO.rand.zpe/vasprun-50.xml
46,470,1,/Users/samuel/Desktop/postdoc_PhLAM/NO_HOPG/data/vaspdata.Ei.0.1.Ts.100.NO.rand.zpe/vasprun-50.xml
46,675,1,/Users/samuel/Desktop/postdoc_PhLAM/NO_HOPG/data/vaspdata.Ei.0.1.Ts.100.NO.rand.zpe/vasprun-50.xml
46,1050,1,/Users/samuel/Desktop/postdoc_PhLAM/NO_HOPG/data/vaspdata.Ei.0.1.Ts.100.NO.rand.zpe/vasprun-50.xml
46,1085,1,/Users/samuel/Desktop/postdoc_PhLAM/NO_HOPG/data/vaspdata.Ei.0.1.Ts.100.NO.rand.zpe/vasprun-50.xml
46,1188,1,/Users/samuel/Desktop/postdoc_PhLAM/NO_HOPG/data/vaspdata.Ei.0.1.Ts.100.NO.rand.zpe/vasprun-50.xml
47,283,1,/Users/samuel/Desktop/postdoc_PhLAM/NO_HOPG/data/vaspdata.Ei.0.1.Ts.100.NO.rand.zpe/vasprun-51.xml
47,486,1,/Users/samuel/Desktop/postdoc_PhLAM/NO_HOPG/data/vaspdata.Ei.0.1.Ts.100.NO.rand.zpe/vasprun-51.xml
47,518,1,/Users/samuel/Desktop/postdoc_PhLAM/NO_HOPG/data/vaspdata.Ei.0.1.Ts.100.NO.rand.zpe/vasprun-51.xml
47,540,1,/Users/samuel/Desktop/postdoc_PhLAM/NO_HOPG/data/vaspdata.Ei.0.1.Ts.100.NO.rand.zpe/vasprun-51.xml
47,546,1,/Users/samuel/Desktop/postdoc_PhLAM/NO_HOPG/data/vaspdata.Ei.0.1.Ts.100.NO.rand.zpe/vasprun-51.xml
47,551,1,/Users/samuel/Desktop/postdoc_PhLAM/NO_HOPG/data/vaspdata.Ei.0.1.Ts.100.NO.rand.zpe/vasprun-51.xml
47,572,1,/Users/samuel/Desktop/postdoc_PhLAM/NO_HOPG/data/vaspdata.Ei.0.1.Ts.100.NO.rand.zpe/vasprun-51.xml
47,574,2,/Users/samuel/Desktop/postdoc_PhLAM/NO_HOPG/data/vaspdata.Ei.0.1.Ts.100.NO.rand.zpe/vasprun-51.xml
47,579,1,/Users/samuel/Desktop/postdoc_PhLAM/NO_HOPG/data/vaspdata.Ei.0.1.Ts.100.NO.rand.zpe/vasprun-51.xml
47,585,1,/Users/samuel/Desktop/postdoc_PhLAM/NO_HOPG/data/vaspdata.Ei.0.1.Ts.100.NO.rand.zpe/vasprun-51.xml
47,593,1,/Users/samuel/Desktop/postdoc_PhLAM/NO_HOPG/data/vaspdata.Ei.0.1.Ts.100.NO.rand.zpe/vasprun-51.xml
47,602,1,/Users/samuel/Desktop/postdoc_PhLAM/NO_HOPG/data/vaspdata.Ei.0.1.Ts.100.NO.rand.zpe/vasprun-51.xml
47,992,1,/Users/samuel/Desktop/postdoc_PhLAM/NO_HOPG/data/vaspdata.Ei.0.1.Ts.100.NO.rand.zpe/vasprun-51.xml
47,1021,1,/Users/samuel/Desktop/postdoc_PhLAM/NO_HOPG/data/vaspdata.Ei.0.1.Ts.100.NO.rand.zpe/vasprun-51.xml
47,1077,1,/Users/samuel/Desktop/postdoc_PhLAM/NO_HOPG/data/vaspdata.Ei.0.1.Ts.100.NO.rand.zpe/vasprun-51.xml
47,1128,1,/Users/samuel/Desktop/postdoc_PhLAM/NO_HOPG/data/vaspdata.Ei.0.1.Ts.100.NO.rand.zpe/vasprun-51.xml
47,1145,1,/Users/samuel/Desktop/postdoc_PhLAM/NO_HOPG/data/vaspdata.Ei.0.1.Ts.100.NO.rand.zpe/vasprun-51.xml
47,1186,1,/Users/samuel/Desktop/postdoc_PhLAM/NO_HOPG/data/vaspdata.Ei.0.1.Ts.100.NO.rand.zpe/vasprun-51.xml
47,1189,1,/Users/samuel/Desktop/postdoc_PhLAM/NO_HOPG/data/vaspdata.Ei.0.1.Ts.100.NO.rand.zpe/vasprun-51.xml
48,402,1,/Users/samuel/Desktop/postdoc_PhLAM/NO_HOPG/data/vaspdata.Ei.0.1.Ts.100.NO.rand.zpe/vasprun-52.xml
48,536,1,/Users/samuel/Desktop/postdoc_PhLAM/NO_HOPG/data/vaspdata.Ei.0.1.Ts.100.NO.rand.zpe/vasprun-52.xml
48,775,1,/Users/samuel/Desktop/postdoc_PhLAM/NO_HOPG/data/vaspdata.Ei.0.1.Ts.100.NO.rand.zpe/vasprun-52.xml
48,1188,1,/Users/samuel/Desktop/postdoc_PhLAM/NO_HOPG/data/vaspdata.Ei.0.1.Ts.100.NO.rand.zpe/vasprun-52.xml
48,1194,1,/Users/samuel/Desktop/postdoc_PhLAM/NO_HOPG/data/vaspdata.Ei.0.1.Ts.100.NO.rand.zpe/vasprun-52.xml
49,105,1,/Users/samuel/Desktop/postdoc_PhLAM/NO_HOPG/data/vaspdata.Ei.0.1.Ts.100.NO.rand.zpe/vasprun-53.xml
49,107,1,/Users/samuel/Desktop/postdoc_PhLAM/NO_HOPG/data/vaspdata.Ei.0.1.Ts.100.NO.rand.zpe/vasprun-53.xml
49,244,1,/Users/samuel/Desktop/postdoc_PhLAM/NO_HOPG/data/vaspdata.Ei.0.1.Ts.100.NO.rand.zpe/vasprun-53.xml
49,408,1,/Users/samuel/Desktop/postdoc_PhLAM/NO_HOPG/data/vaspdata.Ei.0.1.Ts.100.NO.rand.zpe/vasprun-53.xml
49,426,1,/Users/samuel/Desktop/postdoc_PhLAM/NO_HOPG/data/vaspdata.Ei.0.1.Ts.100.NO.rand.zpe/vasprun-53.xml
49,502,1,/Users/samuel/Desktop/postdoc_PhLAM/NO_HOPG/data/vaspdata.Ei.0.1.Ts.100.NO.rand.zpe/vasprun-53.xml
49,525,1,/Users/samuel/Desktop/postdoc_PhLAM/NO_HOPG/data/vaspdata.Ei.0.1.Ts.100.NO.rand.zpe/vasprun-53.xml
49,535,1,/Users/samuel/Desktop/postdoc_PhLAM/NO_HOPG/data/vaspdata.Ei.0.1.Ts.100.NO.rand.zpe/vasprun-53.xml
49,823,1,/Users/samuel/Desktop/postdoc_PhLAM/NO_HOPG/data/vaspdata.Ei.0.1.Ts.100.NO.rand.zpe/vasprun-53.xml
49,897,1,/Users/samuel/Desktop/postdoc_PhLAM/NO_HOPG/data/vaspdata.Ei.0.1.Ts.100.NO.rand.zpe/vasprun-53.xml
49,929,1,/Users/samuel/Desktop/postdoc_PhLAM/NO_HOPG/data/vaspdata.Ei.0.1.Ts.100.NO.rand.zpe/vasprun-53.xml
49,1065,1,/Users/samuel/Desktop/postdoc_PhLAM/NO_HOPG/data/vaspdata.Ei.0.1.Ts.100.NO.rand.zpe/vasprun-53.xml
49,1098,1,/Users/samuel/Desktop/postdoc_PhLAM/NO_HOPG/data/vaspdata.Ei.0.1.Ts.100.NO.rand.zpe/vasprun-53.xml
49,1116,1,/Users/samuel/Desktop/postdoc_PhLAM/NO_HOPG/data/vaspdata.Ei.0.1.Ts.100.NO.rand.zpe/vasprun-53.xml
49,1129,2,/Users/samuel/Desktop/postdoc_PhLAM/NO_HOPG/data/vaspdata.Ei.0.1.Ts.100.NO.rand.zpe/vasprun-53.xml
49,1133,1,/Users/samuel/Desktop/postdoc_PhLAM/NO_HOPG/data/vaspdata.Ei.0.1.Ts.100.NO.rand.zpe/vasprun-53.xml
49,1136,1,/Users/samuel/Desktop/postdoc_PhLAM/NO_HOPG/data/vaspdata.Ei.0.1.Ts.100.NO.rand.zpe/vasprun-53.xml
49,1142,2,/Users/samuel/Desktop/postdoc_PhLAM/NO_HOPG/data/vaspdata.Ei.0.1.Ts.100.NO.rand.zpe/vasprun-53.xml
49,1143,1,/Users/samuel/Desktop/postdoc_PhLAM/NO_HOPG/data/vaspdata.Ei.0.1.Ts.100.NO.rand.zpe/vasprun-53.xml
49,1150,1,/Users/samuel/Desktop/postdoc_PhLAM/NO_HOPG/data/vaspdata.Ei.0.1.Ts.100.NO.rand.zpe/vasprun-53.xml
49,1154,1,/Users/samuel/Desktop/postdoc_PhLAM/NO_HOPG/data/vaspdata.Ei.0.1.Ts.100.NO.rand.zpe/vasprun-53.xml
49,1158,1,/Users/samuel/Desktop/postdoc_PhLAM/NO_HOPG/data/vaspdata.Ei.0.1.Ts.100.NO.rand.zpe/vasprun-53.xml
49,1169,1,/Users/samuel/Desktop/postdoc_PhLAM/NO_HOPG/data/vaspdata.Ei.0.1.Ts.100.NO.rand.zpe/vasprun-53.xml
49,1172,1,/Users/samuel/Desktop/postdoc_PhLAM/NO_HOPG/data/vaspdata.Ei.0.1.Ts.100.NO.rand.zpe/vasprun-53.xml
49,1173,1,/Users/samuel/Desktop/postdoc_PhLAM/NO_HOPG/data/vaspdata.Ei.0.1.Ts.100.NO.rand.zpe/vasprun-53.xml
49,1174,1,/Users/samuel/Desktop/postdoc_PhLAM/NO_HOPG/data/vaspdata.Ei.0.1.Ts.100.NO.rand.zpe/vasprun-53.xml
49,1176,1,/Users/samuel/Desktop/postdoc_PhLAM/NO_HOPG/data/vaspdata.Ei.0.1.Ts.100.NO.rand.zpe/vasprun-53.xml
49,1178,1,/Users/samuel/Desktop/postdoc_PhLAM/NO_HOPG/data/vaspdata.Ei.0.1.Ts.100.NO.rand.zpe/vasprun-53.xml
49,1181,1,/Users/samuel/Desktop/postdoc_PhLAM/NO_HOPG/data/vaspdata.Ei.0.1.Ts.100.NO.rand.zpe/vasprun-53.xml
49,1185,3,/Users/samuel/Desktop/postdoc_PhLAM/NO_HOPG/data/vaspdata.Ei.0.1.Ts.100.NO.rand.zpe/vasprun-53.xml
49,1187,1,/Users/samuel/Desktop/postdoc_PhLAM/NO_HOPG/data/vaspdata.Ei.0.1.Ts.100.NO.rand.zpe/vasprun-53.xml
49,1188,1,/Users/samuel/Desktop/postdoc_PhLAM/NO_HOPG/data/vaspdata.Ei.0.1.Ts.100.NO.rand.zpe/vasprun-53.xml
49,1189,1,/Users/samuel/Desktop/postdoc_PhLAM/NO_HOPG/data/vaspdata.Ei.0.1.Ts.100.NO.rand.zpe/vasprun-53.xml
49,1190,1,/Users/samuel/Desktop/postdoc_PhLAM/NO_HOPG/data/vaspdata.Ei.0.1.Ts.100.NO.rand.zpe/vasprun-53.xml
49,1196,1,/Users/samuel/Desktop/postdoc_PhLAM/NO_HOPG/data/vaspdata.Ei.0.1.Ts.100.NO.rand.zpe/vasprun-53.xml
49,1199,2,/Users/samuel/Desktop/postdoc_PhLAM/NO_HOPG/data/vaspdata.Ei.0.1.Ts.100.NO.rand.zpe/vasprun-53.xml
49,1201,1,/Users/samuel/Desktop/postdoc_PhLAM/NO_HOPG/data/vaspdata.Ei.0.1.Ts.100.NO.rand.zpe/vasprun-53.xml
49,1202,1,/Users/samuel/Desktop/postdoc_PhLAM/NO_HOPG/data/vaspdata.Ei.0.1.Ts.100.NO.rand.zpe/vasprun-53.xml
49,1204,3,/Users/samuel/Desktop/postdoc_PhLAM/NO_HOPG/data/vaspdata.Ei.0.1.Ts.100.NO.rand.zpe/vasprun-53.xml
49,1206,1,/Users/samuel/Desktop/postdoc_PhLAM/NO_HOPG/data/vaspdata.Ei.0.1.Ts.100.NO.rand.zpe/vasprun-53.xml
50,416,1,/Users/samuel/Desktop/postdoc_PhLAM/NO_HOPG/data/vaspdata.Ei.0.1.Ts.100.NO.rand.zpe/vasprun-54.xml
50,454,1,/Users/samuel/Desktop/postdoc_PhLAM/NO_HOPG/data/vaspdata.Ei.0.1.Ts.100.NO.rand.zpe/vasprun-54.xml
50,499,1,/Users/samuel/Desktop/postdoc_PhLAM/NO_HOPG/data/vaspdata.Ei.0.1.Ts.100.NO.rand.zpe/vasprun-54.xml
50,634,1,/Users/samuel/Desktop/postdoc_PhLAM/NO_HOPG/data/vaspdata.Ei.0.1.Ts.100.NO.rand.zpe/vasprun-54.xml
50,674,1,/Users/samuel/Desktop/postdoc_PhLAM/NO_HOPG/data/vaspdata.Ei.0.1.Ts.100.NO.rand.zpe/vasprun-54.xml
51,235,1,/Users/samuel/Desktop/postdoc_PhLAM/NO_HOPG/data/vaspdata.Ei.0.1.Ts.100.NO.rand.zpe/vasprun-55.xml
51,518,1,/Users/samuel/Desktop/postdoc_PhLAM/NO_HOPG/data/vaspdata.Ei.0.1.Ts.100.NO.rand.zpe/vasprun-55.xml
51,553,1,/Users/samuel/Desktop/postdoc_PhLAM/NO_HOPG/data/vaspdata.Ei.0.1.Ts.100.NO.rand.zpe/vasprun-55.xml
51,684,1,/Users/samuel/Desktop/postdoc_PhLAM/NO_HOPG/data/vaspdata.Ei.0.1.Ts.100.NO.rand.zpe/vasprun-55.xml
51,691,1,/Users/samuel/Desktop/postdoc_PhLAM/NO_HOPG/data/vaspdata.Ei.0.1.Ts.100.NO.rand.zpe/vasprun-55.xml
52,20,1,/Users/samuel/Desktop/postdoc_PhLAM/NO_HOPG/data/vaspdata.Ei.0.1.Ts.100.NO.rand.zpe/vasprun-56.xml
52,505,2,/Users/samuel/Desktop/postdoc_PhLAM/NO_HOPG/data/vaspdata.Ei.0.1.Ts.100.NO.rand.zpe/vasprun-56.xml
52,506,1,/Users/samuel/Desktop/postdoc_PhLAM/NO_HOPG/data/vaspdata.Ei.0.1.Ts.100.NO.rand.zpe/vasprun-56.xml
52,516,1,/Users/samuel/Desktop/postdoc_PhLAM/NO_HOPG/data/vaspdata.Ei.0.1.Ts.100.NO.rand.zpe/vasprun-56.xml
52,523,1,/Users/samuel/Desktop/postdoc_PhLAM/NO_HOPG/data/vaspdata.Ei.0.1.Ts.100.NO.rand.zpe/vasprun-56.xml
52,532,1,/Users/samuel/Desktop/postdoc_PhLAM/NO_HOPG/data/vaspdata.Ei.0.1.Ts.100.NO.rand.zpe/vasprun-56.xml
52,533,1,/Users/samuel/Desktop/postdoc_PhLAM/NO_HOPG/data/vaspdata.Ei.0.1.Ts.100.NO.rand.zpe/vasprun-56.xml
52,539,1,/Users/samuel/Desktop/postdoc_PhLAM/NO_HOPG/data/vaspdata.Ei.0.1.Ts.100.NO.rand.zpe/vasprun-56.xml
52,700,1,/Users/samuel/Desktop/postdoc_PhLAM/NO_HOPG/data/vaspdata.Ei.0.1.Ts.100.NO.rand.zpe/vasprun-56.xml
52,766,1,/Users/samuel/Desktop/postdoc_PhLAM/NO_HOPG/data/vaspdata.Ei.0.1.Ts.100.NO.rand.zpe/vasprun-56.xml
52,776,1,/Users/samuel/Desktop/postdoc_PhLAM/NO_HOPG/data/vaspdata.Ei.0.1.Ts.100.NO.rand.zpe/vasprun-56.xml
52,784,1,/Users/samuel/Desktop/postdoc_PhLAM/NO_HOPG/data/vaspdata.Ei.0.1.Ts.100.NO.rand.zpe/vasprun-56.xml
52,1026,1,/Users/samuel/Desktop/postdoc_PhLAM/NO_HOPG/data/vaspdata.Ei.0.1.Ts.100.NO.rand.zpe/vasprun-56.xml
52,1055,1,/Users/samuel/Desktop/postdoc_PhLAM/NO_HOPG/data/vaspdata.Ei.0.1.Ts.100.NO.rand.zpe/vasprun-56.xml
52,1110,1,/Users/samuel/Desktop/postdoc_PhLAM/NO_HOPG/data/vaspdata.Ei.0.1.Ts.100.NO.rand.zpe/vasprun-56.xml
52,1193,1,/Users/samuel/Desktop/postdoc_PhLAM/NO_HOPG/data/vaspdata.Ei.0.1.Ts.100.NO.rand.zpe/vasprun-56.xml
53,476,1,/Users/samuel/Desktop/postdoc_PhLAM/NO_HOPG/data/vaspdata.Ei.0.1.Ts.100.NO.rand.zpe/vasprun-57.xml
53,512,1,/Users/samuel/Desktop/postdoc_PhLAM/NO_HOPG/data/vaspdata.Ei.0.1.Ts.100.NO.rand.zpe/vasprun-57.xml
53,515,1,/Users/samuel/Desktop/postdoc_PhLAM/NO_HOPG/data/vaspdata.Ei.0.1.Ts.100.NO.rand.zpe/vasprun-57.xml
53,546,1,/Users/samuel/Desktop/postdoc_PhLAM/NO_HOPG/data/vaspdata.Ei.0.1.Ts.100.NO.rand.zpe/vasprun-57.xml
53,557,1,/Users/samuel/Desktop/postdoc_PhLAM/NO_HOPG/data/vaspdata.Ei.0.1.Ts.100.NO.rand.zpe/vasprun-57.xml
53,596,1,/Users/samuel/Desktop/postdoc_PhLAM/NO_HOPG/data/vaspdata.Ei.0.1.Ts.100.NO.rand.zpe/vasprun-57.xml
53,629,1,/Users/samuel/Desktop/postdoc_PhLAM/NO_HOPG/data/vaspdata.Ei.0.1.Ts.100.NO.rand.zpe/vasprun-57.xml
53,736,1,/Users/samuel/Desktop/postdoc_PhLAM/NO_HOPG/data/vaspdata.Ei.0.1.Ts.100.NO.rand.zpe/vasprun-57.xml
53,887,1,/Users/samuel/Desktop/postdoc_PhLAM/NO_HOPG/data/vaspdata.Ei.0.1.Ts.100.NO.rand.zpe/vasprun-57.xml
53,908,1,/Users/samuel/Desktop/postdoc_PhLAM/NO_HOPG/data/vaspdata.Ei.0.1.Ts.100.NO.rand.zpe/vasprun-57.xml
53,926,1,/Users/samuel/Desktop/postdoc_PhLAM/NO_HOPG/data/vaspdata.Ei.0.1.Ts.100.NO.rand.zpe/vasprun-57.xml
53,1075,1,/Users/samuel/Desktop/postdoc_PhLAM/NO_HOPG/data/vaspdata.Ei.0.1.Ts.100.NO.rand.zpe/vasprun-57.xml
53,1076,1,/Users/samuel/Desktop/postdoc_PhLAM/NO_HOPG/data/vaspdata.Ei.0.1.Ts.100.NO.rand.zpe/vasprun-57.xml
53,1082,1,/Users/samuel/Desktop/postdoc_PhLAM/NO_HOPG/data/vaspdata.Ei.0.1.Ts.100.NO.rand.zpe/vasprun-57.xml
53,1084,1,/Users/samuel/Desktop/postdoc_PhLAM/NO_HOPG/data/vaspdata.Ei.0.1.Ts.100.NO.rand.zpe/vasprun-57.xml
53,1086,1,/Users/samuel/Desktop/postdoc_PhLAM/NO_HOPG/data/vaspdata.Ei.0.1.Ts.100.NO.rand.zpe/vasprun-57.xml
53,1093,1,/Users/samuel/Desktop/postdoc_PhLAM/NO_HOPG/data/vaspdata.Ei.0.1.Ts.100.NO.rand.zpe/vasprun-57.xml
53,1095,1,/Users/samuel/Desktop/postdoc_PhLAM/NO_HOPG/data/vaspdata.Ei.0.1.Ts.100.NO.rand.zpe/vasprun-57.xml
53,1104,2,/Users/samuel/Desktop/postdoc_PhLAM/NO_HOPG/data/vaspdata.Ei.0.1.Ts.100.NO.rand.zpe/vasprun-57.xml
53,1129,1,/Users/samuel/Desktop/postdoc_PhLAM/NO_HOPG/data/vaspdata.Ei.0.1.Ts.100.NO.rand.zpe/vasprun-57.xml
54,452,1,/Users/samuel/Desktop/postdoc_PhLAM/NO_HOPG/data/vaspdata.Ei.0.1.Ts.100.NO.rand.zpe/vasprun-58.xml
54,470,1,/Users/samuel/Desktop/postdoc_PhLAM/NO_HOPG/data/vaspdata.Ei.0.1.Ts.100.NO.rand.zpe/vasprun-58.xml
54,507,1,/Users/samuel/Desktop/postdoc_PhLAM/NO_HOPG/data/vaspdata.Ei.0.1.Ts.100.NO.rand.zpe/vasprun-58.xml
54,1137,1,/Users/samuel/Desktop/postdoc_PhLAM/NO_HOPG/data/vaspdata.Ei.0.1.Ts.100.NO.rand.zpe/vasprun-58.xml
54,1142,1,/Users/samuel/Desktop/postdoc_PhLAM/NO_HOPG/data/vaspdata.Ei.0.1.Ts.100.NO.rand.zpe/vasprun-58.xml
55,827,1,/Users/samuel/Desktop/postdoc_PhLAM/NO_HOPG/data/vaspdata.Ei.0.1.Ts.100.NO.rand.zpe/vasprun-59.xml
55,1035,1,/Users/samuel/Desktop/postdoc_PhLAM/NO_HOPG/data/vaspdata.Ei.0.1.Ts.100.NO.rand.zpe/vasprun-59.xml
56,379,1,/Users/samuel/Desktop/postdoc_PhLAM/NO_HOPG/data/vaspdata.Ei.0.1.Ts.100.NO.rand.zpe/vasprun-6.xml
56,391,1,/Users/samuel/Desktop/postdoc_PhLAM/NO_HOPG/data/vaspdata.Ei.0.1.Ts.100.NO.rand.zpe/vasprun-6.xml
56,413,1,/Users/samuel/Desktop/postdoc_PhLAM/NO_HOPG/data/vaspdata.Ei.0.1.Ts.100.NO.rand.zpe/vasprun-6.xml
56,466,1,/Users/samuel/Desktop/postdoc_PhLAM/NO_HOPG/data/vaspdata.Ei.0.1.Ts.100.NO.rand.zpe/vasprun-6.xml
56,557,1,/Users/samuel/Desktop/postdoc_PhLAM/NO_HOPG/data/vaspdata.Ei.0.1.Ts.100.NO.rand.zpe/vasprun-6.xml
56,1027,1,/Users/samuel/Desktop/postdoc_PhLAM/NO_HOPG/data/vaspdata.Ei.0.1.Ts.100.NO.rand.zpe/vasprun-6.xml
57,332,1,/Users/samuel/Desktop/postdoc_PhLAM/NO_HOPG/data/vaspdata.Ei.0.1.Ts.100.NO.rand.zpe/vasprun-60.xml
57,498,1,/Users/samuel/Desktop/postdoc_PhLAM/NO_HOPG/data/vaspdata.Ei.0.1.Ts.100.NO.rand.zpe/vasprun-60.xml
57,501,1,/Users/samuel/Desktop/postdoc_PhLAM/NO_HOPG/data/vaspdata.Ei.0.1.Ts.100.NO.rand.zpe/vasprun-60.xml
57,504,1,/Users/samuel/Desktop/postdoc_PhLAM/NO_HOPG/data/vaspdata.Ei.0.1.Ts.100.NO.rand.zpe/vasprun-60.xml
57,505,1,/Users/samuel/Desktop/postdoc_PhLAM/NO_HOPG/data/vaspdata.Ei.0.1.Ts.100.NO.rand.zpe/vasprun-60.xml
57,517,1,/Users/samuel/Desktop/postdoc_PhLAM/NO_HOPG/data/vaspdata.Ei.0.1.Ts.100.NO.rand.zpe/vasprun-60.xml
57,519,1,/Users/samuel/Desktop/postdoc_PhLAM/NO_HOPG/data/vaspdata.Ei.0.1.Ts.100.NO.rand.zpe/vasprun-60.xml
57,530,1,/Users/samuel/Desktop/postdoc_PhLAM/NO_HOPG/data/vaspdata.Ei.0.1.Ts.100.NO.rand.zpe/vasprun-60.xml
57,554,1,/Users/samuel/Desktop/postdoc_PhLAM/NO_HOPG/data/vaspdata.Ei.0.1.Ts.100.NO.rand.zpe/vasprun-60.xml
57,564,1,/Users/samuel/Desktop/postdoc_PhLAM/NO_HOPG/data/vaspdata.Ei.0.1.Ts.100.NO.rand.zpe/vasprun-60.xml
57,599,1,/Users/samuel/Desktop/postdoc_PhLAM/NO_HOPG/data/vaspdata.Ei.0.1.Ts.100.NO.rand.zpe/vasprun-60.xml
57,1094,1,/Users/samuel/Desktop/postdoc_PhLAM/NO_HOPG/data/vaspdata.Ei.0.1.Ts.100.NO.rand.zpe/vasprun-60.xml
57,1110,1,/Users/samuel/Desktop/postdoc_PhLAM/NO_HOPG/data/vaspdata.Ei.0.1.Ts.100.NO.rand.zpe/vasprun-60.xml
57,1166,1,/Users/samuel/Desktop/postdoc_PhLAM/NO_HOPG/data/vaspdata.Ei.0.1.Ts.100.NO.rand.zpe/vasprun-60.xml
58,445,1,/Users/samuel/Desktop/postdoc_PhLAM/NO_HOPG/data/vaspdata.Ei.0.1.Ts.100.NO.rand.zpe/vasprun-61.xml
58,493,1,/Users/samuel/Desktop/postdoc_PhLAM/NO_HOPG/data/vaspdata.Ei.0.1.Ts.100.NO.rand.zpe/vasprun-61.xml
58,559,1,/Users/samuel/Desktop/postdoc_PhLAM/NO_HOPG/data/vaspdata.Ei.0.1.Ts.100.NO.rand.zpe/vasprun-61.xml
58,572,1,/Users/samuel/Desktop/postdoc_PhLAM/NO_HOPG/data/vaspdata.Ei.0.1.Ts.100.NO.rand.zpe/vasprun-61.xml
58,767,1,/Users/samuel/Desktop/postdoc_PhLAM/NO_HOPG/data/vaspdata.Ei.0.1.Ts.100.NO.rand.zpe/vasprun-61.xml
59,332,1,/Users/samuel/Desktop/postdoc_PhLAM/NO_HOPG/data/vaspdata.Ei.0.1.Ts.100.NO.rand.zpe/vasprun-62.xml
59,366,1,/Users/samuel/Desktop/postdoc_PhLAM/NO_HOPG/data/vaspdata.Ei.0.1.Ts.100.NO.rand.zpe/vasprun-62.xml
59,414,1,/Users/samuel/Desktop/postdoc_PhLAM/NO_HOPG/data/vaspdata.Ei.0.1.Ts.100.NO.rand.zpe/vasprun-62.xml
59,423,1,/Users/samuel/Desktop/postdoc_PhLAM/NO_HOPG/data/vaspdata.Ei.0.1.Ts.100.NO.rand.zpe/vasprun-62.xml
59,424,1,/Users/samuel/Desktop/postdoc_PhLAM/NO_HOPG/data/vaspdata.Ei.0.1.Ts.100.NO.rand.zpe/vasprun-62.xml
59,430,1,/Users/samuel/Desktop/postdoc_PhLAM/NO_HOPG/data/vaspdata.Ei.0.1.Ts.100.NO.rand.zpe/vasprun-62.xml
59,442,1,/Users/samuel/Desktop/postdoc_PhLAM/NO_HOPG/data/vaspdata.Ei.0.1.Ts.100.NO.rand.zpe/vasprun-62.xml
59,459,1,/Users/samuel/Desktop/postdoc_PhLAM/NO_HOPG/data/vaspdata.Ei.0.1.Ts.100.NO.rand.zpe/vasprun-62.xml
59,475,1,/Users/samuel/Desktop/postdoc_PhLAM/NO_HOPG/data/vaspdata.Ei.0.1.Ts.100.NO.rand.zpe/vasprun-62.xml
59,483,1,/Users/samuel/Desktop/postdoc_PhLAM/NO_HOPG/data/vaspdata.Ei.0.1.Ts.100.NO.rand.zpe/vasprun-62.xml
59,496,1,/Users/samuel/Desktop/postdoc_PhLAM/NO_HOPG/data/vaspdata.Ei.0.1.Ts.100.NO.rand.zpe/vasprun-62.xml
59,509,2,/Users/samuel/Desktop/postdoc_PhLAM/NO_HOPG/data/vaspdata.Ei.0.1.Ts.100.NO.rand.zpe/vasprun-62.xml
59,523,1,/Users/samuel/Desktop/postdoc_PhLAM/NO_HOPG/data/vaspdata.Ei.0.1.Ts.100.NO.rand.zpe/vasprun-62.xml
59,771,1,/Users/samuel/Desktop/postdoc_PhLAM/NO_HOPG/data/vaspdata.Ei.0.1.Ts.100.NO.rand.zpe/vasprun-62.xml
59,848,1,/Users/samuel/Desktop/postdoc_PhLAM/NO_HOPG/data/vaspdata.Ei.0.1.Ts.100.NO.rand.zpe/vasprun-62.xml
59,872,1,/Users/samuel/Desktop/postdoc_PhLAM/NO_HOPG/data/vaspdata.Ei.0.1.Ts.100.NO.rand.zpe/vasprun-62.xml
59,1082,1,/Users/samuel/Desktop/postdoc_PhLAM/NO_HOPG/data/vaspdata.Ei.0.1.Ts.100.NO.rand.zpe/vasprun-62.xml
59,1098,1,/Users/samuel/Desktop/postdoc_PhLAM/NO_HOPG/data/vaspdata.Ei.0.1.Ts.100.NO.rand.zpe/vasprun-62.xml
59,1099,1,/Users/samuel/Desktop/postdoc_PhLAM/NO_HOPG/data/vaspdata.Ei.0.1.Ts.100.NO.rand.zpe/vasprun-62.xml
59,1112,1,/Users/samuel/Desktop/postdoc_PhLAM/NO_HOPG/data/vaspdata.Ei.0.1.Ts.100.NO.rand.zpe/vasprun-62.xml
59,1130,2,/Users/samuel/Desktop/postdoc_PhLAM/NO_HOPG/data/vaspdata.Ei.0.1.Ts.100.NO.rand.zpe/vasprun-62.xml
59,1162,1,/Users/samuel/Desktop/postdoc_PhLAM/NO_HOPG/data/vaspdata.Ei.0.1.Ts.100.NO.rand.zpe/vasprun-62.xml
59,1170,1,/Users/samuel/Desktop/postdoc_PhLAM/NO_HOPG/data/vaspdata.Ei.0.1.Ts.100.NO.rand.zpe/vasprun-62.xml
59,1183,1,/Users/samuel/Desktop/postdoc_PhLAM/NO_HOPG/data/vaspdata.Ei.0.1.Ts.100.NO.rand.zpe/vasprun-62.xml
60,476,1,/Users/samuel/Desktop/postdoc_PhLAM/NO_HOPG/data/vaspdata.Ei.0.1.Ts.100.NO.rand.zpe/vasprun-63.xml
60,496,1,/Users/samuel/Desktop/postdoc_PhLAM/NO_HOPG/data/vaspdata.Ei.0.1.Ts.100.NO.rand.zpe/vasprun-63.xml
60,807,1,/Users/samuel/Desktop/postdoc_PhLAM/NO_HOPG/data/vaspdata.Ei.0.1.Ts.100.NO.rand.zpe/vasprun-63.xml
60,851,1,/Users/samuel/Desktop/postdoc_PhLAM/NO_HOPG/data/vaspdata.Ei.0.1.Ts.100.NO.rand.zpe/vasprun-63.xml
60,870,1,/Users/samuel/Desktop/postdoc_PhLAM/NO_HOPG/data/vaspdata.Ei.0.1.Ts.100.NO.rand.zpe/vasprun-63.xml
60,892,1,/Users/samuel/Desktop/postdoc_PhLAM/NO_HOPG/data/vaspdata.Ei.0.1.Ts.100.NO.rand.zpe/vasprun-63.xml
60,898,1,/Users/samuel/Desktop/postdoc_PhLAM/NO_HOPG/data/vaspdata.Ei.0.1.Ts.100.NO.rand.zpe/vasprun-63.xml
60,902,1,/Users/samuel/Desktop/postdoc_PhLAM/NO_HOPG/data/vaspdata.Ei.0.1.Ts.100.NO.rand.zpe/vasprun-63.xml
60,903,1,/Users/samuel/Desktop/postdoc_PhLAM/NO_HOPG/data/vaspdata.Ei.0.1.Ts.100.NO.rand.zpe/vasprun-63.xml
60,1083,1,/Users/samuel/Desktop/postdoc_PhLAM/NO_HOPG/data/vaspdata.Ei.0.1.Ts.100.NO.rand.zpe/vasprun-63.xml
60,1106,1,/Users/samuel/Desktop/postdoc_PhLAM/NO_HOPG/data/vaspdata.Ei.0.1.Ts.100.NO.rand.zpe/vasprun-63.xml
60,1250,1,/Users/samuel/Desktop/postdoc_PhLAM/NO_HOPG/data/vaspdata.Ei.0.1.Ts.100.NO.rand.zpe/vasprun-63.xml
60,1253,1,/Users/samuel/Desktop/postdoc_PhLAM/NO_HOPG/data/vaspdata.Ei.0.1.Ts.100.NO.rand.zpe/vasprun-63.xml
61,643,1,/Users/samuel/Desktop/postdoc_PhLAM/NO_HOPG/data/vaspdata.Ei.0.1.Ts.100.NO.rand.zpe/vasprun-64.xml
61,1083,1,/Users/samuel/Desktop/postdoc_PhLAM/NO_HOPG/data/vaspdata.Ei.0.1.Ts.100.NO.rand.zpe/vasprun-64.xml
62,680,1,/Users/samuel/Desktop/postdoc_PhLAM/NO_HOPG/data/vaspdata.Ei.0.1.Ts.100.NO.rand.zpe/vasprun-65.xml
63,475,1,/Users/samuel/Desktop/postdoc_PhLAM/NO_HOPG/data/vaspdata.Ei.0.1.Ts.100.NO.rand.zpe/vasprun-66.xml
63,481,1,/Users/samuel/Desktop/postdoc_PhLAM/NO_HOPG/data/vaspdata.Ei.0.1.Ts.100.NO.rand.zpe/vasprun-66.xml
63,486,1,/Users/samuel/Desktop/postdoc_PhLAM/NO_HOPG/data/vaspdata.Ei.0.1.Ts.100.NO.rand.zpe/vasprun-66.xml
63,534,1,/Users/samuel/Desktop/postdoc_PhLAM/NO_HOPG/data/vaspdata.Ei.0.1.Ts.100.NO.rand.zpe/vasprun-66.xml
63,553,1,/Users/samuel/Desktop/postdoc_PhLAM/NO_HOPG/data/vaspdata.Ei.0.1.Ts.100.NO.rand.zpe/vasprun-66.xml
63,568,1,/Users/samuel/Desktop/postdoc_PhLAM/NO_HOPG/data/vaspdata.Ei.0.1.Ts.100.NO.rand.zpe/vasprun-66.xml
63,607,1,/Users/samuel/Desktop/postdoc_PhLAM/NO_HOPG/data/vaspdata.Ei.0.1.Ts.100.NO.rand.zpe/vasprun-66.xml
63,735,1,/Users/samuel/Desktop/postdoc_PhLAM/NO_HOPG/data/vaspdata.Ei.0.1.Ts.100.NO.rand.zpe/vasprun-66.xml
63,854,1,/Users/samuel/Desktop/postdoc_PhLAM/NO_HOPG/data/vaspdata.Ei.0.1.Ts.100.NO.rand.zpe/vasprun-66.xml
63,1060,1,/Users/samuel/Desktop/postdoc_PhLAM/NO_HOPG/data/vaspdata.Ei.0.1.Ts.100.NO.rand.zpe/vasprun-66.xml
63,1092,1,/Users/samuel/Desktop/postdoc_PhLAM/NO_HOPG/data/vaspdata.Ei.0.1.Ts.100.NO.rand.zpe/vasprun-66.xml
63,1104,1,/Users/samuel/Desktop/postdoc_PhLAM/NO_HOPG/data/vaspdata.Ei.0.1.Ts.100.NO.rand.zpe/vasprun-66.xml
63,1114,1,/Users/samuel/Desktop/postdoc_PhLAM/NO_HOPG/data/vaspdata.Ei.0.1.Ts.100.NO.rand.zpe/vasprun-66.xml
63,1119,2,/Users/samuel/Desktop/postdoc_PhLAM/NO_HOPG/data/vaspdata.Ei.0.1.Ts.100.NO.rand.zpe/vasprun-66.xml
63,1129,1,/Users/samuel/Desktop/postdoc_PhLAM/NO_HOPG/data/vaspdata.Ei.0.1.Ts.100.NO.rand.zpe/vasprun-66.xml
63,1134,1,/Users/samuel/Desktop/postdoc_PhLAM/NO_HOPG/data/vaspdata.Ei.0.1.Ts.100.NO.rand.zpe/vasprun-66.xml
63,1149,1,/Users/samuel/Desktop/postdoc_PhLAM/NO_HOPG/data/vaspdata.Ei.0.1.Ts.100.NO.rand.zpe/vasprun-66.xml
63,1154,2,/Users/samuel/Desktop/postdoc_PhLAM/NO_HOPG/data/vaspdata.Ei.0.1.Ts.100.NO.rand.zpe/vasprun-66.xml
63,1159,1,/Users/samuel/Desktop/postdoc_PhLAM/NO_HOPG/data/vaspdata.Ei.0.1.Ts.100.NO.rand.zpe/vasprun-66.xml
63,1160,1,/Users/samuel/Desktop/postdoc_PhLAM/NO_HOPG/data/vaspdata.Ei.0.1.Ts.100.NO.rand.zpe/vasprun-66.xml
63,1240,1,/Users/samuel/Desktop/postdoc_PhLAM/NO_HOPG/data/vaspdata.Ei.0.1.Ts.100.NO.rand.zpe/vasprun-66.xml
64,523,1,/Users/samuel/Desktop/postdoc_PhLAM/NO_HOPG/data/vaspdata.Ei.0.1.Ts.100.NO.rand.zpe/vasprun-67.xml
64,527,1,/Users/samuel/Desktop/postdoc_PhLAM/NO_HOPG/data/vaspdata.Ei.0.1.Ts.100.NO.rand.zpe/vasprun-67.xml
64,572,1,/Users/samuel/Desktop/postdoc_PhLAM/NO_HOPG/data/vaspdata.Ei.0.1.Ts.100.NO.rand.zpe/vasprun-67.xml
64,591,1,/Users/samuel/Desktop/postdoc_PhLAM/NO_HOPG/data/vaspdata.Ei.0.1.Ts.100.NO.rand.zpe/vasprun-67.xml
64,929,1,/Users/samuel/Desktop/postdoc_PhLAM/NO_HOPG/data/vaspdata.Ei.0.1.Ts.100.NO.rand.zpe/vasprun-67.xml
64,1097,1,/Users/samuel/Desktop/postdoc_PhLAM/NO_HOPG/data/vaspdata.Ei.0.1.Ts.100.NO.rand.zpe/vasprun-67.xml
64,1156,1,/Users/samuel/Desktop/postdoc_PhLAM/NO_HOPG/data/vaspdata.Ei.0.1.Ts.100.NO.rand.zpe/vasprun-67.xml
65,213,1,/Users/samuel/Desktop/postdoc_PhLAM/NO_HOPG/data/vaspdata.Ei.0.1.Ts.100.NO.rand.zpe/vasprun-68.xml
65,368,1,/Users/samuel/Desktop/postdoc_PhLAM/NO_HOPG/data/vaspdata.Ei.0.1.Ts.100.NO.rand.zpe/vasprun-68.xml
65,527,1,/Users/samuel/Desktop/postdoc_PhLAM/NO_HOPG/data/vaspdata.Ei.0.1.Ts.100.NO.rand.zpe/vasprun-68.xml
65,549,1,/Users/samuel/Desktop/postdoc_PhLAM/NO_HOPG/data/vaspdata.Ei.0.1.Ts.100.NO.rand.zpe/vasprun-68.xml
65,668,1,/Users/samuel/Desktop/postdoc_PhLAM/NO_HOPG/data/vaspdata.Ei.0.1.Ts.100.NO.rand.zpe/vasprun-68.xml
65,901,1,/Users/samuel/Desktop/postdoc_PhLAM/NO_HOPG/data/vaspdata.Ei.0.1.Ts.100.NO.rand.zpe/vasprun-68.xml
65,1049,1,/Users/samuel/Desktop/postdoc_PhLAM/NO_HOPG/data/vaspdata.Ei.0.1.Ts.100.NO.rand.zpe/vasprun-68.xml
65,1078,1,/Users/samuel/Desktop/postdoc_PhLAM/NO_HOPG/data/vaspdata.Ei.0.1.Ts.100.NO.rand.zpe/vasprun-68.xml
66,2,1,/Users/samuel/Desktop/postdoc_PhLAM/NO_HOPG/data/vaspdata.Ei.0.1.Ts.100.NO.rand.zpe/vasprun-69.xml
66,481,1,/Users/samuel/Desktop/postdoc_PhLAM/NO_HOPG/data/vaspdata.Ei.0.1.Ts.100.NO.rand.zpe/vasprun-69.xml
66,617,1,/Users/samuel/Desktop/postdoc_PhLAM/NO_HOPG/data/vaspdata.Ei.0.1.Ts.100.NO.rand.zpe/vasprun-69.xml
66,729,1,/Users/samuel/Desktop/postdoc_PhLAM/NO_HOPG/data/vaspdata.Ei.0.1.Ts.100.NO.rand.zpe/vasprun-69.xml
66,914,1,/Users/samuel/Desktop/postdoc_PhLAM/NO_HOPG/data/vaspdata.Ei.0.1.Ts.100.NO.rand.zpe/vasprun-69.xml
66,958,1,/Users/samuel/Desktop/postdoc_PhLAM/NO_HOPG/data/vaspdata.Ei.0.1.Ts.100.NO.rand.zpe/vasprun-69.xml
66,1113,1,/Users/samuel/Desktop/postdoc_PhLAM/NO_HOPG/data/vaspdata.Ei.0.1.Ts.100.NO.rand.zpe/vasprun-69.xml
66,1119,1,/Users/samuel/Desktop/postdoc_PhLAM/NO_HOPG/data/vaspdata.Ei.0.1.Ts.100.NO.rand.zpe/vasprun-69.xml
66,1126,1,/Users/samuel/Desktop/postdoc_PhLAM/NO_HOPG/data/vaspdata.Ei.0.1.Ts.100.NO.rand.zpe/vasprun-69.xml
67,141,1,/Users/samuel/Desktop/postdoc_PhLAM/NO_HOPG/data/vaspdata.Ei.0.1.Ts.100.NO.rand.zpe/vasprun-7.xml
68,43,1,/Users/samuel/Desktop/postdoc_PhLAM/NO_HOPG/data/vaspdata.Ei.0.1.Ts.100.NO.rand.zpe/vasprun-70.xml
68,319,1,/Users/samuel/Desktop/postdoc_PhLAM/NO_HOPG/data/vaspdata.Ei.0.1.Ts.100.NO.rand.zpe/vasprun-70.xml
68,353,1,/Users/samuel/Desktop/postdoc_PhLAM/NO_HOPG/data/vaspdata.Ei.0.1.Ts.100.NO.rand.zpe/vasprun-70.xml
68,415,1,/Users/samuel/Desktop/postdoc_PhLAM/NO_HOPG/data/vaspdata.Ei.0.1.Ts.100.NO.rand.zpe/vasprun-70.xml
68,502,1,/Users/samuel/Desktop/postdoc_PhLAM/NO_HOPG/data/vaspdata.Ei.0.1.Ts.100.NO.rand.zpe/vasprun-70.xml
68,523,1,/Users/samuel/Desktop/postdoc_PhLAM/NO_HOPG/data/vaspdata.Ei.0.1.Ts.100.NO.rand.zpe/vasprun-70.xml
68,587,1,/Users/samuel/Desktop/postdoc_PhLAM/NO_HOPG/data/vaspdata.Ei.0.1.Ts.100.NO.rand.zpe/vasprun-70.xml
68,741,1,/Users/samuel/Desktop/postdoc_PhLAM/NO_HOPG/data/vaspdata.Ei.0.1.Ts.100.NO.rand.zpe/vasprun-70.xml
68,893,1,/Users/samuel/Desktop/postdoc_PhLAM/NO_HOPG/data/vaspdata.Ei.0.1.Ts.100.NO.rand.zpe/vasprun-70.xml
68,894,1,/Users/samuel/Desktop/postdoc_PhLAM/NO_HOPG/data/vaspdata.Ei.0.1.Ts.100.NO.rand.zpe/vasprun-70.xml
68,1017,1,/Users/samuel/Desktop/postdoc_PhLAM/NO_HOPG/data/vaspdata.Ei.0.1.Ts.100.NO.rand.zpe/vasprun-70.xml
68,1059,1,/Users/samuel/Desktop/postdoc_PhLAM/NO_HOPG/data/vaspdata.Ei.0.1.Ts.100.NO.rand.zpe/vasprun-70.xml
68,1130,1,/Users/samuel/Desktop/postdoc_PhLAM/NO_HOPG/data/vaspdata.Ei.0.1.Ts.100.NO.rand.zpe/vasprun-70.xml
68,1135,1,/Users/samuel/Desktop/postdoc_PhLAM/NO_HOPG/data/vaspdata.Ei.0.1.Ts.100.NO.rand.zpe/vasprun-70.xml
68,1141,1,/Users/samuel/Desktop/postdoc_PhLAM/NO_HOPG/data/vaspdata.Ei.0.1.Ts.100.NO.rand.zpe/vasprun-70.xml
68,1210,1,/Users/samuel/Desktop/postdoc_PhLAM/NO_HOPG/data/vaspdata.Ei.0.1.Ts.100.NO.rand.zpe/vasprun-70.xml
69,410,1,/Users/samuel/Desktop/postdoc_PhLAM/NO_HOPG/data/vaspdata.Ei.0.1.Ts.100.NO.rand.zpe/vasprun-71.xml
69,439,1,/Users/samuel/Desktop/postdoc_PhLAM/NO_HOPG/data/vaspdata.Ei.0.1.Ts.100.NO.rand.zpe/vasprun-71.xml
69,512,1,/Users/samuel/Desktop/postdoc_PhLAM/NO_HOPG/data/vaspdata.Ei.0.1.Ts.100.NO.rand.zpe/vasprun-71.xml
69,637,1,/Users/samuel/Desktop/postdoc_PhLAM/NO_HOPG/data/vaspdata.Ei.0.1.Ts.100.NO.rand.zpe/vasprun-71.xml
69,638,1,/Users/samuel/Desktop/postdoc_PhLAM/NO_HOPG/data/vaspdata.Ei.0.1.Ts.100.NO.rand.zpe/vasprun-71.xml
69,697,1,/Users/samuel/Desktop/postdoc_PhLAM/NO_HOPG/data/vaspdata.Ei.0.1.Ts.100.NO.rand.zpe/vasprun-71.xml
69,730,1,/Users/samuel/Desktop/postdoc_PhLAM/NO_HOPG/data/vaspdata.Ei.0.1.Ts.100.NO.rand.zpe/vasprun-71.xml
69,746,1,/Users/samuel/Desktop/postdoc_PhLAM/NO_HOPG/data/vaspdata.Ei.0.1.Ts.100.NO.rand.zpe/vasprun-71.xml
70,582,1,/Users/samuel/Desktop/postdoc_PhLAM/NO_HOPG/data/vaspdata.Ei.0.1.Ts.100.NO.rand.zpe/vasprun-72.xml
70,588,1,/Users/samuel/Desktop/postdoc_PhLAM/NO_HOPG/data/vaspdata.Ei.0.1.Ts.100.NO.rand.zpe/vasprun-72.xml
70,608,1,/Users/samuel/Desktop/postdoc_PhLAM/NO_HOPG/data/vaspdata.Ei.0.1.Ts.100.NO.rand.zpe/vasprun-72.xml
70,689,1,/Users/samuel/Desktop/postdoc_PhLAM/NO_HOPG/data/vaspdata.Ei.0.1.Ts.100.NO.rand.zpe/vasprun-72.xml
71,63,1,/Users/samuel/Desktop/postdoc_PhLAM/NO_HOPG/data/vaspdata.Ei.0.1.Ts.100.NO.rand.zpe/vasprun-73.xml
71,199,1,/Users/samuel/Desktop/postdoc_PhLAM/NO_HOPG/data/vaspdata.Ei.0.1.Ts.100.NO.rand.zpe/vasprun-73.xml
71,375,1,/Users/samuel/Desktop/postdoc_PhLAM/NO_HOPG/data/vaspdata.Ei.0.1.Ts.100.NO.rand.zpe/vasprun-73.xml
71,397,1,/Users/samuel/Desktop/postdoc_PhLAM/NO_HOPG/data/vaspdata.Ei.0.1.Ts.100.NO.rand.zpe/vasprun-73.xml
71,452,1,/Users/samuel/Desktop/postdoc_PhLAM/NO_HOPG/data/vaspdata.Ei.0.1.Ts.100.NO.rand.zpe/vasprun-73.xml
71,512,1,/Users/samuel/Desktop/postdoc_PhLAM/NO_HOPG/data/vaspdata.Ei.0.1.Ts.100.NO.rand.zpe/vasprun-73.xml
71,594,1,/Users/samuel/Desktop/postdoc_PhLAM/NO_HOPG/data/vaspdata.Ei.0.1.Ts.100.NO.rand.zpe/vasprun-73.xml
71,669,1,/Users/samuel/Desktop/postdoc_PhLAM/NO_HOPG/data/vaspdata.Ei.0.1.Ts.100.NO.rand.zpe/vasprun-73.xml
71,685,1,/Users/samuel/Desktop/postdoc_PhLAM/NO_HOPG/data/vaspdata.Ei.0.1.Ts.100.NO.rand.zpe/vasprun-73.xml
71,788,1,/Users/samuel/Desktop/postdoc_PhLAM/NO_HOPG/data/vaspdata.Ei.0.1.Ts.100.NO.rand.zpe/vasprun-73.xml
71,902,1,/Users/samuel/Desktop/postdoc_PhLAM/NO_HOPG/data/vaspdata.Ei.0.1.Ts.100.NO.rand.zpe/vasprun-73.xml
71,954,1,/Users/samuel/Desktop/postdoc_PhLAM/NO_HOPG/data/vaspdata.Ei.0.1.Ts.100.NO.rand.zpe/vasprun-73.xml
71,968,1,/Users/samuel/Desktop/postdoc_PhLAM/NO_HOPG/data/vaspdata.Ei.0.1.Ts.100.NO.rand.zpe/vasprun-73.xml
71,989,1,/Users/samuel/Desktop/postdoc_PhLAM/NO_HOPG/data/vaspdata.Ei.0.1.Ts.100.NO.rand.zpe/vasprun-73.xml
71,1002,1,/Users/samuel/Desktop/postdoc_PhLAM/NO_HOPG/data/vaspdata.Ei.0.1.Ts.100.NO.rand.zpe/vasprun-73.xml
71,1020,1,/Users/samuel/Desktop/postdoc_PhLAM/NO_HOPG/data/vaspdata.Ei.0.1.Ts.100.NO.rand.zpe/vasprun-73.xml
71,1023,1,/Users/samuel/Desktop/postdoc_PhLAM/NO_HOPG/data/vaspdata.Ei.0.1.Ts.100.NO.rand.zpe/vasprun-73.xml
71,1077,1,/Users/samuel/Desktop/postdoc_PhLAM/NO_HOPG/data/vaspdata.Ei.0.1.Ts.100.NO.rand.zpe/vasprun-73.xml
71,1081,1,/Users/samuel/Desktop/postdoc_PhLAM/NO_HOPG/data/vaspdata.Ei.0.1.Ts.100.NO.rand.zpe/vasprun-73.xml
71,1160,1,/Users/samuel/Desktop/postdoc_PhLAM/NO_HOPG/data/vaspdata.Ei.0.1.Ts.100.NO.rand.zpe/vasprun-73.xml
71,1165,1,/Users/samuel/Desktop/postdoc_PhLAM/NO_HOPG/data/vaspdata.Ei.0.1.Ts.100.NO.rand.zpe/vasprun-73.xml
71,1195,1,/Users/samuel/Desktop/postdoc_PhLAM/NO_HOPG/data/vaspdata.Ei.0.1.Ts.100.NO.rand.zpe/vasprun-73.xml
72,476,1,/Users/samuel/Desktop/postdoc_PhLAM/NO_HOPG/data/vaspdata.Ei.0.1.Ts.100.NO.rand.zpe/vasprun-74.xml
72,478,1,/Users/samuel/Desktop/postdoc_PhLAM/NO_HOPG/data/vaspdata.Ei.0.1.Ts.100.NO.rand.zpe/vasprun-74.xml
72,484,1,/Users/samuel/Desktop/postdoc_PhLAM/NO_HOPG/data/vaspdata.Ei.0.1.Ts.100.NO.rand.zpe/vasprun-74.xml
72,488,1,/Users/samuel/Desktop/postdoc_PhLAM/NO_HOPG/data/vaspdata.Ei.0.1.Ts.100.NO.rand.zpe/vasprun-74.xml
72,491,1,/Users/samuel/Desktop/postdoc_PhLAM/NO_HOPG/data/vaspdata.Ei.0.1.Ts.100.NO.rand.zpe/vasprun-74.xml
72,492,1,/Users/samuel/Desktop/postdoc_PhLAM/NO_HOPG/data/vaspdata.Ei.0.1.Ts.100.NO.rand.zpe/vasprun-74.xml
72,493,1,/Users/samuel/Desktop/postdoc_PhLAM/NO_HOPG/data/vaspdata.Ei.0.1.Ts.100.NO.rand.zpe/vasprun-74.xml
72,496,1,/Users/samuel/Desktop/postdoc_PhLAM/NO_HOPG/data/vaspdata.Ei.0.1.Ts.100.NO.rand.zpe/vasprun-74.xml
72,499,1,/Users/samuel/Desktop/postdoc_PhLAM/NO_HOPG/data/vaspdata.Ei.0.1.Ts.100.NO.rand.zpe/vasprun-74.xml
72,552,1,/Users/samuel/Desktop/postdoc_PhLAM/NO_HOPG/data/vaspdata.Ei.0.1.Ts.100.NO.rand.zpe/vasprun-74.xml
72,571,1,/Users/samuel/Desktop/postdoc_PhLAM/NO_HOPG/data/vaspdata.Ei.0.1.Ts.100.NO.rand.zpe/vasprun-74.xml
73,426,1,/Users/samuel/Desktop/postdoc_PhLAM/NO_HOPG/data/vaspdata.Ei.0.1.Ts.100.NO.rand.zpe/vasprun-76.xml
73,490,1,/Users/samuel/Desktop/postdoc_PhLAM/NO_HOPG/data/vaspdata.Ei.0.1.Ts.100.NO.rand.zpe/vasprun-76.xml
73,501,1,/Users/samuel/Desktop/postdoc_PhLAM/NO_HOPG/data/vaspdata.Ei.0.1.Ts.100.NO.rand.zpe/vasprun-76.xml
73,514,1,/Users/samuel/Desktop/postdoc_PhLAM/NO_HOPG/data/vaspdata.Ei.0.1.Ts.100.NO.rand.zpe/vasprun-76.xml
73,527,1,/Users/samuel/Desktop/postdoc_PhLAM/NO_HOPG/data/vaspdata.Ei.0.1.Ts.100.NO.rand.zpe/vasprun-76.xml
73,531,1,/Users/samuel/Desktop/postdoc_PhLAM/NO_HOPG/data/vaspdata.Ei.0.1.Ts.100.NO.rand.zpe/vasprun-76.xml
73,545,2,/Users/samuel/Desktop/postdoc_PhLAM/NO_HOPG/data/vaspdata.Ei.0.1.Ts.100.NO.rand.zpe/vasprun-76.xml
73,549,1,/Users/samuel/Desktop/postdoc_PhLAM/NO_HOPG/data/vaspdata.Ei.0.1.Ts.100.NO.rand.zpe/vasprun-76.xml
73,553,1,/Users/samuel/Desktop/postdoc_PhLAM/NO_HOPG/data/vaspdata.Ei.0.1.Ts.100.NO.rand.zpe/vasprun-76.xml
73,559,1,/Users/samuel/Desktop/postdoc_PhLAM/NO_HOPG/data/vaspdata.Ei.0.1.Ts.100.NO.rand.zpe/vasprun-76.xml
73,562,1,/Users/samuel/Desktop/postdoc_PhLAM/NO_HOPG/data/vaspdata.Ei.0.1.Ts.100.NO.rand.zpe/vasprun-76.xml
73,581,1,/Users/samuel/Desktop/postdoc_PhLAM/NO_HOPG/data/vaspdata.Ei.0.1.Ts.100.NO.rand.zpe/vasprun-76.xml
73,584,1,/Users/samuel/Desktop/postdoc_PhLAM/NO_HOPG/data/vaspdata.Ei.0.1.Ts.100.NO.rand.zpe/vasprun-76.xml
73,593,1,/Users/samuel/Desktop/postdoc_PhLAM/NO_HOPG/data/vaspdata.Ei.0.1.Ts.100.NO.rand.zpe/vasprun-76.xml
73,594,1,/Users/samuel/Desktop/postdoc_PhLAM/NO_HOPG/data/vaspdata.Ei.0.1.Ts.100.NO.rand.zpe/vasprun-76.xml
73,789,1,/Users/samuel/Desktop/postdoc_PhLAM/NO_HOPG/data/vaspdata.Ei.0.1.Ts.100.NO.rand.zpe/vasprun-76.xml
73,887,1,/Users/samuel/Desktop/postdoc_PhLAM/NO_HOPG/data/vaspdata.Ei.0.1.Ts.100.NO.rand.zpe/vasprun-76.xml
73,1031,1,/Users/samuel/Desktop/postdoc_PhLAM/NO_HOPG/data/vaspdata.Ei.0.1.Ts.100.NO.rand.zpe/vasprun-76.xml
73,1058,1,/Users/samuel/Desktop/postdoc_PhLAM/NO_HOPG/data/vaspdata.Ei.0.1.Ts.100.NO.rand.zpe/vasprun-76.xml
73,1171,1,/Users/samuel/Desktop/postdoc_PhLAM/NO_HOPG/data/vaspdata.Ei.0.1.Ts.100.NO.rand.zpe/vasprun-76.xml
73,1176,1,/Users/samuel/Desktop/postdoc_PhLAM/NO_HOPG/data/vaspdata.Ei.0.1.Ts.100.NO.rand.zpe/vasprun-76.xml
73,1209,1,/Users/samuel/Desktop/postdoc_PhLAM/NO_HOPG/data/vaspdata.Ei.0.1.Ts.100.NO.rand.zpe/vasprun-76.xml
74,345,1,/Users/samuel/Desktop/postdoc_PhLAM/NO_HOPG/data/vaspdata.Ei.0.1.Ts.100.NO.rand.zpe/vasprun-77.xml
74,372,1,/Users/samuel/Desktop/postdoc_PhLAM/NO_HOPG/data/vaspdata.Ei.0.1.Ts.100.NO.rand.zpe/vasprun-77.xml
74,421,1,/Users/samuel/Desktop/postdoc_PhLAM/NO_HOPG/data/vaspdata.Ei.0.1.Ts.100.NO.rand.zpe/vasprun-77.xml
74,449,1,/Users/samuel/Desktop/postdoc_PhLAM/NO_HOPG/data/vaspdata.Ei.0.1.Ts.100.NO.rand.zpe/vasprun-77.xml
74,451,1,/Users/samuel/Desktop/postdoc_PhLAM/NO_HOPG/data/vaspdata.Ei.0.1.Ts.100.NO.rand.zpe/vasprun-77.xml
74,808,1,/Users/samuel/Desktop/postdoc_PhLAM/NO_HOPG/data/vaspdata.Ei.0.1.Ts.100.NO.rand.zpe/vasprun-77.xml
74,1151,1,/Users/samuel/Desktop/postdoc_PhLAM/NO_HOPG/data/vaspdata.Ei.0.1.Ts.100.NO.rand.zpe/vasprun-77.xml
75,279,1,/Users/samuel/Desktop/postdoc_PhLAM/NO_HOPG/data/vaspdata.Ei.0.1.Ts.100.NO.rand.zpe/vasprun-78.xml
75,420,1,/Users/samuel/Desktop/postdoc_PhLAM/NO_HOPG/data/vaspdata.Ei.0.1.Ts.100.NO.rand.zpe/vasprun-78.xml
75,435,1,/Users/samuel/Desktop/postdoc_PhLAM/NO_HOPG/data/vaspdata.Ei.0.1.Ts.100.NO.rand.zpe/vasprun-78.xml
75,524,1,/Users/samuel/Desktop/postdoc_PhLAM/NO_HOPG/data/vaspdata.Ei.0.1.Ts.100.NO.rand.zpe/vasprun-78.xml
75,834,1,/Users/samuel/Desktop/postdoc_PhLAM/NO_HOPG/data/vaspdata.Ei.0.1.Ts.100.NO.rand.zpe/vasprun-78.xml
75,869,1,/Users/samuel/Desktop/postdoc_PhLAM/NO_HOPG/data/vaspdata.Ei.0.1.Ts.100.NO.rand.zpe/vasprun-78.xml
75,1150,1,/Users/samuel/Desktop/postdoc_PhLAM/NO_HOPG/data/vaspdata.Ei.0.1.Ts.100.NO.rand.zpe/vasprun-78.xml
75,1225,1,/Users/samuel/Desktop/postdoc_PhLAM/NO_HOPG/data/vaspdata.Ei.0.1.Ts.100.NO.rand.zpe/vasprun-78.xml
76,909,1,/Users/samuel/Desktop/postdoc_PhLAM/NO_HOPG/data/vaspdata.Ei.0.1.Ts.100.NO.rand.zpe/vasprun-79.xml
76,1086,1,/Users/samuel/Desktop/postdoc_PhLAM/NO_HOPG/data/vaspdata.Ei.0.1.Ts.100.NO.rand.zpe/vasprun-79.xml
77,38,1,/Users/samuel/Desktop/postdoc_PhLAM/NO_HOPG/data/vaspdata.Ei.0.1.Ts.100.NO.rand.zpe/vasprun-8.xml
77,471,1,/Users/samuel/Desktop/postdoc_PhLAM/NO_HOPG/data/vaspdata.Ei.0.1.Ts.100.NO.rand.zpe/vasprun-8.xml
77,477,1,/Users/samuel/Desktop/postdoc_PhLAM/NO_HOPG/data/vaspdata.Ei.0.1.Ts.100.NO.rand.zpe/vasprun-8.xml
77,479,1,/Users/samuel/Desktop/postdoc_PhLAM/NO_HOPG/data/vaspdata.Ei.0.1.Ts.100.NO.rand.zpe/vasprun-8.xml
77,485,1,/Users/samuel/Desktop/postdoc_PhLAM/NO_HOPG/data/vaspdata.Ei.0.1.Ts.100.NO.rand.zpe/vasprun-8.xml
77,491,2,/Users/samuel/Desktop/postdoc_PhLAM/NO_HOPG/data/vaspdata.Ei.0.1.Ts.100.NO.rand.zpe/vasprun-8.xml
77,496,1,/Users/samuel/Desktop/postdoc_PhLAM/NO_HOPG/data/vaspdata.Ei.0.1.Ts.100.NO.rand.zpe/vasprun-8.xml
77,499,1,/Users/samuel/Desktop/postdoc_PhLAM/NO_HOPG/data/vaspdata.Ei.0.1.Ts.100.NO.rand.zpe/vasprun-8.xml
77,503,1,/Users/samuel/Desktop/postdoc_PhLAM/NO_HOPG/data/vaspdata.Ei.0.1.Ts.100.NO.rand.zpe/vasprun-8.xml
77,510,1,/Users/samuel/Desktop/postdoc_PhLAM/NO_HOPG/data/vaspdata.Ei.0.1.Ts.100.NO.rand.zpe/vasprun-8.xml
77,511,1,/Users/samuel/Desktop/postdoc_PhLAM/NO_HOPG/data/vaspdata.Ei.0.1.Ts.100.NO.rand.zpe/vasprun-8.xml
77,516,1,/Users/samuel/Desktop/postdoc_PhLAM/NO_HOPG/data/vaspdata.Ei.0.1.Ts.100.NO.rand.zpe/vasprun-8.xml
77,527,1,/Users/samuel/Desktop/postdoc_PhLAM/NO_HOPG/data/vaspdata.Ei.0.1.Ts.100.NO.rand.zpe/vasprun-8.xml
77,529,1,/Users/samuel/Desktop/postdoc_PhLAM/NO_HOPG/data/vaspdata.Ei.0.1.Ts.100.NO.rand.zpe/vasprun-8.xml
77,533,1,/Users/samuel/Desktop/postdoc_PhLAM/NO_HOPG/data/vaspdata.Ei.0.1.Ts.100.NO.rand.zpe/vasprun-8.xml
77,537,1,/Users/samuel/Desktop/postdoc_PhLAM/NO_HOPG/data/vaspdata.Ei.0.1.Ts.100.NO.rand.zpe/vasprun-8.xml
77,767,1,/Users/samuel/Desktop/postdoc_PhLAM/NO_HOPG/data/vaspdata.Ei.0.1.Ts.100.NO.rand.zpe/vasprun-8.xml
77,847,1,/Users/samuel/Desktop/postdoc_PhLAM/NO_HOPG/data/vaspdata.Ei.0.1.Ts.100.NO.rand.zpe/vasprun-8.xml
77,932,1,/Users/samuel/Desktop/postdoc_PhLAM/NO_HOPG/data/vaspdata.Ei.0.1.Ts.100.NO.rand.zpe/vasprun-8.xml
77,967,1,/Users/samuel/Desktop/postdoc_PhLAM/NO_HOPG/data/vaspdata.Ei.0.1.Ts.100.NO.rand.zpe/vasprun-8.xml
77,1056,1,/Users/samuel/Desktop/postdoc_PhLAM/NO_HOPG/data/vaspdata.Ei.0.1.Ts.100.NO.rand.zpe/vasprun-8.xml
77,1126,1,/Users/samuel/Desktop/postdoc_PhLAM/NO_HOPG/data/vaspdata.Ei.0.1.Ts.100.NO.rand.zpe/vasprun-8.xml
77,1136,1,/Users/samuel/Desktop/postdoc_PhLAM/NO_HOPG/data/vaspdata.Ei.0.1.Ts.100.NO.rand.zpe/vasprun-8.xml
77,1150,1,/Users/samuel/Desktop/postdoc_PhLAM/NO_HOPG/data/vaspdata.Ei.0.1.Ts.100.NO.rand.zpe/vasprun-8.xml
77,1209,1,/Users/samuel/Desktop/postdoc_PhLAM/NO_HOPG/data/vaspdata.Ei.0.1.Ts.100.NO.rand.zpe/vasprun-8.xml
78,496,1,/Users/samuel/Desktop/postdoc_PhLAM/NO_HOPG/data/vaspdata.Ei.0.1.Ts.100.NO.rand.zpe/vasprun-81.xml
78,499,1,/Users/samuel/Desktop/postdoc_PhLAM/NO_HOPG/data/vaspdata.Ei.0.1.Ts.100.NO.rand.zpe/vasprun-81.xml
78,542,1,/Users/samuel/Desktop/postdoc_PhLAM/NO_HOPG/data/vaspdata.Ei.0.1.Ts.100.NO.rand.zpe/vasprun-81.xml
78,569,1,/Users/samuel/Desktop/postdoc_PhLAM/NO_HOPG/data/vaspdata.Ei.0.1.Ts.100.NO.rand.zpe/vasprun-81.xml
78,629,1,/Users/samuel/Desktop/postdoc_PhLAM/NO_HOPG/data/vaspdata.Ei.0.1.Ts.100.NO.rand.zpe/vasprun-81.xml
78,648,1,/Users/samuel/Desktop/postdoc_PhLAM/NO_HOPG/data/vaspdata.Ei.0.1.Ts.100.NO.rand.zpe/vasprun-81.xml
78,653,1,/Users/samuel/Desktop/postdoc_PhLAM/NO_HOPG/data/vaspdata.Ei.0.1.Ts.100.NO.rand.zpe/vasprun-81.xml
78,654,1,/Users/samuel/Desktop/postdoc_PhLAM/NO_HOPG/data/vaspdata.Ei.0.1.Ts.100.NO.rand.zpe/vasprun-81.xml
78,744,1,/Users/samuel/Desktop/postdoc_PhLAM/NO_HOPG/data/vaspdata.Ei.0.1.Ts.100.NO.rand.zpe/vasprun-81.xml
78,767,1,/Users/samuel/Desktop/postdoc_PhLAM/NO_HOPG/data/vaspdata.Ei.0.1.Ts.100.NO.rand.zpe/vasprun-81.xml
78,860,1,/Users/samuel/Desktop/postdoc_PhLAM/NO_HOPG/data/vaspdata.Ei.0.1.Ts.100.NO.rand.zpe/vasprun-81.xml
78,916,1,/Users/samuel/Desktop/postdoc_PhLAM/NO_HOPG/data/vaspdata.Ei.0.1.Ts.100.NO.rand.zpe/vasprun-81.xml
78,945,1,/Users/samuel/Desktop/postdoc_PhLAM/NO_HOPG/data/vaspdata.Ei.0.1.Ts.100.NO.rand.zpe/vasprun-81.xml
78,960,1,/Users/samuel/Desktop/postdoc_PhLAM/NO_HOPG/data/vaspdata.Ei.0.1.Ts.100.NO.rand.zpe/vasprun-81.xml
78,1177,1,/Users/samuel/Desktop/postdoc_PhLAM/NO_HOPG/data/vaspdata.Ei.0.1.Ts.100.NO.rand.zpe/vasprun-81.xml
78,1190,1,/Users/samuel/Desktop/postdoc_PhLAM/NO_HOPG/data/vaspdata.Ei.0.1.Ts.100.NO.rand.zpe/vasprun-81.xml
79,158,1,/Users/samuel/Desktop/postdoc_PhLAM/NO_HOPG/data/vaspdata.Ei.0.1.Ts.100.NO.rand.zpe/vasprun-82.xml
79,370,1,/Users/samuel/Desktop/postdoc_PhLAM/NO_HOPG/data/vaspdata.Ei.0.1.Ts.100.NO.rand.zpe/vasprun-82.xml
79,577,1,/Users/samuel/Desktop/postdoc_PhLAM/NO_HOPG/data/vaspdata.Ei.0.1.Ts.100.NO.rand.zpe/vasprun-82.xml
79,744,1,/Users/samuel/Desktop/postdoc_PhLAM/NO_HOPG/data/vaspdata.Ei.0.1.Ts.100.NO.rand.zpe/vasprun-82.xml
79,984,1,/Users/samuel/Desktop/postdoc_PhLAM/NO_HOPG/data/vaspdata.Ei.0.1.Ts.100.NO.rand.zpe/vasprun-82.xml
80,540,1,/Users/samuel/Desktop/postdoc_PhLAM/NO_HOPG/data/vaspdata.Ei.0.1.Ts.100.NO.rand.zpe/vasprun-83.xml
80,597,1,/Users/samuel/Desktop/postdoc_PhLAM/NO_HOPG/data/vaspdata.Ei.0.1.Ts.100.NO.rand.zpe/vasprun-83.xml
80,611,1,/Users/samuel/Desktop/postdoc_PhLAM/NO_HOPG/data/vaspdata.Ei.0.1.Ts.100.NO.rand.zpe/vasprun-83.xml
80,791,1,/Users/samuel/Desktop/postdoc_PhLAM/NO_HOPG/data/vaspdata.Ei.0.1.Ts.100.NO.rand.zpe/vasprun-83.xml
80,1033,1,/Users/samuel/Desktop/postdoc_PhLAM/NO_HOPG/data/vaspdata.Ei.0.1.Ts.100.NO.rand.zpe/vasprun-83.xml
80,1046,1,/Users/samuel/Desktop/postdoc_PhLAM/NO_HOPG/data/vaspdata.Ei.0.1.Ts.100.NO.rand.zpe/vasprun-83.xml
80,1109,1,/Users/samuel/Desktop/postdoc_PhLAM/NO_HOPG/data/vaspdata.Ei.0.1.Ts.100.NO.rand.zpe/vasprun-83.xml
81,435,1,/Users/samuel/Desktop/postdoc_PhLAM/NO_HOPG/data/vaspdata.Ei.0.1.Ts.100.NO.rand.zpe/vasprun-84.xml
81,456,1,/Users/samuel/Desktop/postdoc_PhLAM/NO_HOPG/data/vaspdata.Ei.0.1.Ts.100.NO.rand.zpe/vasprun-84.xml
81,530,1,/Users/samuel/Desktop/postdoc_PhLAM/NO_HOPG/data/vaspdata.Ei.0.1.Ts.100.NO.rand.zpe/vasprun-84.xml
81,534,1,/Users/samuel/Desktop/postdoc_PhLAM/NO_HOPG/data/vaspdata.Ei.0.1.Ts.100.NO.rand.zpe/vasprun-84.xml
81,841,1,/Users/samuel/Desktop/postdoc_PhLAM/NO_HOPG/data/vaspdata.Ei.0.1.Ts.100.NO.rand.zpe/vasprun-84.xml
81,1163,1,/Users/samuel/Desktop/postdoc_PhLAM/NO_HOPG/data/vaspdata.Ei.0.1.Ts.100.NO.rand.zpe/vasprun-84.xml
82,581,1,/Users/samuel/Desktop/postdoc_PhLAM/NO_HOPG/data/vaspdata.Ei.0.1.Ts.100.NO.rand.zpe/vasprun-85.xml
82,647,1,/Users/samuel/Desktop/postdoc_PhLAM/NO_HOPG/data/vaspdata.Ei.0.1.Ts.100.NO.rand.zpe/vasprun-85.xml
83,442,1,/Users/samuel/Desktop/postdoc_PhLAM/NO_HOPG/data/vaspdata.Ei.0.1.Ts.100.NO.rand.zpe/vasprun-86.xml
83,534,1,/Users/samuel/Desktop/postdoc_PhLAM/NO_HOPG/data/vaspdata.Ei.0.1.Ts.100.NO.rand.zpe/vasprun-86.xml
83,610,1,/Users/samuel/Desktop/postdoc_PhLAM/NO_HOPG/data/vaspdata.Ei.0.1.Ts.100.NO.rand.zpe/vasprun-86.xml
83,752,1,/Users/samuel/Desktop/postdoc_PhLAM/NO_HOPG/data/vaspdata.Ei.0.1.Ts.100.NO.rand.zpe/vasprun-86.xml
84,283,1,/Users/samuel/Desktop/postdoc_PhLAM/NO_HOPG/data/vaspdata.Ei.0.1.Ts.100.NO.rand.zpe/vasprun-87.xml
84,300,1,/Users/samuel/Desktop/postdoc_PhLAM/NO_HOPG/data/vaspdata.Ei.0.1.Ts.100.NO.rand.zpe/vasprun-87.xml
84,548,1,/Users/samuel/Desktop/postdoc_PhLAM/NO_HOPG/data/vaspdata.Ei.0.1.Ts.100.NO.rand.zpe/vasprun-87.xml
84,549,1,/Users/samuel/Desktop/postdoc_PhLAM/NO_HOPG/data/vaspdata.Ei.0.1.Ts.100.NO.rand.zpe/vasprun-87.xml
84,551,2,/Users/samuel/Desktop/postdoc_PhLAM/NO_HOPG/data/vaspdata.Ei.0.1.Ts.100.NO.rand.zpe/vasprun-87.xml
84,557,1,/Users/samuel/Desktop/postdoc_PhLAM/NO_HOPG/data/vaspdata.Ei.0.1.Ts.100.NO.rand.zpe/vasprun-87.xml
84,560,1,/Users/samuel/Desktop/postdoc_PhLAM/NO_HOPG/data/vaspdata.Ei.0.1.Ts.100.NO.rand.zpe/vasprun-87.xml
84,566,1,/Users/samuel/Desktop/postdoc_PhLAM/NO_HOPG/data/vaspdata.Ei.0.1.Ts.100.NO.rand.zpe/vasprun-87.xml
84,576,1,/Users/samuel/Desktop/postdoc_PhLAM/NO_HOPG/data/vaspdata.Ei.0.1.Ts.100.NO.rand.zpe/vasprun-87.xml
84,765,1,/Users/samuel/Desktop/postdoc_PhLAM/NO_HOPG/data/vaspdata.Ei.0.1.Ts.100.NO.rand.zpe/vasprun-87.xml
85,754,1,/Users/samuel/Desktop/postdoc_PhLAM/NO_HOPG/data/vaspdata.Ei.0.1.Ts.100.NO.rand.zpe/vasprun-88.xml
85,1065,1,/Users/samuel/Desktop/postdoc_PhLAM/NO_HOPG/data/vaspdata.Ei.0.1.Ts.100.NO.rand.zpe/vasprun-88.xml
85,1187,1,/Users/samuel/Desktop/postdoc_PhLAM/NO_HOPG/data/vaspdata.Ei.0.1.Ts.100.NO.rand.zpe/vasprun-88.xml
86,467,1,/Users/samuel/Desktop/postdoc_PhLAM/NO_HOPG/data/vaspdata.Ei.0.1.Ts.100.NO.rand.zpe/vasprun-89.xml
86,773,1,/Users/samuel/Desktop/postdoc_PhLAM/NO_HOPG/data/vaspdata.Ei.0.1.Ts.100.NO.rand.zpe/vasprun-89.xml
86,827,1,/Users/samuel/Desktop/postdoc_PhLAM/NO_HOPG/data/vaspdata.Ei.0.1.Ts.100.NO.rand.zpe/vasprun-89.xml
86,839,1,/Users/samuel/Desktop/postdoc_PhLAM/NO_HOPG/data/vaspdata.Ei.0.1.Ts.100.NO.rand.zpe/vasprun-89.xml
86,1176,1,/Users/samuel/Desktop/postdoc_PhLAM/NO_HOPG/data/vaspdata.Ei.0.1.Ts.100.NO.rand.zpe/vasprun-89.xml
87,452,1,/Users/samuel/Desktop/postdoc_PhLAM/NO_HOPG/data/vaspdata.Ei.0.1.Ts.100.NO.rand.zpe/vasprun-9.xml
87,702,1,/Users/samuel/Desktop/postdoc_PhLAM/NO_HOPG/data/vaspdata.Ei.0.1.Ts.100.NO.rand.zpe/vasprun-9.xml
87,945,1,/Users/samuel/Desktop/postdoc_PhLAM/NO_HOPG/data/vaspdata.Ei.0.1.Ts.100.NO.rand.zpe/vasprun-9.xml
88,174,1,/Users/samuel/Desktop/postdoc_PhLAM/NO_HOPG/data/vaspdata.Ei.0.1.Ts.100.NO.rand.zpe/vasprun-90.xml
88,266,1,/Users/samuel/Desktop/postdoc_PhLAM/NO_HOPG/data/vaspdata.Ei.0.1.Ts.100.NO.rand.zpe/vasprun-90.xml
88,624,1,/Users/samuel/Desktop/postdoc_PhLAM/NO_HOPG/data/vaspdata.Ei.0.1.Ts.100.NO.rand.zpe/vasprun-90.xml
88,692,1,/Users/samuel/Desktop/postdoc_PhLAM/NO_HOPG/data/vaspdata.Ei.0.1.Ts.100.NO.rand.zpe/vasprun-90.xml
88,697,1,/Users/samuel/Desktop/postdoc_PhLAM/NO_HOPG/data/vaspdata.Ei.0.1.Ts.100.NO.rand.zpe/vasprun-90.xml
88,701,1,/Users/samuel/Desktop/postdoc_PhLAM/NO_HOPG/data/vaspdata.Ei.0.1.Ts.100.NO.rand.zpe/vasprun-90.xml
88,718,1,/Users/samuel/Desktop/postdoc_PhLAM/NO_HOPG/data/vaspdata.Ei.0.1.Ts.100.NO.rand.zpe/vasprun-90.xml
88,786,1,/Users/samuel/Desktop/postdoc_PhLAM/NO_HOPG/data/vaspdata.Ei.0.1.Ts.100.NO.rand.zpe/vasprun-90.xml
88,1020,1,/Users/samuel/Desktop/postdoc_PhLAM/NO_HOPG/data/vaspdata.Ei.0.1.Ts.100.NO.rand.zpe/vasprun-90.xml
88,1054,1,/Users/samuel/Desktop/postdoc_PhLAM/NO_HOPG/data/vaspdata.Ei.0.1.Ts.100.NO.rand.zpe/vasprun-90.xml
88,1097,1,/Users/samuel/Desktop/postdoc_PhLAM/NO_HOPG/data/vaspdata.Ei.0.1.Ts.100.NO.rand.zpe/vasprun-90.xml
89,243,1,/Users/samuel/Desktop/postdoc_PhLAM/NO_HOPG/data/vaspdata.Ei.0.1.Ts.100.NO.rand.zpe/vasprun-91.xml
89,339,1,/Users/samuel/Desktop/postdoc_PhLAM/NO_HOPG/data/vaspdata.Ei.0.1.Ts.100.NO.rand.zpe/vasprun-91.xml
89,371,1,/Users/samuel/Desktop/postdoc_PhLAM/NO_HOPG/data/vaspdata.Ei.0.1.Ts.100.NO.rand.zpe/vasprun-91.xml
89,456,1,/Users/samuel/Desktop/postdoc_PhLAM/NO_HOPG/data/vaspdata.Ei.0.1.Ts.100.NO.rand.zpe/vasprun-91.xml
89,515,1,/Users/samuel/Desktop/postdoc_PhLAM/NO_HOPG/data/vaspdata.Ei.0.1.Ts.100.NO.rand.zpe/vasprun-91.xml
89,635,1,/Users/samuel/Desktop/postdoc_PhLAM/NO_HOPG/data/vaspdata.Ei.0.1.Ts.100.NO.rand.zpe/vasprun-91.xml
89,1039,1,/Users/samuel/Desktop/postdoc_PhLAM/NO_HOPG/data/vaspdata.Ei.0.1.Ts.100.NO.rand.zpe/vasprun-91.xml
90,54,1,/Users/samuel/Desktop/postdoc_PhLAM/NO_HOPG/data/vaspdata.Ei.0.1.Ts.100.NO.rand.zpe/vasprun-92.xml
91,495,1,/Users/samuel/Desktop/postdoc_PhLAM/NO_HOPG/data/vaspdata.Ei.0.1.Ts.100.NO.rand.zpe/vasprun-93.xml
91,510,1,/Users/samuel/Desktop/postdoc_PhLAM/NO_HOPG/data/vaspdata.Ei.0.1.Ts.100.NO.rand.zpe/vasprun-93.xml
91,772,1,/Users/samuel/Desktop/postdoc_PhLAM/NO_HOPG/data/vaspdata.Ei.0.1.Ts.100.NO.rand.zpe/vasprun-93.xml
91,806,1,/Users/samuel/Desktop/postdoc_PhLAM/NO_HOPG/data/vaspdata.Ei.0.1.Ts.100.NO.rand.zpe/vasprun-93.xml
92,195,1,/Users/samuel/Desktop/postdoc_PhLAM/NO_HOPG/data/vaspdata.Ei.0.1.Ts.100.NO.rand.zpe/vasprun-95.xml
92,210,1,/Users/samuel/Desktop/postdoc_PhLAM/NO_HOPG/data/vaspdata.Ei.0.1.Ts.100.NO.rand.zpe/vasprun-95.xml
92,213,1,/Users/samuel/Desktop/postdoc_PhLAM/NO_HOPG/data/vaspdata.Ei.0.1.Ts.100.NO.rand.zpe/vasprun-95.xml
92,307,1,/Users/samuel/Desktop/postdoc_PhLAM/NO_HOPG/data/vaspdata.Ei.0.1.Ts.100.NO.rand.zpe/vasprun-95.xml
92,320,1,/Users/samuel/Desktop/postdoc_PhLAM/NO_HOPG/data/vaspdata.Ei.0.1.Ts.100.NO.rand.zpe/vasprun-95.xml
92,388,1,/Users/samuel/Desktop/postdoc_PhLAM/NO_HOPG/data/vaspdata.Ei.0.1.Ts.100.NO.rand.zpe/vasprun-95.xml
92,397,1,/Users/samuel/Desktop/postdoc_PhLAM/NO_HOPG/data/vaspdata.Ei.0.1.Ts.100.NO.rand.zpe/vasprun-95.xml
92,398,1,/Users/samuel/Desktop/postdoc_PhLAM/NO_HOPG/data/vaspdata.Ei.0.1.Ts.100.NO.rand.zpe/vasprun-95.xml
92,402,1,/Users/samuel/Desktop/postdoc_PhLAM/NO_HOPG/data/vaspdata.Ei.0.1.Ts.100.NO.rand.zpe/vasprun-95.xml
92,416,1,/Users/samuel/Desktop/postdoc_PhLAM/NO_HOPG/data/vaspdata.Ei.0.1.Ts.100.NO.rand.zpe/vasprun-95.xml
92,422,1,/Users/samuel/Desktop/postdoc_PhLAM/NO_HOPG/data/vaspdata.Ei.0.1.Ts.100.NO.rand.zpe/vasprun-95.xml
92,427,1,/Users/samuel/Desktop/postdoc_PhLAM/NO_HOPG/data/vaspdata.Ei.0.1.Ts.100.NO.rand.zpe/vasprun-95.xml
92,482,1,/Users/samuel/Desktop/postdoc_PhLAM/NO_HOPG/data/vaspdata.Ei.0.1.Ts.100.NO.rand.zpe/vasprun-95.xml
92,491,1,/Users/samuel/Desktop/postdoc_PhLAM/NO_HOPG/data/vaspdata.Ei.0.1.Ts.100.NO.rand.zpe/vasprun-95.xml
92,677,1,/Users/samuel/Desktop/postdoc_PhLAM/NO_HOPG/data/vaspdata.Ei.0.1.Ts.100.NO.rand.zpe/vasprun-95.xml
92,692,1,/Users/samuel/Desktop/postdoc_PhLAM/NO_HOPG/data/vaspdata.Ei.0.1.Ts.100.NO.rand.zpe/vasprun-95.xml
92,1059,1,/Users/samuel/Desktop/postdoc_PhLAM/NO_HOPG/data/vaspdata.Ei.0.1.Ts.100.NO.rand.zpe/vasprun-95.xml
92,1066,1,/Users/samuel/Desktop/postdoc_PhLAM/NO_HOPG/data/vaspdata.Ei.0.1.Ts.100.NO.rand.zpe/vasprun-95.xml
92,1083,1,/Users/samuel/Desktop/postdoc_PhLAM/NO_HOPG/data/vaspdata.Ei.0.1.Ts.100.NO.rand.zpe/vasprun-95.xml
92,1104,1,/Users/samuel/Desktop/postdoc_PhLAM/NO_HOPG/data/vaspdata.Ei.0.1.Ts.100.NO.rand.zpe/vasprun-95.xml
92,1118,1,/Users/samuel/Desktop/postdoc_PhLAM/NO_HOPG/data/vaspdata.Ei.0.1.Ts.100.NO.rand.zpe/vasprun-95.xml
92,1119,1,/Users/samuel/Desktop/postdoc_PhLAM/NO_HOPG/data/vaspdata.Ei.0.1.Ts.100.NO.rand.zpe/vasprun-95.xml
92,1122,1,/Users/samuel/Desktop/postdoc_PhLAM/NO_HOPG/data/vaspdata.Ei.0.1.Ts.100.NO.rand.zpe/vasprun-95.xml
92,1134,1,/Users/samuel/Desktop/postdoc_PhLAM/NO_HOPG/data/vaspdata.Ei.0.1.Ts.100.NO.rand.zpe/vasprun-95.xml
93,431,1,/Users/samuel/Desktop/postdoc_PhLAM/NO_HOPG/data/vaspdata.Ei.0.1.Ts.100.NO.rand.zpe/vasprun-96.xml
93,511,1,/Users/samuel/Desktop/postdoc_PhLAM/NO_HOPG/data/vaspdata.Ei.0.1.Ts.100.NO.rand.zpe/vasprun-96.xml
93,529,1,/Users/samuel/Desktop/postdoc_PhLAM/NO_HOPG/data/vaspdata.Ei.0.1.Ts.100.NO.rand.zpe/vasprun-96.xml
93,538,1,/Users/samuel/Desktop/postdoc_PhLAM/NO_HOPG/data/vaspdata.Ei.0.1.Ts.100.NO.rand.zpe/vasprun-96.xml
93,544,1,/Users/samuel/Desktop/postdoc_PhLAM/NO_HOPG/data/vaspdata.Ei.0.1.Ts.100.NO.rand.zpe/vasprun-96.xml
93,718,1,/Users/samuel/Desktop/postdoc_PhLAM/NO_HOPG/data/vaspdata.Ei.0.1.Ts.100.NO.rand.zpe/vasprun-96.xml
93,733,1,/Users/samuel/Desktop/postdoc_PhLAM/NO_HOPG/data/vaspdata.Ei.0.1.Ts.100.NO.rand.zpe/vasprun-96.xml
93,736,1,/Users/samuel/Desktop/postdoc_PhLAM/NO_HOPG/data/vaspdata.Ei.0.1.Ts.100.NO.rand.zpe/vasprun-96.xml
93,794,1,/Users/samuel/Desktop/postdoc_PhLAM/NO_HOPG/data/vaspdata.Ei.0.1.Ts.100.NO.rand.zpe/vasprun-96.xml
95,210,1,/Users/samuel/Desktop/postdoc_PhLAM/NO_HOPG/data/vaspdata.Ei.0.1.Ts.100.NO.rand.zpe/vasprun-98.xml
95,336,1,/Users/samuel/Desktop/postdoc_PhLAM/NO_HOPG/data/vaspdata.Ei.0.1.Ts.100.NO.rand.zpe/vasprun-98.xml
95,470,1,/Users/samuel/Desktop/postdoc_PhLAM/NO_HOPG/data/vaspdata.Ei.0.1.Ts.100.NO.rand.zpe/vasprun-98.xml
95,472,1,/Users/samuel/Desktop/postdoc_PhLAM/NO_HOPG/data/vaspdata.Ei.0.1.Ts.100.NO.rand.zpe/vasprun-98.xml
95,478,1,/Users/samuel/Desktop/postdoc_PhLAM/NO_HOPG/data/vaspdata.Ei.0.1.Ts.100.NO.rand.zpe/vasprun-98.xml
95,480,1,/Users/samuel/Desktop/postdoc_PhLAM/NO_HOPG/data/vaspdata.Ei.0.1.Ts.100.NO.rand.zpe/vasprun-98.xml
95,486,1,/Users/samuel/Desktop/postdoc_PhLAM/NO_HOPG/data/vaspdata.Ei.0.1.Ts.100.NO.rand.zpe/vasprun-98.xml
95,496,1,/Users/samuel/Desktop/postdoc_PhLAM/NO_HOPG/data/vaspdata.Ei.0.1.Ts.100.NO.rand.zpe/vasprun-98.xml
95,499,1,/Users/samuel/Desktop/postdoc_PhLAM/NO_HOPG/data/vaspdata.Ei.0.1.Ts.100.NO.rand.zpe/vasprun-98.xml
95,509,1,/Users/samuel/Desktop/postdoc_PhLAM/NO_HOPG/data/vaspdata.Ei.0.1.Ts.100.NO.rand.zpe/vasprun-98.xml
95,513,1,/Users/samuel/Desktop/postdoc_PhLAM/NO_HOPG/data/vaspdata.Ei.0.1.Ts.100.NO.rand.zpe/vasprun-98.xml
95,517,1,/Users/samuel/Desktop/postdoc_PhLAM/NO_HOPG/data/vaspdata.Ei.0.1.Ts.100.NO.rand.zpe/vasprun-98.xml
95,520,1,/Users/samuel/Desktop/postdoc_PhLAM/NO_HOPG/data/vaspdata.Ei.0.1.Ts.100.NO.rand.zpe/vasprun-98.xml
95,730,1,/Users/samuel/Desktop/postdoc_PhLAM/NO_HOPG/data/vaspdata.Ei.0.1.Ts.100.NO.rand.zpe/vasprun-98.xml
95,834,1,/Users/samuel/Desktop/postdoc_PhLAM/NO_HOPG/data/vaspdata.Ei.0.1.Ts.100.NO.rand.zpe/vasprun-98.xml
95,1142,1,/Users/samuel/Desktop/postdoc_PhLAM/NO_HOPG/data/vaspdata.Ei.0.1.Ts.100.NO.rand.zpe/vasprun-98.xml
95,1154,1,/Users/samuel/Desktop/postdoc_PhLAM/NO_HOPG/data/vaspdata.Ei.0.1.Ts.100.NO.rand.zpe/vasprun-98.xml
96,551,1,/Users/samuel/Desktop/postdoc_PhLAM/NO_HOPG/data/vaspdata.Ei.0.1.Ts.100.NO.rand.zpe/vasprun-99.xml
96,552,1,/Users/samuel/Desktop/postdoc_PhLAM/NO_HOPG/data/vaspdata.Ei.0.1.Ts.100.NO.rand.zpe/vasprun-99.xml
96,574,1,/Users/samuel/Desktop/postdoc_PhLAM/NO_HOPG/data/vaspdata.Ei.0.1.Ts.100.NO.rand.zpe/vasprun-99.xml
96,798,1,/Users/samuel/Desktop/postdoc_PhLAM/NO_HOPG/data/vaspdata.Ei.0.1.Ts.100.NO.rand.zpe/vasprun-99.xml
96,860,1,/Users/samuel/Desktop/postdoc_PhLAM/NO_HOPG/data/vaspdata.Ei.0.1.Ts.100.NO.rand.zpe/vasprun-99.xml
96,990,1,/Users/samuel/Desktop/postdoc_PhLAM/NO_HOPG/data/vaspdata.Ei.0.1.Ts.100.NO.rand.zpe/vasprun-99.xml
96,1117,1,/Users/samuel/Desktop/postdoc_PhLAM/NO_HOPG/data/vaspdata.Ei.0.1.Ts.100.NO.rand.zpe/vasprun-99.xml
96,1131,1,/Users/samuel/Desktop/postdoc_PhLAM/NO_HOPG/data/vaspdata.Ei.0.1.Ts.100.NO.rand.zpe/vasprun-99.xml
96,1175,1,/Users/samuel/Desktop/postdoc_PhLAM/NO_HOPG/data/vaspdata.Ei.0.1.Ts.100.NO.rand.zpe/vasprun-99.xml
